graph_type,graph_size,avg_degree,distribution,tau,run,seed,algorithm,execution_time_ms,peak_memory_bytes,nodes_explored,edges_examined,edges_relaxed,max_pq_size,path_cost,path_probability,path_length,path_found,optimality_gap_pct
erdos_renyi,1000,2,uniform,0,1,2072335864,baseline,1.0338,83744,758,1468,1468,166,15.717167,1.493e-07,11,1,0.0
erdos_renyi,1000,2,uniform,0.001,1,2072335864,pruned,0.1471,4680,65,113,64,18,inf,0.0,0,0,100.0
erdos_renyi,1000,2,uniform,0.01,1,2072335864,pruned,0.0217,1536,16,23,15,4,inf,0.0,0,0,100.0
erdos_renyi,1000,2,uniform,0.05,1,2072335864,pruned,0.0113,1104,9,12,8,4,inf,0.0,0,0,100.0
erdos_renyi,1000,2,uniform,0.1,1,2072335864,pruned,0.0087,1072,7,7,6,3,inf,0.0,0,0,100.0
erdos_renyi,1000,2,uniform,0.5,1,2072335864,pruned,0.0057,624,4,7,3,1,inf,0.0,0,0,100.0
erdos_renyi,1000,2,uniform,0,2,364748943,baseline,0.7322,43216,517,1034,1034,169,8.803448,0.0001502143,10,1,0.0
erdos_renyi,1000,2,uniform,0.001,2,364748943,pruned,0.3593,21360,271,545,314,88,inf,0.0,0,0,100.0
erdos_renyi,1000,2,uniform,0.01,2,364748943,pruned,0.1028,5272,84,159,86,29,inf,0.0,0,0,100.0
erdos_renyi,1000,2,uniform,0.05,2,364748943,pruned,0.0246,1400,20,42,19,9,inf,0.0,0,0,100.0
erdos_renyi,1000,2,uniform,0.1,2,364748943,pruned,0.0156,1384,12,31,11,6,inf,0.0,0,0,100.0
erdos_renyi,1000,2,uniform,0.5,2,364748943,pruned,0.0115,400,1,4,0,1,inf,0.0,0,0,100.0
erdos_renyi,1000,2,uniform,0,3,3240482915,baseline,0.5213,41960,355,711,711,192,7.758489,0.0004271015,8,1,0.0
erdos_renyi,1000,2,uniform,0.001,3,3240482915,pruned,0.2666,21296,236,485,264,78,inf,0.0,0,0,100.0
erdos_renyi,1000,2,uniform,0.01,3,3240482915,pruned,0.0617,4272,54,123,54,19,inf,0.0,0,0,100.0
erdos_renyi,1000,2,uniform,0.05,3,3240482915,pruned,0.0192,1344,16,38,15,10,inf,0.0,0,0,100.0
erdos_renyi,1000,2,uniform,0.1,3,3240482915,pruned,0.0119,776,9,23,8,4,inf,0.0,0,0,100.0
erdos_renyi,1000,2,uniform,0.5,3,3240482915,pruned,0.0033,360,2,5,1,1,inf,0.0,0,0,100.0
erdos_renyi,1000,2,uniform,0,4,456687785,baseline,0.7172,42280,221,461,461,156,7.033627,0.0008817281,11,1,0.0
erdos_renyi,1000,2,uniform,0.001,4,456687785,pruned,0.5506,21304,213,453,244,80,inf,0.0,0,0,100.0
erdos_renyi,1000,2,uniform,0.01,4,456687785,pruned,0.1174,4240,49,114,51,16,inf,0.0,0,0,100.0
erdos_renyi,1000,2,uniform,0.05,4,456687785,pruned,0.0403,1344,17,32,18,6,inf,0.0,0,0,100.0
erdos_renyi,1000,2,uniform,0.1,4,456687785,pruned,0.0281,1344,12,21,13,6,inf,0.0,0,0,100.0
erdos_renyi,1000,2,uniform,0.5,4,456687785,pruned,0.0054,360,1,4,0,1,inf,0.0,0,0,100.0
erdos_renyi,1000,2,uniform,0,5,4036756973,baseline,0.0243,392,3,3,3,2,0.080117,0.9230086525,3,1,0.0
erdos_renyi,1000,2,uniform,0.001,5,4036756973,pruned,0.013,392,3,3,3,2,0.080117,0.9230086525,3,1,0.0
erdos_renyi,1000,2,uniform,0.01,5,4036756973,pruned,0.01,392,3,3,3,2,0.080117,0.9230086525,3,1,0.0
erdos_renyi,1000,2,uniform,0.05,5,4036756973,pruned,0.0082,392,3,3,3,2,0.080117,0.9230086525,3,1,0.0
erdos_renyi,1000,2,uniform,0.1,5,4036756973,pruned,0.0067,360,3,3,2,1,0.080117,0.9230086525,3,1,0.0
erdos_renyi,1000,2,uniform,0.5,5,4036756973,pruned,0.007,360,3,3,2,1,0.080117,0.9230086525,3,1,0.0
erdos_renyi,1000,2,uniform,0,6,2335472317,baseline,0.4304,41960,292,583,583,170,7.292781,0.0006804331,14,1,0.0
erdos_renyi,1000,2,uniform,0.001,6,2335472317,pruned,0.2933,21152,238,488,272,73,inf,0.0,0,0,100.0
erdos_renyi,1000,2,uniform,0.01,6,2335472317,pruned,0.0735,4416,66,121,71,20,inf,0.0,0,0,100.0
erdos_renyi,1000,2,uniform,0.05,6,2335472317,pruned,0.028,2216,25,48,24,10,inf,0.0,0,0,100.0
erdos_renyi,1000,2,uniform,0.1,6,2335472317,pruned,0.015,1192,13,30,12,4,inf,0.0,0,0,100.0
erdos_renyi,1000,2,uniform,0.5,6,2335472317,pruned,0.0063,360,5,10,4,1,inf,0.0,0,0,100.0
erdos_renyi,1000,2,uniform,0,7,1258046934,baseline,0.5898,41960,390,818,818,196,7.184236,0.0007584479,10,1,0.0
erdos_renyi,1000,2,uniform,0.001,7,1258046934,pruned,0.4051,22112,339,713,415,102,inf,0.0,0,0,100.0
erdos_renyi,1000,2,uniform,0.01,7,1258046934,pruned,0.1,8296,86,179,91,34,inf,0.0,0,0,100.0
erdos_renyi,1000,2,uniform,0.05,7,1258046934,pruned,0.0312,2152,25,58,24,10,inf,0.0,0,0,100.0
erdos_renyi,1000,2,uniform,0.1,7,1258046934,pruned,0.043,656,9,26,8,5,inf,0.0,0,0,100.0
erdos_renyi,1000,2,uniform,0.5,7,1258046934,pruned,0.0189,360,2,7,1,1,inf,0.0,0,0,100.0
erdos_renyi,1000,2,uniform,0,8,815125888,baseline,0.875,83496,613,1244,1244,205,8.538952,0.0001956953,11,1,0.0
erdos_renyi,1000,2,uniform,0.001,8,815125888,pruned,0.4634,42272,369,763,456,134,inf,0.0,0,0,100.0
erdos_renyi,1000,2,uniform,0.01,8,815125888,pruned,0.0875,4840,79,185,78,32,inf,0.0,0,0,100.0
erdos_renyi,1000,2,uniform,0.05,8,815125888,pruned,0.02,1224,16,40,15,7,inf,0.0,0,0,100.0
erdos_renyi,1000,2,uniform,0.1,8,815125888,pruned,0.0135,1000,11,27,10,6,inf,0.0,0,0,100.0
erdos_renyi,1000,2,uniform,0.5,8,815125888,pruned,0.0042,360,3,8,2,1,inf,0.0,0,0,100.0
erdos_renyi,1000,2,uniform,0,9,791409859,baseline,0.9688,83384,720,1443,1443,189,11.749374,7.8943e-06,16,1,0.0
erdos_renyi,1000,2,uniform,0.001,9,791409859,pruned,0.2355,21056,209,439,230,66,inf,0.0,0,0,100.0
erdos_renyi,1000,2,uniform,0.01,9,791409859,pruned,0.0584,4152,53,101,54,18,inf,0.0,0,0,100.0
erdos_renyi,1000,2,uniform,0.05,9,791409859,pruned,0.0217,1224,19,36,18,10,inf,0.0,0,0,100.0
erdos_renyi,1000,2,uniform,0.1,9,791409859,pruned,0.0155,1224,13,27,12,5,inf,0.0,0,0,100.0
erdos_renyi,1000,2,uniform,0.5,9,791409859,pruned,0.0039,360,2,8,1,1,inf,0.0,0,0,100.0
erdos_renyi,1000,2,uniform,0,10,2971836404,baseline,0.9355,83088,678,1329,1329,164,13.12178,2.0012e-06,18,1,0.0
erdos_renyi,1000,2,uniform,0.001,10,2971836404,pruned,0.1147,10496,101,189,103,28,inf,0.0,0,0,100.0
erdos_renyi,1000,2,uniform,0.01,10,2971836404,pruned,0.0283,2152,24,41,23,9,inf,0.0,0,0,100.0
erdos_renyi,1000,2,uniform,0.05,10,2971836404,pruned,0.0083,568,6,12,5,2,inf,0.0,0,0,100.0
erdos_renyi,1000,2,uniform,0.1,10,2971836404,pruned,0.0053,360,4,8,3,2,inf,0.0,0,0,100.0
erdos_renyi,1000,2,uniform,0.5,10,2971836404,pruned,0.0031,360,2,2,1,1,inf,0.0,0,0,100.0
erdos_renyi,1000,2,power_law,0,1,2536762829,baseline,0.0362,720,4,8,8,6,0.962926,0.3817741641,4,1,0.0
erdos_renyi,1000,2,power_law,0.001,1,2536762829,pruned,0.0227,720,4,8,8,6,0.962926,0.3817741641,4,1,0.0
erdos_renyi,1000,2,power_law,0.01,1,2536762829,pruned,0.0182,720,4,8,8,6,0.962926,0.3817741641,4,1,0.0
erdos_renyi,1000,2,power_law,0.05,1,2536762829,pruned,0.0159,600,4,8,5,3,0.962926,0.3817741641,4,1,0.0
erdos_renyi,1000,2,power_law,0.1,1,2536762829,pruned,0.0161,600,4,8,5,3,0.962926,0.3817741641,4,1,0.0
erdos_renyi,1000,2,power_law,0.5,1,2536762829,pruned,0.0114,360,3,8,2,1,inf,0.0,0,0,100.0
erdos_renyi,1000,2,power_law,0,2,411279104,baseline,0.0151,360,2,1,1,1,0.0,1.0,2,1,0.0
erdos_renyi,1000,2,power_law,0.001,2,411279104,pruned,0.0065,360,2,1,1,1,0.0,1.0,2,1,0.0
erdos_renyi,1000,2,power_law,0.01,2,411279104,pruned,0.0035,360,2,1,1,1,0.0,1.0,2,1,0.0
erdos_renyi,1000,2,power_law,0.05,2,411279104,pruned,0.0028,360,2,1,1,1,0.0,1.0,2,1,0.0
erdos_renyi,1000,2,power_law,0.1,2,411279104,pruned,0.0026,360,2,1,1,1,0.0,1.0,2,1,0.0
erdos_renyi,1000,2,power_law,0.5,2,411279104,pruned,0.0033,360,2,1,1,1,0.0,1.0,2,1,0.0
erdos_renyi,1000,2,power_law,0,3,857655365,baseline,2.0923,83632,735,1427,1427,178,15.853118,1.303e-07,22,1,0.0
erdos_renyi,1000,2,power_law,0.001,3,857655365,pruned,0.1081,4384,65,100,66,14,inf,0.0,0,0,100.0
erdos_renyi,1000,2,power_law,0.01,3,857655365,pruned,0.0256,2152,24,36,23,5,inf,0.0,0,0,100.0
erdos_renyi,1000,2,power_law,0.05,3,857655365,pruned,0.0147,1192,15,19,14,4,inf,0.0,0,0,100.0
erdos_renyi,1000,2,power_law,0.1,3,857655365,pruned,0.011,968,11,15,10,2,inf,0.0,0,0,100.0
erdos_renyi,1000,2,power_law,0.5,3,857655365,pruned,0.0077,656,7,7,6,1,inf,0.0,0,0,100.0
erdos_renyi,1000,2,power_law,0,4,1108269862,baseline,0.0109,360,2,1,1,1,0.0,1.0,2,1,0.0
erdos_renyi,1000,2,power_law,0.001,4,1108269862,pruned,0.0049,360,2,1,1,1,0.0,1.0,2,1,0.0
erdos_renyi,1000,2,power_law,0.01,4,1108269862,pruned,0.0036,360,2,1,1,1,0.0,1.0,2,1,0.0
erdos_renyi,1000,2,power_law,0.05,4,1108269862,pruned,0.003,360,2,1,1,1,0.0,1.0,2,1,0.0
erdos_renyi,1000,2,power_law,0.1,4,1108269862,pruned,0.0026,360,2,1,1,1,0.0,1.0,2,1,0.0
erdos_renyi,1000,2,power_law,0.5,4,1108269862,pruned,0.0024,360,2,1,1,1,0.0,1.0,2,1,0.0
erdos_renyi,1000,2,power_law,0,5,460074496,baseline,0.6455,41768,443,838,838,178,11.642479,8.7849e-06,11,1,0.0
erdos_renyi,1000,2,power_law,0.001,5,460074496,pruned,0.0571,4056,47,85,48,12,inf,0.0,0,0,100.0
erdos_renyi,1000,2,power_law,0.01,5,460074496,pruned,0.0173,1192,13,22,12,5,inf,0.0,0,0,100.0
erdos_renyi,1000,2,power_law,0.05,5,460074496,pruned,0.0082,656,7,8,6,4,inf,0.0,0,0,100.0
erdos_renyi,1000,2,power_law,0.1,5,460074496,pruned,0.0073,568,6,8,5,3,inf,0.0,0,0,100.0
erdos_renyi,1000,2,power_law,0.5,5,460074496,pruned,0.0041,360,3,5,2,1,inf,0.0,0,0,100.0
erdos_renyi,1000,2,power_law,0,6,175560299,baseline,0.0141,360,2,1,1,1,0.0,1.0,2,1,0.0
erdos_renyi,1000,2,power_law,0.001,6,175560299,pruned,0.0056,360,2,1,1,1,0.0,1.0,2,1,0.0
erdos_renyi,1000,2,power_law,0.01,6,175560299,pruned,0.0032,360,2,1,1,1,0.0,1.0,2,1,0.0
erdos_renyi,1000,2,power_law,0.05,6,175560299,pruned,0.0026,360,2,1,1,1,0.0,1.0,2,1,0.0
erdos_renyi,1000,2,power_law,0.1,6,175560299,pruned,0.0026,360,2,1,1,1,0.0,1.0,2,1,0.0
erdos_renyi,1000,2,power_law,0.5,6,175560299,pruned,0.0025,360,2,1,1,1,0.0,1.0,2,1,0.0
erdos_renyi,1000,2,power_law,0,7,2933033735,baseline,0.2079,21016,145,256,256,89,7.101012,0.0008242704,10,1,0.0
erdos_renyi,1000,2,power_law,0.001,7,2933033735,pruned,0.1383,10552,131,240,141,33,inf,0.0,0,0,100.0
erdos_renyi,1000,2,power_law,0.01,7,2933033735,pruned,0.0488,4120,47,78,48,17,inf,0.0,0,0,100.0
erdos_renyi,1000,2,power_law,0.05,7,2933033735,pruned,0.0182,1192,16,32,16,5,inf,0.0,0,0,100.0
erdos_renyi,1000,2,power_law,0.1,7,2933033735,pruned,0.0128,1192,12,20,11,4,inf,0.0,0,0,100.0
erdos_renyi,1000,2,power_law,0.5,7,2933033735,pruned,0.0027,360,1,4,0,1,inf,0.0,0,0,100.0
erdos_renyi,1000,2,power_law,0,8,964520772,baseline,0.0153,360,2,1,1,1,0.0,1.0,2,1,0.0
erdos_renyi,1000,2,power_law,0.001,8,964520772,pruned,0.0056,360,2,1,1,1,0.0,1.0,2,1,0.0
erdos_renyi,1000,2,power_law,0.01,8,964520772,pruned,0.0034,360,2,1,1,1,0.0,1.0,2,1,0.0
erdos_renyi,1000,2,power_law,0.05,8,964520772,pruned,0.0027,360,2,1,1,1,0.0,1.0,2,1,0.0
erdos_renyi,1000,2,power_law,0.1,8,964520772,pruned,0.0028,360,2,1,1,1,0.0,1.0,2,1,0.0
erdos_renyi,1000,2,power_law,0.5,8,964520772,pruned,0.0023,360,2,1,1,1,0.0,1.0,2,1,0.0
erdos_renyi,1000,2,power_law,0,9,2941497035,baseline,0.7996,41968,279,544,544,161,7.899784,0.0003708237,10,1,0.0
erdos_renyi,1000,2,power_law,0.001,9,2941497035,pruned,0.2106,20888,176,334,194,49,inf,0.0,0,0,100.0
erdos_renyi,1000,2,power_law,0.01,9,2941497035,pruned,0.079,4360,64,108,64,16,inf,0.0,0,0,100.0
erdos_renyi,1000,2,power_law,0.05,9,2941497035,pruned,0.0263,1784,22,35,21,7,inf,0.0,0,0,100.0
erdos_renyi,1000,2,power_law,0.1,9,2941497035,pruned,0.017,1224,13,22,12,6,inf,0.0,0,0,100.0
erdos_renyi,1000,2,power_law,0.5,9,2941497035,pruned,0.0051,360,3,9,2,1,inf,0.0,0,0,100.0
erdos_renyi,1000,2,power_law,0,10,1687843796,baseline,0.4433,42064,307,610,610,170,8.468091,0.0002100656,9,1,0.0
erdos_renyi,1000,2,power_law,0.001,10,1687843796,pruned,0.1725,10776,158,323,165,49,inf,0.0,0,0,100.0
erdos_renyi,1000,2,power_law,0.01,10,1687843796,pruned,0.0517,4056,45,82,45,10,inf,0.0,0,0,100.0
erdos_renyi,1000,2,power_law,0.05,10,1687843796,pruned,0.0215,1224,20,31,19,7,inf,0.0,0,0,100.0
erdos_renyi,1000,2,power_law,0.1,10,1687843796,pruned,0.0153,1192,15,22,14,4,inf,0.0,0,0,100.0
erdos_renyi,1000,2,power_law,0.5,10,1687843796,pruned,0.0033,360,2,4,1,1,inf,0.0,0,0,100.0
erdos_renyi,1000,5,uniform,0,1,2104417096,baseline,1.5151,85844,678,3326,3326,606,7.580998,0.000510052,7,1,0.0
erdos_renyi,1000,5,uniform,0.001,1,2104417096,pruned,0.8163,43116,486,2373,672,306,inf,0.0,0,0,100.0
erdos_renyi,1000,5,uniform,0.01,1,2104417096,pruned,0.1111,4712,72,354,71,45,inf,0.0,0,0,100.0
erdos_renyi,1000,5,uniform,0.05,1,2104417096,pruned,0.0278,1224,19,84,18,11,inf,0.0,0,0,100.0
erdos_renyi,1000,5,uniform,0.1,1,2104417096,pruned,0.0137,656,9,35,8,6,inf,0.0,0,0,100.0
erdos_renyi,1000,5,uniform,0.5,1,2104417096,pruned,0.0042,360,2,7,1,1,inf,0.0,0,0,100.0
erdos_renyi,1000,5,uniform,0,2,2114964447,baseline,1.1652,85988,438,2219,2219,664,6.786462,0.0011289563,8,1,0.0
erdos_renyi,1000,5,uniform,0.001,2,2114964447,pruned,0.7157,42852,438,2219,638,304,6.786462,0.0011289563,8,1,0.0
erdos_renyi,1000,5,uniform,0.01,2,2114964447,pruned,0.1144,4544,68,368,70,41,inf,0.0,0,0,100.0
erdos_renyi,1000,5,uniform,0.05,2,2114964447,pruned,0.0216,1224,12,57,11,8,inf,0.0,0,0,100.0
erdos_renyi,1000,5,uniform,0.1,2,2114964447,pruned,0.0114,656,7,33,6,3,inf,0.0,0,0,100.0
erdos_renyi,1000,5,uniform,0.5,2,2114964447,pruned,0.003,360,1,4,0,1,inf,0.0,0,0,100.0
erdos_renyi,1000,5,uniform,0,3,1273865028,baseline,1.7118,85772,600,3057,3057,633,7.326803,0.0006576731,6,1,0.0
erdos_renyi,1000,5,uniform,0.001,3,1273865028,pruned,0.8424,43164,466,2386,641,289,inf,0.0,0,0,100.0
erdos_renyi,1000,5,uniform,0.01,3,1273865028,pruned,0.093,4408,63,328,63,40,inf,0.0,0,0,100.0
erdos_renyi,1000,5,uniform,0.05,3,1273865028,pruned,0.0228,1224,15,73,14,10,inf,0.0,0,0,100.0
erdos_renyi,1000,5,uniform,0.1,3,1273865028,pruned,0.0115,656,7,35,6,4,inf,0.0,0,0,100.0
erdos_renyi,1000,5,uniform,0.5,3,1273865028,pruned,0.0031,360,1,6,0,1,inf,0.0,0,0,100.0
erdos_renyi,1000,5,uniform,0,4,616163260,baseline,1.8381,86060,742,3715,3715,647,7.699598,0.0004530091,7,1,0.0
erdos_renyi,1000,5,uniform,0.001,4,616163260,pruned,0.7841,42948,485,2432,639,294,inf,0.0,0,0,100.0
erdos_renyi,1000,5,uniform,0.01,4,616163260,pruned,0.2417,4784,73,361,75,46,inf,0.0,0,0,100.0
erdos_renyi,1000,5,uniform,0.05,4,616163260,pruned,0.0418,1224,12,67,11,8,inf,0.0,0,0,100.0
erdos_renyi,1000,5,uniform,0.1,4,616163260,pruned,0.0194,568,6,37,5,5,inf,0.0,0,0,100.0
erdos_renyi,1000,5,uniform,0.5,4,616163260,pruned,0.0057,360,1,7,0,1,inf,0.0,0,0,100.0
erdos_renyi,1000,5,uniform,0,5,928526930,baseline,2.127,85868,725,3586,3586,610,7.767212,0.0004233921,5,1,0.0
erdos_renyi,1000,5,uniform,0.001,5,928526930,pruned,0.7663,42896,475,2348,620,284,inf,0.0,0,0,100.0
erdos_renyi,1000,5,uniform,0.01,5,928526930,pruned,0.0923,4336,59,306,64,36,inf,0.0,0,0,100.0
erdos_renyi,1000,5,uniform,0.05,5,928526930,pruned,0.0209,1224,13,69,12,9,inf,0.0,0,0,100.0
erdos_renyi,1000,5,uniform,0.1,5,928526930,pruned,0.0105,568,6,33,5,4,inf,0.0,0,0,100.0
erdos_renyi,1000,5,uniform,0.5,5,928526930,pruned,0.0032,360,1,5,0,1,inf,0.0,0,0,100.0
erdos_renyi,1000,5,uniform,0,6,3384215199,baseline,1.6747,84764,756,3816,3816,594,7.918365,0.0003639971,7,1,0.0
erdos_renyi,1000,5,uniform,0.001,6,3384215199,pruned,0.8404,43040,471,2364,634,290,inf,0.0,0,0,100.0
erdos_renyi,1000,5,uniform,0.01,6,3384215199,pruned,0.0998,4456,64,304,66,40,inf,0.0,0,0,100.0
erdos_renyi,1000,5,uniform,0.05,6,3384215199,pruned,0.0237,1224,15,79,14,10,inf,0.0,0,0,100.0
erdos_renyi,1000,5,uniform,0.1,6,3384215199,pruned,0.0089,360,5,27,4,4,inf,0.0,0,0,100.0
erdos_renyi,1000,5,uniform,0.5,6,3384215199,pruned,0.0028,360,1,4,0,1,inf,0.0,0,0,100.0
erdos_renyi,1000,5,uniform,0,7,403174840,baseline,1.2889,86300,528,2617,2617,637,7.038489,0.0008774515,7,1,0.0
erdos_renyi,1000,5,uniform,0.001,7,403174840,pruned,1.0039,42944,477,2357,636,297,inf,0.0,0,0,100.0
erdos_renyi,1000,5,uniform,0.01,7,403174840,pruned,0.1279,4784,73,363,74,43,inf,0.0,0,0,100.0
erdos_renyi,1000,5,uniform,0.05,7,403174840,pruned,0.0249,1224,15,73,14,10,inf,0.0,0,0,100.0
erdos_renyi,1000,5,uniform,0.1,7,403174840,pruned,0.0102,568,6,27,5,3,inf,0.0,0,0,100.0
erdos_renyi,1000,5,uniform,0.5,7,403174840,pruned,0.0029,360,1,4,0,1,inf,0.0,0,0,100.0
erdos_renyi,1000,5,uniform,0,8,753784422,baseline,2.1247,86060,881,4390,4390,642,8.464848,0.0002107479,6,1,0.0
erdos_renyi,1000,5,uniform,0.001,8,753784422,pruned,0.8276,43020,457,2299,610,287,inf,0.0,0,0,100.0
erdos_renyi,1000,5,uniform,0.01,8,753784422,pruned,0.1039,4456,65,343,67,42,inf,0.0,0,0,100.0
erdos_renyi,1000,5,uniform,0.05,8,753784422,pruned,0.0232,1224,15,72,14,10,inf,0.0,0,0,100.0
erdos_renyi,1000,5,uniform,0.1,8,753784422,pruned,0.0087,360,5,27,4,4,inf,0.0,0,0,100.0
erdos_renyi,1000,5,uniform,0.5,8,753784422,pruned,0.0026,360,1,4,0,1,inf,0.0,0,0,100.0
erdos_renyi,1000,5,uniform,0,9,4288347566,baseline,1.4654,85172,427,2124,2124,616,6.721219,0.0012050678,7,1,0.0
erdos_renyi,1000,5,uniform,0.001,9,4288347566,pruned,0.6905,43136,427,2124,648,291,6.721219,0.0012050678,7,1,0.0
erdos_renyi,1000,5,uniform,0.01,9,4288347566,pruned,0.1134,5048,76,345,77,44,inf,0.0,0,0,100.0
erdos_renyi,1000,5,uniform,0.05,9,4288347566,pruned,0.0235,1344,15,70,14,8,inf,0.0,0,0,100.0
erdos_renyi,1000,5,uniform,0.1,9,4288347566,pruned,0.0126,776,8,34,7,3,inf,0.0,0,0,100.0
erdos_renyi,1000,5,uniform,0.5,9,4288347566,pruned,0.0047,360,2,7,1,1,inf,0.0,0,0,100.0
erdos_renyi,1000,5,uniform,0,10,4276604192,baseline,3.1141,85676,968,4789,4789,619,9.426883,8.05298e-05,8,1,0.0
erdos_renyi,1000,5,uniform,0.001,10,4276604192,pruned,0.8559,43260,487,2398,651,302,inf,0.0,0,0,100.0
erdos_renyi,1000,5,uniform,0.01,10,4276604192,pruned,0.0958,4664,65,323,66,42,inf,0.0,0,0,100.0
erdos_renyi,1000,5,uniform,0.05,10,4276604192,pruned,0.0227,1344,14,66,13,9,inf,0.0,0,0,100.0
erdos_renyi,1000,5,uniform,0.1,10,4276604192,pruned,0.0109,776,7,35,6,5,inf,0.0,0,0,100.0
erdos_renyi,1000,5,uniform,0.5,10,4276604192,pruned,0.0033,360,1,7,0,1,inf,0.0,0,0,100.0
erdos_renyi,1000,5,power_law,0,1,513859701,baseline,2.2442,86372,986,4936,4936,673,10.174075,3.81466e-05,6,1,0.0
erdos_renyi,1000,5,power_law,0.001,1,513859701,pruned,0.92,43184,519,2608,704,268,inf,0.0,0,0,100.0
erdos_renyi,1000,5,power_law,0.01,1,513859701,pruned,0.1161,4760,70,361,71,40,inf,0.0,0,0,100.0
erdos_renyi,1000,5,power_law,0.05,1,513859701,pruned,0.0234,1344,14,77,13,7,inf,0.0,0,0,100.0
erdos_renyi,1000,5,power_law,0.1,1,513859701,pruned,0.0145,776,9,48,8,7,inf,0.0,0,0,100.0
erdos_renyi,1000,5,power_law,0.5,1,513859701,pruned,0.0035,360,1,7,0,1,inf,0.0,0,0,100.0
erdos_renyi,1000,5,power_law,0,2,3414644962,baseline,3.4023,86228,646,3248,3248,658,7.552885,0.0005245946,8,1,0.0
erdos_renyi,1000,5,power_law,0.001,2,3414644962,pruned,1.3583,43160,480,2432,648,251,inf,0.0,0,0,100.0
erdos_renyi,1000,5,power_law,0.01,2,3414644962,pruned,0.1189,4976,75,380,79,41,inf,0.0,0,0,100.0
erdos_renyi,1000,5,power_law,0.05,2,3414644962,pruned,0.0312,1344,13,75,12,7,inf,0.0,0,0,100.0
erdos_renyi,1000,5,power_law,0.1,2,3414644962,pruned,0.012,568,6,35,5,2,inf,0.0,0,0,100.0
erdos_renyi,1000,5,power_law,0.5,2,3414644962,pruned,0.0056,360,2,10,1,1,inf,0.0,0,0,100.0
erdos_renyi,1000,5,power_law,0,3,1143905191,baseline,2.5078,86228,777,3917,3917,646,8.175603,0.0002814367,11,1,0.0
erdos_renyi,1000,5,power_law,0.001,3,1143905191,pruned,1.3676,42992,469,2334,634,249,inf,0.0,0,0,100.0
erdos_renyi,1000,5,power_law,0.01,3,1143905191,pruned,0.1182,4840,73,353,77,38,inf,0.0,0,0,100.0
erdos_renyi,1000,5,power_law,0.05,3,1143905191,pruned,0.0232,1344,14,74,13,9,inf,0.0,0,0,100.0
erdos_renyi,1000,5,power_law,0.1,3,1143905191,pruned,0.0097,568,6,31,5,3,inf,0.0,0,0,100.0
erdos_renyi,1000,5,power_law,0.5,3,1143905191,pruned,0.0042,360,2,9,1,1,inf,0.0,0,0,100.0
erdos_renyi,1000,5,power_law,0,4,914894477,baseline,1.7974,86396,475,2402,2402,649,6.827399,0.0010836734,7,1,0.0
erdos_renyi,1000,5,power_law,0.001,4,914894477,pruned,1.4715,43088,475,2402,677,263,6.827399,0.0010836734,7,1,0.0
erdos_renyi,1000,5,power_law,0.01,4,914894477,pruned,0.109,4720,70,356,70,35,inf,0.0,0,0,100.0
erdos_renyi,1000,5,power_law,0.05,4,914894477,pruned,0.03,1344,19,107,18,10,inf,0.0,0,0,100.0
erdos_renyi,1000,5,power_law,0.1,4,914894477,pruned,0.0087,360,5,26,4,2,inf,0.0,0,0,100.0
erdos_renyi,1000,5,power_law,0.5,4,914894477,pruned,0.0045,360,2,13,1,1,inf,0.0,0,0,100.0
erdos_renyi,1000,5,power_law,0,5,3770422029,baseline,1.05,86540,381,1909,1909,649,6.414485,0.0016376635,7,1,0.0
erdos_renyi,1000,5,power_law,0.001,5,3770422029,pruned,0.7234,42968,381,1909,656,273,6.414485,0.0016376635,7,1,0.0
erdos_renyi,1000,5,power_law,0.01,5,3770422029,pruned,0.1953,5280,80,398,82,41,inf,0.0,0,0,100.0
erdos_renyi,1000,5,power_law,0.05,5,3770422029,pruned,0.027,1224,16,80,15,9,inf,0.0,0,0,100.0
erdos_renyi,1000,5,power_law,0.1,5,3770422029,pruned,0.0146,656,8,49,7,5,inf,0.0,0,0,100.0
erdos_renyi,1000,5,power_law,0.5,5,3770422029,pruned,0.0033,360,1,6,0,1,inf,0.0,0,0,100.0
erdos_renyi,1000,5,power_law,0,6,4111221146,baseline,2.4928,86180,975,4881,4881,644,10.034424,4.38637e-05,9,1,0.0
erdos_renyi,1000,5,power_law,0.001,6,4111221146,pruned,0.8208,43112,494,2431,677,267,inf,0.0,0,0,100.0
erdos_renyi,1000,5,power_law,0.01,6,4111221146,pruned,0.2022,4872,76,388,77,37,inf,0.0,0,0,100.0
erdos_renyi,1000,5,power_law,0.05,6,4111221146,pruned,0.0465,1224,16,85,15,10,inf,0.0,0,0,100.0
erdos_renyi,1000,5,power_law,0.1,6,4111221146,pruned,0.0164,568,6,33,5,2,inf,0.0,0,0,100.0
erdos_renyi,1000,5,power_law,0.5,6,4111221146,pruned,0.0072,360,2,11,1,1,inf,0.0,0,0,100.0
erdos_renyi,1000,5,power_law,0,7,3420474868,baseline,1.1986,86396,461,2361,2361,655,6.784023,0.0011317128,7,1,0.0
erdos_renyi,1000,5,power_law,0.001,7,3420474868,pruned,0.8971,43400,461,2361,687,272,6.784023,0.0011317128,7,1,0.0
erdos_renyi,1000,5,power_law,0.01,7,3420474868,pruned,0.1254,4928,80,402,79,41,inf,0.0,0,0,100.0
erdos_renyi,1000,5,power_law,0.05,7,3420474868,pruned,0.022,1224,13,65,12,5,inf,0.0,0,0,100.0
erdos_renyi,1000,5,power_law,0.1,7,3420474868,pruned,0.0164,656,10,53,9,5,inf,0.0,0,0,100.0
erdos_renyi,1000,5,power_law,0.5,7,3420474868,pruned,0.0034,360,1,5,0,1,inf,0.0,0,0,100.0
erdos_renyi,1000,5,power_law,0,8,3241103857,baseline,1.9836,86444,833,4112,4112,615,8.331088,0.0002409098,8,1,0.0
erdos_renyi,1000,5,power_law,0.001,8,3241103857,pruned,0.799,42896,496,2432,692,282,inf,0.0,0,0,100.0
erdos_renyi,1000,5,power_law,0.01,8,3241103857,pruned,0.2601,5400,85,417,85,43,inf,0.0,0,0,100.0
erdos_renyi,1000,5,power_law,0.05,8,3241103857,pruned,0.0532,1224,17,79,16,9,inf,0.0,0,0,100.0
erdos_renyi,1000,5,power_law,0.1,8,3241103857,pruned,0.0278,656,9,37,8,5,inf,0.0,0,0,100.0
erdos_renyi,1000,5,power_law,0.5,8,3241103857,pruned,0.013,360,1,4,0,1,inf,0.0,0,0,100.0
erdos_renyi,1000,5,power_law,0,9,3132455412,baseline,3.6699,86372,744,3763,3763,629,7.938462,0.0003567548,7,1,0.0
erdos_renyi,1000,5,power_law,0.001,9,3132455412,pruned,1.6709,43136,471,2375,663,249,inf,0.0,0,0,100.0
erdos_renyi,1000,5,power_law,0.01,9,3132455412,pruned,0.3046,10520,89,442,90,44,inf,0.0,0,0,100.0
erdos_renyi,1000,5,power_law,0.05,9,3132455412,pruned,0.0595,1224,18,81,17,10,inf,0.0,0,0,100.0
erdos_renyi,1000,5,power_law,0.1,9,3132455412,pruned,0.0382,656,9,34,8,3,inf,0.0,0,0,100.0
erdos_renyi,1000,5,power_law,0.5,9,3132455412,pruned,0.0058,360,1,3,0,1,inf,0.0,0,0,100.0
erdos_renyi,1000,5,power_law,0,10,2415767232,baseline,0.1165,4304,13,57,57,46,2.815465,0.0598768775,7,1,0.0
erdos_renyi,1000,5,power_law,0.001,10,2415767232,pruned,0.0738,4328,13,57,57,46,2.815465,0.0598768775,7,1,0.0
erdos_renyi,1000,5,power_law,0.01,10,2415767232,pruned,0.0628,4216,13,57,43,32,2.815465,0.0598768775,7,1,0.0
erdos_renyi,1000,5,power_law,0.05,10,2415767232,pruned,0.0361,1224,13,57,15,8,2.815465,0.0598768775,7,1,0.0
erdos_renyi,1000,5,power_law,0.1,10,2415767232,pruned,0.0255,656,9,43,8,3,inf,0.0,0,0,100.0
erdos_renyi,1000,5,power_law,0.5,10,2415767232,pruned,0.0068,360,2,7,1,1,inf,0.0,0,0,100.0
erdos_renyi,1000,10,uniform,0,1,3591000526,baseline,2.3513,88132,405,4046,4046,902,7.088637,0.0008345342,5,1,0.0
erdos_renyi,1000,10,uniform,0.001,1,3591000526,pruned,0.825,43436,351,3517,436,287,inf,0.0,0,0,100.0
erdos_renyi,1000,10,uniform,0.01,1,3591000526,pruned,0.0889,2280,42,418,42,35,inf,0.0,0,0,100.0
erdos_renyi,1000,10,uniform,0.05,1,3591000526,pruned,0.0164,656,7,73,6,6,inf,0.0,0,0,100.0
erdos_renyi,1000,10,uniform,0.1,1,3591000526,pruned,0.0113,360,5,55,4,4,inf,0.0,0,0,100.0
erdos_renyi,1000,10,uniform,0.5,1,3591000526,pruned,0.0033,360,1,9,0,1,inf,0.0,0,0,100.0
erdos_renyi,1000,10,uniform,0,2,1926879465,baseline,1.9925,88588,522,5219,5219,897,7.468018,0.000571059,5,1,0.0
erdos_renyi,1000,10,uniform,0.001,2,1926879465,pruned,0.7851,43412,360,3614,458,291,inf,0.0,0,0,100.0
erdos_renyi,1000,10,uniform,0.01,2,1926879465,pruned,0.1023,4280,51,503,52,42,inf,0.0,0,0,100.0
erdos_renyi,1000,10,uniform,0.05,2,1926879465,pruned,0.0187,656,9,85,8,8,inf,0.0,0,0,100.0
erdos_renyi,1000,10,uniform,0.1,2,1926879465,pruned,0.0127,568,6,56,5,5,inf,0.0,0,0,100.0
erdos_renyi,1000,10,uniform,0.5,2,1926879465,pruned,0.0036,360,1,9,0,1,inf,0.0,0,0,100.0
erdos_renyi,1000,10,uniform,0,3,2816324829,baseline,0.8111,87036,109,1096,1096,647,5.532907,0.0039544765,4,1,0.0
erdos_renyi,1000,10,uniform,0.001,3,2816324829,pruned,0.3968,43484,109,1096,438,296,5.532907,0.0039544765,4,1,0.0
erdos_renyi,1000,10,uniform,0.01,3,2816324829,pruned,0.0898,4400,45,456,45,38,inf,0.0,0,0,100.0
erdos_renyi,1000,10,uniform,0.05,3,2816324829,pruned,0.0181,776,8,80,7,7,inf,0.0,0,0,100.0
erdos_renyi,1000,10,uniform,0.1,3,2816324829,pruned,0.0107,360,5,48,4,4,inf,0.0,0,0,100.0
erdos_renyi,1000,10,uniform,0.5,3,2816324829,pruned,0.0036,360,1,11,0,1,inf,0.0,0,0,100.0
erdos_renyi,1000,10,uniform,0,4,529596418,baseline,3.1098,88436,916,9076,9076,879,8.771684,0.0001550622,6,1,0.0
erdos_renyi,1000,10,uniform,0.001,4,529596418,pruned,0.9583,43508,367,3657,448,301,inf,0.0,0,0,100.0
erdos_renyi,1000,10,uniform,0.01,4,529596418,pruned,0.1365,4400,51,493,50,42,inf,0.0,0,0,100.0
erdos_renyi,1000,10,uniform,0.05,4,529596418,pruned,0.022,816,10,94,9,9,inf,0.0,0,0,100.0
erdos_renyi,1000,10,uniform,0.1,4,529596418,pruned,0.0129,568,6,57,5,5,inf,0.0,0,0,100.0
erdos_renyi,1000,10,uniform,0.5,4,529596418,pruned,0.0038,360,1,12,0,1,inf,0.0,0,0,100.0
erdos_renyi,1000,10,uniform,0,5,645207290,baseline,2.8275,88556,845,8414,8414,872,8.373357,0.0002309391,5,1,0.0
erdos_renyi,1000,10,uniform,0.001,5,645207290,pruned,0.8802,43484,390,3921,474,314,inf,0.0,0,0,100.0
erdos_renyi,1000,10,uniform,0.01,5,645207290,pruned,0.1025,4400,52,521,52,42,inf,0.0,0,0,100.0
erdos_renyi,1000,10,uniform,0.05,5,645207290,pruned,0.0207,816,10,100,9,9,inf,0.0,0,0,100.0
erdos_renyi,1000,10,uniform,0.1,5,645207290,pruned,0.0118,360,5,53,4,4,inf,0.0,0,0,100.0
erdos_renyi,1000,10,uniform,0.5,5,645207290,pruned,0.0035,360,1,12,0,1,inf,0.0,0,0,100.0
erdos_renyi,1000,10,uniform,0,6,1599198537,baseline,2.0321,88588,522,5213,5213,896,7.486949,0.0005603502,5,1,0.0
erdos_renyi,1000,10,uniform,0.001,6,1599198537,pruned,1.9744,43508,366,3658,446,300,inf,0.0,0,0,100.0
erdos_renyi,1000,10,uniform,0.01,6,1599198537,pruned,0.1064,2400,42,419,45,37,inf,0.0,0,0,100.0
erdos_renyi,1000,10,uniform,0.05,6,1599198537,pruned,0.0165,776,7,75,6,6,inf,0.0,0,0,100.0
erdos_renyi,1000,10,uniform,0.1,6,1599198537,pruned,0.0128,568,6,64,5,5,inf,0.0,0,0,100.0
erdos_renyi,1000,10,uniform,0.5,6,1599198537,pruned,0.0038,360,1,8,0,1,inf,0.0,0,0,100.0
erdos_renyi,1000,10,uniform,0,7,3042236843,baseline,0.9197,87012,203,1999,1999,834,6.098177,0.0022469612,4,1,0.0
erdos_renyi,1000,10,uniform,0.001,7,3042236843,pruned,0.4888,43532,203,1999,449,299,6.098177,0.0022469612,4,1,0.0
erdos_renyi,1000,10,uniform,0.01,7,3042236843,pruned,0.1039,4400,46,469,45,38,inf,0.0,0,0,100.0
erdos_renyi,1000,10,uniform,0.05,7,3042236843,pruned,0.0192,776,9,85,8,8,inf,0.0,0,0,100.0
erdos_renyi,1000,10,uniform,0.1,7,3042236843,pruned,0.014,568,6,54,5,5,inf,0.0,0,0,100.0
erdos_renyi,1000,10,uniform,0.5,7,3042236843,pruned,0.0038,360,1,10,0,1,inf,0.0,0,0,100.0
erdos_renyi,1000,10,uniform,0,8,4088221828,baseline,2.4211,88636,579,5781,5781,881,7.59599,0.0005024621,5,1,0.0
erdos_renyi,1000,10,uniform,0.001,8,4088221828,pruned,0.91,43532,359,3570,432,287,inf,0.0,0,0,100.0
erdos_renyi,1000,10,uniform,0.01,8,4088221828,pruned,0.0858,2400,41,415,41,33,inf,0.0,0,0,100.0
erdos_renyi,1000,10,uniform,0.05,8,4088221828,pruned,0.0181,776,8,79,7,6,inf,0.0,0,0,100.0
erdos_renyi,1000,10,uniform,0.1,8,4088221828,pruned,0.0138,568,6,59,5,5,inf,0.0,0,0,100.0
erdos_renyi,1000,10,uniform,0.5,8,4088221828,pruned,0.0037,360,1,8,0,1,inf,0.0,0,0,100.0
erdos_renyi,1000,10,uniform,0,9,723296032,baseline,0.4896,45428,88,859,859,566,5.267447,0.005156761,4,1,0.0
erdos_renyi,1000,10,uniform,0.001,9,723296032,pruned,0.3088,43412,88,859,460,310,5.267447,0.005156761,4,1,0.0
erdos_renyi,1000,10,uniform,0.01,9,723296032,pruned,0.1135,4400,50,487,49,39,inf,0.0,0,0,100.0
erdos_renyi,1000,10,uniform,0.05,9,723296032,pruned,0.0247,1096,11,104,10,9,inf,0.0,0,0,100.0
erdos_renyi,1000,10,uniform,0.1,9,723296032,pruned,0.0096,360,4,41,3,3,inf,0.0,0,0,100.0
erdos_renyi,1000,10,uniform,0.5,9,723296032,pruned,0.0034,360,1,11,0,1,inf,0.0,0,0,100.0
erdos_renyi,1000,10,uniform,0,10,2166311620,baseline,2.1843,87412,392,3913,3913,887,6.995129,0.0009163348,5,1,0.0
erdos_renyi,1000,10,uniform,0.001,10,2166311620,pruned,1.2266,43340,370,3714,449,298,inf,0.0,0,0,100.0
erdos_renyi,1000,10,uniform,0.01,10,2166311620,pruned,0.1071,4280,46,453,46,37,inf,0.0,0,0,100.0
erdos_renyi,1000,10,uniform,0.05,10,2166311620,pruned,0.0223,1096,11,106,10,10,inf,0.0,0,0,100.0
erdos_renyi,1000,10,uniform,0.1,10,2166311620,pruned,0.0095,360,4,41,3,3,inf,0.0,0,0,100.0
erdos_renyi,1000,10,uniform,0.5,10,2166311620,pruned,0.0036,360,1,11,0,1,inf,0.0,0,0,100.0
erdos_renyi,1000,10,power_law,0,1,4132738793,baseline,1.4213,86724,164,1657,1657,840,5.792202,0.003051255,6,1,0.0
erdos_renyi,1000,10,power_law,0.001,1,4132738793,pruned,0.6716,42996,164,1657,470,258,5.792202,0.003051255,6,1,0.0
erdos_renyi,1000,10,power_law,0.01,1,4132738793,pruned,0.133,4288,56,577,56,32,inf,0.0,0,0,100.0
erdos_renyi,1000,10,power_law,0.05,1,4132738793,pruned,0.0272,1032,11,112,10,7,inf,0.0,0,0,100.0
erdos_renyi,1000,10,power_law,0.1,1,4132738793,pruned,0.01,360,4,39,3,3,inf,0.0,0,0,100.0
erdos_renyi,1000,10,power_law,0.5,1,4132738793,pruned,0.0041,360,1,8,0,1,inf,0.0,0,0,100.0
erdos_renyi,1000,10,power_law,0,2,475868308,baseline,3.3151,91124,919,9155,9155,932,8.795582,0.0001514005,4,1,0.0
erdos_renyi,1000,10,power_law,0.001,2,475868308,pruned,1.1991,43580,441,4374,551,283,inf,0.0,0,0,100.0
erdos_renyi,1000,10,power_law,0.01,2,475868308,pruned,0.1325,4384,56,563,55,31,inf,0.0,0,0,100.0
erdos_renyi,1000,10,power_law,0.05,2,475868308,pruned,0.0274,1344,13,130,12,8,inf,0.0,0,0,100.0
erdos_renyi,1000,10,power_law,0.1,2,475868308,pruned,0.0202,568,6,63,5,5,inf,0.0,0,0,100.0
erdos_renyi,1000,10,power_law,0.5,2,475868308,pruned,0.0485,360,1,10,0,1,inf,0.0,0,0,100.0
erdos_renyi,1000,10,power_law,0,3,1048530326,baseline,1.1022,88124,225,2244,2244,913,6.247236,0.0019357967,5,1,0.0
erdos_renyi,1000,10,power_law,0.001,3,1048530326,pruned,0.6313,43676,225,2244,512,269,6.247236,0.0019357967,5,1,0.0
erdos_renyi,1000,10,power_law,0.01,3,1048530326,pruned,0.1214,4408,57,579,58,34,inf,0.0,0,0,100.0
erdos_renyi,1000,10,power_law,0.05,3,1048530326,pruned,0.0245,1152,11,120,10,6,inf,0.0,0,0,100.0
erdos_renyi,1000,10,power_law,0.1,3,1048530326,pruned,0.0135,568,6,66,5,3,inf,0.0,0,0,100.0
erdos_renyi,1000,10,power_law,0.5,3,1048530326,pruned,0.0035,360,1,9,0,1,inf,0.0,0,0,100.0
erdos_renyi,1000,10,power_law,0,4,2827935911,baseline,3.4917,91436,926,9230,9230,963,8.874847,0.000139863,7,1,0.0
erdos_renyi,1000,10,power_law,0.001,4,2827935911,pruned,0.844,43472,399,3998,500,253,inf,0.0,0,0,100.0
erdos_renyi,1000,10,power_law,0.01,4,2827935911,pruned,0.1123,4400,52,526,53,34,inf,0.0,0,0,100.0
erdos_renyi,1000,10,power_law,0.05,4,2827935911,pruned,0.021,776,9,98,8,6,inf,0.0,0,0,100.0
erdos_renyi,1000,10,power_law,0.1,4,2827935911,pruned,0.0111,360,5,53,4,4,inf,0.0,0,0,100.0
erdos_renyi,1000,10,power_law,0.5,4,2827935911,pruned,0.0031,360,1,8,0,1,inf,0.0,0,0,100.0
erdos_renyi,1000,10,power_law,0,5,2629356622,baseline,1.1248,87180,234,2347,2347,929,6.177016,0.0020766162,7,1,0.0
erdos_renyi,1000,10,power_law,0.001,5,2629356622,pruned,1.0518,43304,234,2347,481,251,6.177016,0.0020766162,7,1,0.0
erdos_renyi,1000,10,power_law,0.01,5,2629356622,pruned,0.1081,4336,50,505,51,32,inf,0.0,0,0,100.0
erdos_renyi,1000,10,power_law,0.05,5,2629356622,pruned,0.0264,1344,12,125,11,8,inf,0.0,0,0,100.0
erdos_renyi,1000,10,power_law,0.1,5,2629356622,pruned,0.0115,360,5,49,4,4,inf,0.0,0,0,100.0
erdos_renyi,1000,10,power_law,0.5,5,2629356622,pruned,0.0036,360,1,10,0,1,inf,0.0,0,0,100.0
erdos_renyi,1000,10,power_law,0,6,3294442265,baseline,2.7082,91660,767,7587,7587,952,8.097761,0.0003042197,7,1,0.0
erdos_renyi,1000,10,power_law,0.001,6,3294442265,pruned,0.8841,43260,422,4181,532,264,inf,0.0,0,0,100.0
erdos_renyi,1000,10,power_law,0.01,6,3294442265,pruned,0.1159,4520,59,578,58,36,inf,0.0,0,0,100.0
erdos_renyi,1000,10,power_law,0.05,6,3294442265,pruned,0.0206,776,10,96,9,6,inf,0.0,0,0,100.0
erdos_renyi,1000,10,power_law,0.1,6,3294442265,pruned,0.0126,360,5,53,4,2,inf,0.0,0,0,100.0
erdos_renyi,1000,10,power_law,0.5,6,3294442265,pruned,0.0034,360,1,11,0,1,inf,0.0,0,0,100.0
erdos_renyi,1000,10,power_law,0,7,1908566842,baseline,2.8578,92732,747,7446,7446,983,8.032089,0.0003248687,8,1,0.0
erdos_renyi,1000,10,power_law,0.001,7,1908566842,pruned,0.9002,43304,400,3980,504,251,inf,0.0,0,0,100.0
erdos_renyi,1000,10,power_law,0.01,7,1908566842,pruned,0.1861,4384,55,549,56,30,inf,0.0,0,0,100.0
erdos_renyi,1000,10,power_law,0.05,7,1908566842,pruned,0.0247,776,10,100,9,5,inf,0.0,0,0,100.0
erdos_renyi,1000,10,power_law,0.1,7,1908566842,pruned,0.0128,360,5,52,4,3,inf,0.0,0,0,100.0
erdos_renyi,1000,10,power_law,0.5,7,1908566842,pruned,0.0039,360,1,11,0,1,inf,0.0,0,0,100.0
erdos_renyi,1000,10,power_law,0,8,1671773215,baseline,2.4882,91780,683,6772,6772,972,7.745965,0.0004324843,6,1,0.0
erdos_renyi,1000,10,power_law,0.001,8,1671773215,pruned,0.9056,43700,418,4152,528,271,inf,0.0,0,0,100.0
erdos_renyi,1000,10,power_law,0.01,8,1671773215,pruned,0.1352,4408,57,577,57,34,inf,0.0,0,0,100.0
erdos_renyi,1000,10,power_law,0.05,8,1671773215,pruned,0.0281,1224,13,130,12,6,inf,0.0,0,0,100.0
erdos_renyi,1000,10,power_law,0.1,8,1671773215,pruned,0.0142,568,6,59,5,4,inf,0.0,0,0,100.0
erdos_renyi,1000,10,power_law,0.5,8,1671773215,pruned,0.0035,360,1,10,0,1,inf,0.0,0,0,100.0
erdos_renyi,1000,10,power_law,0,9,2836286334,baseline,2.9168,92972,454,4581,4581,1007,7.056849,0.0008614882,8,1,0.0
erdos_renyi,1000,10,power_law,0.001,9,2836286334,pruned,2.0246,43332,417,4219,526,268,inf,0.0,0,0,100.0
erdos_renyi,1000,10,power_law,0.01,9,2836286334,pruned,0.134,4216,53,537,53,26,inf,0.0,0,0,100.0
erdos_renyi,1000,10,power_law,0.05,9,2836286334,pruned,0.0744,1288,17,175,16,10,inf,0.0,0,0,100.0
erdos_renyi,1000,10,power_law,0.1,9,2836286334,pruned,0.0282,656,7,73,6,5,inf,0.0,0,0,100.0
erdos_renyi,1000,10,power_law,0.5,9,2836286334,pruned,0.0044,360,1,9,0,1,inf,0.0,0,0,100.0
erdos_renyi,1000,10,power_law,0,10,1369920598,baseline,2.7076,91228,575,5770,5770,968,7.548361,0.0005269731,7,1,0.0
erdos_renyi,1000,10,power_law,0.001,10,1369920598,pruned,0.8369,43256,380,3817,490,235,inf,0.0,0,0,100.0
erdos_renyi,1000,10,power_law,0.01,10,1369920598,pruned,0.2313,4216,53,522,54,31,inf,0.0,0,0,100.0
erdos_renyi,1000,10,power_law,0.05,10,1369920598,pruned,0.0411,656,10,107,9,6,inf,0.0,0,0,100.0
erdos_renyi,1000,10,power_law,0.1,10,1369920598,pruned,0.0256,568,6,65,5,4,inf,0.0,0,0,100.0
erdos_renyi,1000,10,power_law,0.5,10,1369920598,pruned,0.0065,360,1,12,0,1,inf,0.0,0,0,100.0
erdos_renyi,5000,2,uniform,0,1,3909538080,baseline,0.0219,544,2,1,1,1,0.0,1.0,2,1,0.0
erdos_renyi,5000,2,uniform,0.001,1,3909538080,pruned,0.0066,360,2,1,1,1,0.0,1.0,2,1,0.0
erdos_renyi,5000,2,uniform,0.01,1,3909538080,pruned,0.0034,360,2,1,1,1,0.0,1.0,2,1,0.0
erdos_renyi,5000,2,uniform,0.05,1,3909538080,pruned,0.0028,360,2,1,1,1,0.0,1.0,2,1,0.0
erdos_renyi,5000,2,uniform,0.1,1,3909538080,pruned,0.0026,360,2,1,1,1,0.0,1.0,2,1,0.0
erdos_renyi,5000,2,uniform,0.5,1,3909538080,pruned,0.0023,360,2,1,1,1,0.0,1.0,2,1,0.0
erdos_renyi,5000,2,uniform,0,2,4202087507,baseline,4.1129,174204,1795,3617,3617,887,10.085372,4.16849e-05,11,1,0.0
erdos_renyi,5000,2,uniform,0.001,2,4202087507,pruned,0.6025,41200,345,655,350,107,inf,0.0,0,0,100.0
erdos_renyi,5000,2,uniform,0.01,2,4202087507,pruned,0.2229,10328,89,163,88,26,inf,0.0,0,0,100.0
erdos_renyi,5000,2,uniform,0.05,2,4202087507,pruned,0.0623,2336,27,54,26,11,inf,0.0,0,0,100.0
erdos_renyi,5000,2,uniform,0.1,2,4202087507,pruned,0.1157,1312,15,30,14,5,inf,0.0,0,0,100.0
erdos_renyi,5000,2,uniform,0.5,2,4202087507,pruned,0.0163,360,4,8,3,1,inf,0.0,0,0,100.0
erdos_renyi,5000,2,uniform,0,3,2498809673,baseline,5.6258,333220,3209,6334,6334,816,13.145576,1.9541e-06,16,1,0.0
erdos_renyi,5000,2,uniform,0.001,3,2498809673,pruned,0.3634,21248,250,480,252,74,inf,0.0,0,0,100.0
erdos_renyi,5000,2,uniform,0.01,3,2498809673,pruned,0.0774,4440,62,118,61,20,inf,0.0,0,0,100.0
erdos_renyi,5000,2,uniform,0.05,3,2498809673,pruned,0.0186,1312,15,29,14,4,inf,0.0,0,0,100.0
erdos_renyi,5000,2,uniform,0.1,3,2498809673,pruned,0.0115,776,10,22,9,3,inf,0.0,0,0,100.0
erdos_renyi,5000,2,uniform,0.5,3,2498809673,pruned,0.0026,360,1,3,0,1,inf,0.0,0,0,100.0
erdos_renyi,5000,2,uniform,0,4,1616216316,baseline,8.4852,334956,3645,7366,7366,873,14.131507,7.291e-07,11,1,0.0
erdos_renyi,5000,2,uniform,0.001,4,1616216316,pruned,0.5695,21376,280,552,284,86,inf,0.0,0,0,100.0
erdos_renyi,5000,2,uniform,0.01,4,1616216316,pruned,0.1114,4416,61,128,60,20,inf,0.0,0,0,100.0
erdos_renyi,5000,2,uniform,0.05,4,1616216316,pruned,0.033,1344,19,39,18,5,inf,0.0,0,0,100.0
erdos_renyi,5000,2,uniform,0.1,4,1616216316,pruned,0.0303,1120,11,20,10,4,inf,0.0,0,0,100.0
erdos_renyi,5000,2,uniform,0.5,4,1616216316,pruned,0.0043,360,1,4,0,1,inf,0.0,0,0,100.0
erdos_renyi,5000,2,uniform,0,5,3760808163,baseline,2.1975,167900,1287,2575,2575,756,11.726436,8.0774e-06,12,1,0.0
erdos_renyi,5000,2,uniform,0.001,5,3760808163,pruned,0.0918,4640,73,132,73,19,inf,0.0,0,0,100.0
erdos_renyi,5000,2,uniform,0.01,5,3760808163,pruned,0.0238,1312,20,33,19,5,inf,0.0,0,0,100.0
erdos_renyi,5000,2,uniform,0.05,5,3760808163,pruned,0.0085,568,6,9,5,4,inf,0.0,0,0,100.0
erdos_renyi,5000,2,uniform,0.1,5,3760808163,pruned,0.0068,360,5,9,4,3,inf,0.0,0,0,100.0
erdos_renyi,5000,2,uniform,0.5,5,3760808163,pruned,0.0049,360,3,5,2,1,inf,0.0,0,0,100.0
erdos_renyi,5000,2,uniform,0,6,1179710176,baseline,0.1612,360,2,1,1,1,0.0,1.0,2,1,0.0
erdos_renyi,5000,2,uniform,0.001,6,1179710176,pruned,0.0138,360,2,1,1,1,0.0,1.0,2,1,0.0
erdos_renyi,5000,2,uniform,0.01,6,1179710176,pruned,0.0092,360,2,1,1,1,0.0,1.0,2,1,0.0
erdos_renyi,5000,2,uniform,0.05,6,1179710176,pruned,0.0133,360,2,1,1,1,0.0,1.0,2,1,0.0
erdos_renyi,5000,2,uniform,0.1,6,1179710176,pruned,0.006,360,2,1,1,1,0.0,1.0,2,1,0.0
erdos_renyi,5000,2,uniform,0.5,6,1179710176,pruned,0.0047,360,2,1,1,1,0.0,1.0,2,1,0.0
erdos_renyi,5000,2,uniform,0,7,1399121772,baseline,4.792,332116,2585,5152,5152,802,11.978501,6.2777e-06,13,1,0.0
erdos_renyi,5000,2,uniform,0.001,7,1399121772,pruned,0.4081,21296,295,567,299,86,inf,0.0,0,0,100.0
erdos_renyi,5000,2,uniform,0.01,7,1399121772,pruned,0.0909,4752,75,131,74,21,inf,0.0,0,0,100.0
erdos_renyi,5000,2,uniform,0.05,7,1399121772,pruned,0.0269,2272,23,45,22,10,inf,0.0,0,0,100.0
erdos_renyi,5000,2,uniform,0.1,7,1399121772,pruned,0.0136,776,10,23,9,5,inf,0.0,0,0,100.0
erdos_renyi,5000,2,uniform,0.5,7,1399121772,pruned,0.0038,360,2,6,1,1,inf,0.0,0,0,100.0
erdos_renyi,5000,2,uniform,0,8,2556661343,baseline,1.8624,167748,868,1723,1723,622,8.937183,0.0001314107,17,1,0.0
erdos_renyi,5000,2,uniform,0.001,8,2556661343,pruned,0.2899,21304,234,491,236,77,inf,0.0,0,0,100.0
erdos_renyi,5000,2,uniform,0.01,8,2556661343,pruned,0.0632,4240,54,102,53,17,inf,0.0,0,0,100.0
erdos_renyi,5000,2,uniform,0.05,8,2556661343,pruned,0.0235,1312,20,35,19,6,inf,0.0,0,0,100.0
erdos_renyi,5000,2,uniform,0.1,8,2556661343,pruned,0.0121,776,10,17,9,3,inf,0.0,0,0,100.0
erdos_renyi,5000,2,uniform,0.5,8,2556661343,pruned,0.0075,568,6,9,5,1,inf,0.0,0,0,100.0
erdos_renyi,5000,2,uniform,0,9,3021865950,baseline,5.8273,335204,3739,7497,7497,903,15.795113,1.381e-07,24,1,0.0
erdos_renyi,5000,2,uniform,0.001,9,3021865950,pruned,0.1636,10672,137,253,136,34,inf,0.0,0,0,100.0
erdos_renyi,5000,2,uniform,0.01,9,3021865950,pruned,0.0359,2272,33,54,32,8,inf,0.0,0,0,100.0
erdos_renyi,5000,2,uniform,0.05,9,3021865950,pruned,0.0138,1280,12,18,11,3,inf,0.0,0,0,100.0
erdos_renyi,5000,2,uniform,0.1,9,3021865950,pruned,0.0092,776,9,14,8,3,inf,0.0,0,0,100.0
erdos_renyi,5000,2,uniform,0.5,9,3021865950,pruned,0.0036,360,2,6,1,1,inf,0.0,0,0,100.0
erdos_renyi,5000,2,uniform,0,10,815717650,baseline,6.1277,333156,2013,4094,4094,941,10.680281,2.29939e-05,10,1,0.0
erdos_renyi,5000,2,uniform,0.001,10,815717650,pruned,0.4331,21272,244,496,247,76,inf,0.0,0,0,100.0
erdos_renyi,5000,2,uniform,0.01,10,815717650,pruned,0.0729,4176,47,95,46,16,inf,0.0,0,0,100.0
erdos_renyi,5000,2,uniform,0.05,10,815717650,pruned,0.027,1344,16,30,15,9,inf,0.0,0,0,100.0
erdos_renyi,5000,2,uniform,0.1,10,815717650,pruned,0.0152,776,9,21,8,5,inf,0.0,0,0,100.0
erdos_renyi,5000,2,uniform,0.5,10,815717650,pruned,0.0043,360,1,4,0,1,inf,0.0,0,0,100.0
erdos_renyi,5000,2,power_law,0,1,3768608731,baseline,5.7893,333612,2721,5414,5414,901,12.399685,4.1199e-06,17,1,0.0
erdos_renyi,5000,2,power_law,0.001,1,3768608731,pruned,0.3788,21224,213,432,218,59,inf,0.0,0,0,100.0
erdos_renyi,5000,2,power_law,0.01,1,3768608731,pruned,0.0714,4208,53,105,52,12,inf,0.0,0,0,100.0
erdos_renyi,5000,2,power_law,0.05,1,3768608731,pruned,0.0213,1344,18,31,17,6,inf,0.0,0,0,100.0
erdos_renyi,5000,2,power_law,0.1,1,3768608731,pruned,0.0139,1120,11,16,10,4,inf,0.0,0,0,100.0
erdos_renyi,5000,2,power_law,0.5,1,3768608731,pruned,0.0047,360,3,7,2,1,inf,0.0,0,0,100.0
erdos_renyi,5000,2,power_law,0,2,447227915,baseline,1.9365,167308,1059,2065,2065,678,12.220027,4.9307e-06,14,1,0.0
erdos_renyi,5000,2,power_law,0.001,2,447227915,pruned,0.0766,4376,61,112,60,13,inf,0.0,0,0,100.0
erdos_renyi,5000,2,power_law,0.01,2,447227915,pruned,0.0193,1344,17,28,16,7,inf,0.0,0,0,100.0
erdos_renyi,5000,2,power_law,0.05,2,447227915,pruned,0.007,360,5,10,4,3,inf,0.0,0,0,100.0
erdos_renyi,5000,2,power_law,0.1,2,447227915,pruned,0.0052,360,4,7,3,3,inf,0.0,0,0,100.0
erdos_renyi,5000,2,power_law,0.5,2,447227915,pruned,0.0035,360,2,3,1,1,inf,0.0,0,0,100.0
erdos_renyi,5000,2,power_law,0,3,3722220888,baseline,5.4518,332572,3140,6199,6199,825,14.013875,8.201e-07,16,1,0.0
erdos_renyi,5000,2,power_law,0.001,3,3722220888,pruned,0.2361,11032,166,314,167,47,inf,0.0,0,0,100.0
erdos_renyi,5000,2,power_law,0.01,3,3722220888,pruned,0.0559,4240,51,83,50,14,inf,0.0,0,0,100.0
erdos_renyi,5000,2,power_law,0.05,3,3722220888,pruned,0.0207,1224,19,33,18,5,inf,0.0,0,0,100.0
erdos_renyi,5000,2,power_law,0.1,3,3722220888,pruned,0.0118,656,10,18,9,4,inf,0.0,0,0,100.0
erdos_renyi,5000,2,power_law,0.5,3,3722220888,pruned,0.003,360,1,3,0,1,inf,0.0,0,0,100.0
erdos_renyi,5000,2,power_law,0,4,457125295,baseline,1.1807,83700,630,1232,1232,485,7.974404,0.0003441601,13,1,0.0
erdos_renyi,5000,2,power_law,0.001,4,457125295,pruned,0.3744,21224,311,600,322,81,inf,0.0,0,0,100.0
erdos_renyi,5000,2,power_law,0.01,4,457125295,pruned,0.0869,4976,81,154,80,21,inf,0.0,0,0,100.0
erdos_renyi,5000,2,power_law,0.05,4,457125295,pruned,0.0279,2304,23,51,22,9,inf,0.0,0,0,100.0
erdos_renyi,5000,2,power_law,0.1,4,457125295,pruned,0.0167,1312,14,32,13,4,inf,0.0,0,0,100.0
erdos_renyi,5000,2,power_law,0.5,4,457125295,pruned,0.0028,360,1,4,0,1,inf,0.0,0,0,100.0
erdos_renyi,5000,2,power_law,0,5,3385772989,baseline,0.0196,360,2,1,1,1,0.0,1.0,2,1,0.0
erdos_renyi,5000,2,power_law,0.001,5,3385772989,pruned,0.0115,360,2,1,1,1,0.0,1.0,2,1,0.0
erdos_renyi,5000,2,power_law,0.01,5,3385772989,pruned,0.0069,360,2,1,1,1,0.0,1.0,2,1,0.0
erdos_renyi,5000,2,power_law,0.05,5,3385772989,pruned,0.0055,360,2,1,1,1,0.0,1.0,2,1,0.0
erdos_renyi,5000,2,power_law,0.1,5,3385772989,pruned,0.0045,360,2,1,1,1,0.0,1.0,2,1,0.0
erdos_renyi,5000,2,power_law,0.5,5,3385772989,pruned,0.0046,360,2,1,1,1,0.0,1.0,2,1,0.0
erdos_renyi,5000,2,power_law,0,6,3937429889,baseline,6.0817,335436,3686,7380,7380,908,14.714725,4.069e-07,12,1,0.0
erdos_renyi,5000,2,power_law,0.001,6,3937429889,pruned,0.5736,41752,362,721,378,110,inf,0.0,0,0,100.0
erdos_renyi,5000,2,power_law,0.01,6,3937429889,pruned,0.1341,5016,81,153,82,24,inf,0.0,0,0,100.0
erdos_renyi,5000,2,power_law,0.05,6,3937429889,pruned,0.029,2272,24,45,23,8,inf,0.0,0,0,100.0
erdos_renyi,5000,2,power_law,0.1,6,3937429889,pruned,0.0192,1344,16,32,15,6,inf,0.0,0,0,100.0
erdos_renyi,5000,2,power_law,0.5,6,3937429889,pruned,0.0038,360,2,5,1,1,inf,0.0,0,0,100.0
erdos_renyi,5000,2,power_law,0,7,1796736146,baseline,1.2916,86700,691,1390,1390,562,8.319192,0.0002437927,13,1,0.0
erdos_renyi,5000,2,power_law,0.001,7,1796736146,pruned,0.3543,21272,294,574,301,83,inf,0.0,0,0,100.0
erdos_renyi,5000,2,power_law,0.01,7,1796736146,pruned,0.0994,5056,83,153,84,22,inf,0.0,0,0,100.0
erdos_renyi,5000,2,power_law,0.05,7,1796736146,pruned,0.0307,2272,26,54,25,9,inf,0.0,0,0,100.0
erdos_renyi,5000,2,power_law,0.1,7,1796736146,pruned,0.0154,1280,13,27,12,4,inf,0.0,0,0,100.0
erdos_renyi,5000,2,power_law,0.5,7,1796736146,pruned,0.0032,360,1,3,0,1,inf,0.0,0,0,100.0
erdos_renyi,5000,2,power_law,0,8,1582287445,baseline,0.0241,360,2,1,1,1,0.0,1.0,2,1,0.0
erdos_renyi,5000,2,power_law,0.001,8,1582287445,pruned,0.0075,360,2,1,1,1,0.0,1.0,2,1,0.0
erdos_renyi,5000,2,power_law,0.01,8,1582287445,pruned,0.0043,360,2,1,1,1,0.0,1.0,2,1,0.0
erdos_renyi,5000,2,power_law,0.05,8,1582287445,pruned,0.0041,360,2,1,1,1,0.0,1.0,2,1,0.0
erdos_renyi,5000,2,power_law,0.1,8,1582287445,pruned,0.0028,360,2,1,1,1,0.0,1.0,2,1,0.0
erdos_renyi,5000,2,power_law,0.5,8,1582287445,pruned,0.0024,360,2,1,1,1,0.0,1.0,2,1,0.0
erdos_renyi,5000,2,power_law,0,9,2744992447,baseline,2.9623,167620,1596,3162,3162,854,9.460381,7.78769e-05,20,1,0.0
erdos_renyi,5000,2,power_law,0.001,9,2744992447,pruned,0.7302,42112,441,881,458,127,inf,0.0,0,0,100.0
erdos_renyi,5000,2,power_law,0.01,9,2744992447,pruned,0.1237,10520,93,191,92,28,inf,0.0,0,0,100.0
erdos_renyi,5000,2,power_law,0.05,9,2744992447,pruned,0.0309,2272,23,48,22,9,inf,0.0,0,0,100.0
erdos_renyi,5000,2,power_law,0.1,9,2744992447,pruned,0.0192,1344,15,35,14,6,inf,0.0,0,0,100.0
erdos_renyi,5000,2,power_law,0.5,9,2744992447,pruned,0.0065,360,4,9,3,1,inf,0.0,0,0,100.0
erdos_renyi,5000,2,power_law,0,10,3004039571,baseline,5.9717,335300,3682,7309,7309,930,13.868071,9.488e-07,14,1,0.0
erdos_renyi,5000,2,power_law,0.001,10,3004039571,pruned,0.6639,42328,461,963,478,140,inf,0.0,0,0,100.0
erdos_renyi,5000,2,power_law,0.01,10,3004039571,pruned,0.1018,5152,84,198,84,27,inf,0.0,0,0,100.0
erdos_renyi,5000,2,power_law,0.05,10,3004039571,pruned,0.0251,1344,21,54,20,8,inf,0.0,0,0,100.0
erdos_renyi,5000,2,power_law,0.1,10,3004039571,pruned,0.0146,1344,12,30,11,6,inf,0.0,0,0,100.0
erdos_renyi,5000,2,power_law,0.5,10,3004039571,pruned,0.0032,360,1,3,0,1,inf,0.0,0,0,100.0
erdos_renyi,5000,5,uniform,0,1,2460133246,baseline,2.0228,172548,599,2961,2961,1749,6.828998,0.0010819414,7,1,0.0
erdos_renyi,5000,5,uniform,0.001,1,2460133246,pruned,1.9443,45212,599,2961,697,399,6.828998,0.0010819414,7,1,0.0
erdos_renyi,5000,5,uniform,0.01,1,2460133246,pruned,0.2367,5024,75,363,75,44,inf,0.0,0,0,100.0
erdos_renyi,5000,5,uniform,0.05,1,2460133246,pruned,0.0435,1344,14,73,13,10,inf,0.0,0,0,100.0
erdos_renyi,5000,5,uniform,0.1,1,2460133246,pruned,0.0242,776,8,42,7,4,inf,0.0,0,0,100.0
erdos_renyi,5000,5,uniform,0.5,1,2460133246,pruned,0.0056,360,1,4,0,1,inf,0.0,0,0,100.0
erdos_renyi,5000,5,uniform,0,2,3153121,baseline,6.9621,357924,1159,5786,5786,2652,7.592486,0.0005042259,7,1,0.0
erdos_renyi,5000,5,uniform,0.001,2,3153121,pruned,1.3223,44828,634,3204,685,390,inf,0.0,0,0,100.0
erdos_renyi,5000,5,uniform,0.01,2,3153121,pruned,0.131,4952,74,379,74,49,inf,0.0,0,0,100.0
erdos_renyi,5000,5,uniform,0.05,2,3153121,pruned,0.0251,1344,15,82,14,11,inf,0.0,0,0,100.0
erdos_renyi,5000,5,uniform,0.1,2,3153121,pruned,0.0078,360,4,20,3,2,inf,0.0,0,0,100.0
erdos_renyi,5000,5,uniform,0.5,2,3153121,pruned,0.003,360,1,4,0,1,inf,0.0,0,0,100.0
erdos_renyi,5000,5,uniform,0,3,3203528661,baseline,11.4768,429308,3733,18580,18580,3074,9.544948,7.15619e-05,8,1,0.0
erdos_renyi,5000,5,uniform,0.001,3,3203528661,pruned,1.7604,44540,622,3081,675,379,inf,0.0,0,0,100.0
erdos_renyi,5000,5,uniform,0.01,3,3203528661,pruned,0.2048,5096,77,379,76,46,inf,0.0,0,0,100.0
erdos_renyi,5000,5,uniform,0.05,3,3203528661,pruned,0.0412,1344,16,76,15,11,inf,0.0,0,0,100.0
erdos_renyi,5000,5,uniform,0.1,3,3203528661,pruned,0.0147,360,5,23,4,4,inf,0.0,0,0,100.0
erdos_renyi,5000,5,uniform,0.5,3,3203528661,pruned,0.0053,360,1,4,0,1,inf,0.0,0,0,100.0
erdos_renyi,5000,5,uniform,0,4,3510544954,baseline,9.5819,422172,2544,12662,12662,3060,8.604094,0.0001833536,8,1,0.0
erdos_renyi,5000,5,uniform,0.001,4,3510544954,pruned,2.145,45356,657,3260,694,395,inf,0.0,0,0,100.0
erdos_renyi,5000,5,uniform,0.01,4,3510544954,pruned,0.1547,4832,71,355,71,44,inf,0.0,0,0,100.0
erdos_renyi,5000,5,uniform,0.05,4,3510544954,pruned,0.0273,1344,17,85,16,11,inf,0.0,0,0,100.0
erdos_renyi,5000,5,uniform,0.1,4,3510544954,pruned,0.0112,568,6,31,5,5,inf,0.0,0,0,100.0
erdos_renyi,5000,5,uniform,0.5,4,3510544954,pruned,0.0031,360,1,5,0,1,inf,0.0,0,0,100.0
erdos_renyi,5000,5,uniform,0,5,298167850,baseline,1.0272,86132,224,1137,1137,825,5.783922,0.0030766248,6,1,0.0
erdos_renyi,5000,5,uniform,0.001,5,298167850,pruned,0.547,44796,224,1137,644,405,5.783922,0.0030766248,6,1,0.0
erdos_renyi,5000,5,uniform,0.01,5,298167850,pruned,0.0947,4576,65,342,64,40,inf,0.0,0,0,100.0
erdos_renyi,5000,5,uniform,0.05,5,298167850,pruned,0.0218,1344,14,70,13,9,inf,0.0,0,0,100.0
erdos_renyi,5000,5,uniform,0.1,5,298167850,pruned,0.0105,776,7,32,6,5,inf,0.0,0,0,100.0
erdos_renyi,5000,5,uniform,0.5,5,298167850,pruned,0.0032,360,1,5,0,1,inf,0.0,0,0,100.0
erdos_renyi,5000,5,uniform,0,6,651667175,baseline,3.135,357588,848,4199,4199,2291,7.174243,0.0007660652,5,1,0.0
erdos_renyi,5000,5,uniform,0.001,6,651667175,pruned,1.6601,45284,653,3241,695,395,inf,0.0,0,0,100.0
erdos_renyi,5000,5,uniform,0.01,6,651667175,pruned,0.1766,4624,67,318,66,41,inf,0.0,0,0,100.0
erdos_renyi,5000,5,uniform,0.05,6,651667175,pruned,0.0386,1344,14,68,13,9,inf,0.0,0,0,100.0
erdos_renyi,5000,5,uniform,0.1,6,651667175,pruned,0.0191,776,7,35,6,4,inf,0.0,0,0,100.0
erdos_renyi,5000,5,uniform,0.5,6,651667175,pruned,0.0047,360,1,6,0,1,inf,0.0,0,0,100.0
erdos_renyi,5000,5,uniform,0,7,1212840944,baseline,7.3847,414996,2350,11763,11763,3015,8.566984,0.0001902857,6,1,0.0
erdos_renyi,5000,5,uniform,0.001,7,1212840944,pruned,1.3627,44564,623,3110,677,387,inf,0.0,0,0,100.0
erdos_renyi,5000,5,uniform,0.01,7,1212840944,pruned,0.1077,4640,64,338,65,39,inf,0.0,0,0,100.0
erdos_renyi,5000,5,uniform,0.05,7,1212840944,pruned,0.017,776,9,52,8,6,inf,0.0,0,0,100.0
erdos_renyi,5000,5,uniform,0.1,7,1212840944,pruned,0.0108,568,6,33,5,5,inf,0.0,0,0,100.0
erdos_renyi,5000,5,uniform,0.5,7,1212840944,pruned,0.0031,360,1,7,0,1,inf,0.0,0,0,100.0
erdos_renyi,5000,5,uniform,0,8,1956763501,baseline,6.583,401148,1639,8215,8215,3027,8.00484,0.0003338429,7,1,0.0
erdos_renyi,5000,5,uniform,0.001,8,1956763501,pruned,2.5167,45260,653,3265,699,393,inf,0.0,0,0,100.0
erdos_renyi,5000,5,uniform,0.01,8,1956763501,pruned,0.2184,4600,66,323,65,41,inf,0.0,0,0,100.0
erdos_renyi,5000,5,uniform,0.05,8,1956763501,pruned,0.0475,1344,14,68,13,9,inf,0.0,0,0,100.0
erdos_renyi,5000,5,uniform,0.1,8,1956763501,pruned,0.0246,568,6,34,5,4,inf,0.0,0,0,100.0
erdos_renyi,5000,5,uniform,0.5,8,1956763501,pruned,0.0103,360,1,7,0,1,inf,0.0,0,0,100.0
erdos_renyi,5000,5,uniform,0,9,2990038670,baseline,12.9773,431556,3188,16153,16153,3109,9.088588,0.0001129475,8,1,0.0
erdos_renyi,5000,5,uniform,0.001,9,2990038670,pruned,1.3319,44852,635,3243,679,379,inf,0.0,0,0,100.0
erdos_renyi,5000,5,uniform,0.01,9,2990038670,pruned,0.1186,4760,70,342,70,43,inf,0.0,0,0,100.0
erdos_renyi,5000,5,uniform,0.05,9,2990038670,pruned,0.0228,1344,14,71,13,9,inf,0.0,0,0,100.0
erdos_renyi,5000,5,uniform,0.1,9,2990038670,pruned,0.0104,568,6,30,5,3,inf,0.0,0,0,100.0
erdos_renyi,5000,5,uniform,0.5,9,2990038670,pruned,0.003,360,1,4,0,1,inf,0.0,0,0,100.0
erdos_renyi,5000,5,uniform,0,10,3630489443,baseline,9.4042,432012,3466,17267,17267,3120,9.239645,9.71121e-05,9,1,0.0
erdos_renyi,5000,5,uniform,0.001,10,3630489443,pruned,2.4372,45692,671,3317,722,396,inf,0.0,0,0,100.0
erdos_renyi,5000,5,uniform,0.01,10,3630489443,pruned,0.227,4856,72,366,71,45,inf,0.0,0,0,100.0
erdos_renyi,5000,5,uniform,0.05,10,3630489443,pruned,0.0421,1344,13,62,12,9,inf,0.0,0,0,100.0
erdos_renyi,5000,5,uniform,0.1,10,3630489443,pruned,0.0243,776,8,41,7,4,inf,0.0,0,0,100.0
erdos_renyi,5000,5,uniform,0.5,10,3630489443,pruned,0.0093,360,1,3,0,1,inf,0.0,0,0,100.0
erdos_renyi,5000,5,power_law,0,1,666730952,baseline,8.7449,439820,2428,12036,12036,3252,8.524736,0.0001984971,9,1,0.0
erdos_renyi,5000,5,power_law,0.001,1,666730952,pruned,1.5297,85012,730,3625,783,360,inf,0.0,0,0,100.0
erdos_renyi,5000,5,power_law,0.01,1,666730952,pruned,0.147,4944,76,397,76,36,inf,0.0,0,0,100.0
erdos_renyi,5000,5,power_law,0.05,1,666730952,pruned,0.0316,1344,14,78,13,6,inf,0.0,0,0,100.0
erdos_renyi,5000,5,power_law,0.1,1,666730952,pruned,0.0184,1152,11,59,10,6,inf,0.0,0,0,100.0
erdos_renyi,5000,5,power_law,0.5,1,666730952,pruned,0.0036,360,1,6,0,1,inf,0.0,0,0,100.0
erdos_renyi,5000,5,power_law,0,2,3634549637,baseline,8.1405,432412,2025,10119,10119,3262,8.251677,0.0002608208,7,1,0.0
erdos_renyi,5000,5,power_law,0.001,2,3634549637,pruned,1.5838,85060,742,3745,799,377,inf,0.0,0,0,100.0
erdos_renyi,5000,5,power_law,0.01,2,3634549637,pruned,0.1458,4744,71,349,70,36,inf,0.0,0,0,100.0
erdos_renyi,5000,5,power_law,0.05,2,3634549637,pruned,0.0294,1344,19,86,18,10,inf,0.0,0,0,100.0
erdos_renyi,5000,5,power_law,0.1,2,3634549637,pruned,0.014,776,9,37,8,4,inf,0.0,0,0,100.0
erdos_renyi,5000,5,power_law,0.5,2,3634549637,pruned,0.0031,360,1,5,0,1,inf,0.0,0,0,100.0
erdos_renyi,5000,5,power_law,0,3,430378639,baseline,8.7817,444540,2643,13254,13254,3276,8.69265,0.0001678147,7,1,0.0
erdos_renyi,5000,5,power_law,0.001,3,430378639,pruned,1.5917,85060,739,3729,797,374,inf,0.0,0,0,100.0
erdos_renyi,5000,5,power_law,0.01,3,430378639,pruned,0.1318,5288,83,403,82,42,inf,0.0,0,0,100.0
erdos_renyi,5000,5,power_law,0.05,3,430378639,pruned,0.0248,1344,14,66,13,9,inf,0.0,0,0,100.0
erdos_renyi,5000,5,power_law,0.1,3,430378639,pruned,0.0093,360,5,29,4,3,inf,0.0,0,0,100.0
erdos_renyi,5000,5,power_law,0.5,3,430378639,pruned,0.0048,360,2,12,1,1,inf,0.0,0,0,100.0
erdos_renyi,5000,5,power_law,0,4,3981825318,baseline,13.0246,385268,1373,6859,6859,2908,7.719884,0.0004439119,5,1,0.0
erdos_renyi,5000,5,power_law,0.001,4,3981825318,pruned,2.7222,84676,705,3503,766,347,inf,0.0,0,0,100.0
erdos_renyi,5000,5,power_law,0.01,4,3981825318,pruned,0.298,5208,80,383,80,38,inf,0.0,0,0,100.0
erdos_renyi,5000,5,power_law,0.05,4,3981825318,pruned,0.0724,1344,17,91,16,7,inf,0.0,0,0,100.0
erdos_renyi,5000,5,power_law,0.1,4,3981825318,pruned,0.04,776,9,50,8,6,inf,0.0,0,0,100.0
erdos_renyi,5000,5,power_law,0.5,4,3981825318,pruned,0.011,360,1,6,0,1,inf,0.0,0,0,100.0
erdos_renyi,5000,5,power_law,0,5,1805715742,baseline,11.654,447972,3655,18196,18196,3269,9.37518,8.4803e-05,11,1,0.0
erdos_renyi,5000,5,power_law,0.001,5,1805715742,pruned,1.6342,85084,747,3742,809,387,inf,0.0,0,0,100.0
erdos_renyi,5000,5,power_law,0.01,5,1805715742,pruned,0.1267,5352,84,422,83,40,inf,0.0,0,0,100.0
erdos_renyi,5000,5,power_law,0.05,5,1805715742,pruned,0.0269,1344,17,96,16,7,inf,0.0,0,0,100.0
erdos_renyi,5000,5,power_law,0.1,5,1805715742,pruned,0.0153,776,10,53,9,3,inf,0.0,0,0,100.0
erdos_renyi,5000,5,power_law,0.5,5,1805715742,pruned,0.0035,360,2,6,1,1,inf,0.0,0,0,100.0
erdos_renyi,5000,5,power_law,0,6,2354841397,baseline,9.8152,424724,2042,10149,10149,3200,8.270909,0.0002558527,7,1,0.0
erdos_renyi,5000,5,power_law,0.001,6,2354841397,pruned,1.5143,85108,742,3690,803,370,inf,0.0,0,0,100.0
erdos_renyi,5000,5,power_law,0.01,6,2354841397,pruned,0.1373,5304,83,430,83,36,inf,0.0,0,0,100.0
erdos_renyi,5000,5,power_law,0.05,6,2354841397,pruned,0.0246,1344,16,78,15,8,inf,0.0,0,0,100.0
erdos_renyi,5000,5,power_law,0.1,6,2354841397,pruned,0.0165,1152,11,51,10,6,inf,0.0,0,0,100.0
erdos_renyi,5000,5,power_law,0.5,6,2354841397,pruned,0.0047,360,2,9,1,1,inf,0.0,0,0,100.0
erdos_renyi,5000,5,power_law,0,7,3647624574,baseline,15.659,440844,3066,15341,15341,3207,8.986082,0.0001251394,8,1,0.0
erdos_renyi,5000,5,power_law,0.001,7,3647624574,pruned,2.5951,84988,711,3554,757,365,inf,0.0,0,0,100.0
erdos_renyi,5000,5,power_law,0.01,7,3647624574,pruned,0.245,5280,82,397,83,40,inf,0.0,0,0,100.0
erdos_renyi,5000,5,power_law,0.05,7,3647624574,pruned,0.0489,1344,17,85,16,10,inf,0.0,0,0,100.0
erdos_renyi,5000,5,power_law,0.1,7,3647624574,pruned,0.0216,776,8,36,7,4,inf,0.0,0,0,100.0
erdos_renyi,5000,5,power_law,0.5,7,3647624574,pruned,0.0058,360,1,3,0,1,inf,0.0,0,0,100.0
erdos_renyi,5000,5,power_law,0,8,142051215,baseline,12.565,449956,4456,22317,22317,3278,10.321924,3.29037e-05,11,1,0.0
erdos_renyi,5000,5,power_law,0.001,8,142051215,pruned,1.5213,85108,720,3624,767,361,inf,0.0,0,0,100.0
erdos_renyi,5000,5,power_law,0.01,8,142051215,pruned,0.1417,10480,88,442,88,43,inf,0.0,0,0,100.0
erdos_renyi,5000,5,power_law,0.05,8,142051215,pruned,0.0257,1344,17,79,16,8,inf,0.0,0,0,100.0
erdos_renyi,5000,5,power_law,0.1,8,142051215,pruned,0.0147,776,10,49,9,4,inf,0.0,0,0,100.0
erdos_renyi,5000,5,power_law,0.5,8,142051215,pruned,0.0042,360,2,7,1,1,inf,0.0,0,0,100.0
erdos_renyi,5000,5,power_law,0,9,2204684054,baseline,9.411,433756,2398,12043,12043,3222,8.528813,0.0001976895,9,1,0.0
erdos_renyi,5000,5,power_law,0.001,9,2204684054,pruned,2.0401,84628,717,3572,766,343,inf,0.0,0,0,100.0
erdos_renyi,5000,5,power_law,0.01,9,2204684054,pruned,0.1362,5096,78,394,79,43,inf,0.0,0,0,100.0
erdos_renyi,5000,5,power_law,0.05,9,2204684054,pruned,0.0221,1344,13,68,12,6,inf,0.0,0,0,100.0
erdos_renyi,5000,5,power_law,0.1,9,2204684054,pruned,0.0153,776,10,51,9,5,inf,0.0,0,0,100.0
erdos_renyi,5000,5,power_law,0.5,9,2204684054,pruned,0.0034,360,1,5,0,1,inf,0.0,0,0,100.0
erdos_renyi,5000,5,power_law,0,10,4054138289,baseline,4.5994,376820,1260,6321,6321,2873,7.64224,0.0004797525,8,1,0.0
erdos_renyi,5000,5,power_law,0.001,10,4054138289,pruned,1.3071,45092,671,3396,732,322,inf,0.0,0,0,100.0
erdos_renyi,5000,5,power_law,0.01,10,4054138289,pruned,0.1223,5256,83,385,85,38,inf,0.0,0,0,100.0
erdos_renyi,5000,5,power_law,0.05,10,4054138289,pruned,0.0307,1408,20,90,19,10,inf,0.0,0,0,100.0
erdos_renyi,5000,5,power_law,0.1,10,4054138289,pruned,0.0132,776,8,40,7,4,inf,0.0,0,0,100.0
erdos_renyi,5000,5,power_law,0.5,10,4054138289,pruned,0.0039,360,1,5,0,1,inf,0.0,0,0,100.0
erdos_renyi,5000,10,uniform,0,1,15293317,baseline,17.0429,535652,3108,31136,31136,4474,9.298688,9.15443e-05,6,1,0.0
erdos_renyi,5000,10,uniform,0.001,1,15293317,pruned,1.4685,43532,456,4570,468,370,inf,0.0,0,0,100.0
erdos_renyi,5000,10,uniform,0.01,1,15293317,pruned,0.3029,4400,50,502,49,41,inf,0.0,0,0,100.0
erdos_renyi,5000,10,uniform,0.05,1,15293317,pruned,0.046,776,8,79,7,7,inf,0.0,0,0,100.0
erdos_renyi,5000,10,uniform,0.1,1,15293317,pruned,0.0385,776,7,70,6,6,inf,0.0,0,0,100.0
erdos_renyi,5000,10,uniform,0.5,1,15293317,pruned,0.0111,360,1,8,0,1,inf,0.0,0,0,100.0
erdos_renyi,5000,10,uniform,0,2,1050315970,baseline,43.4563,531996,4531,45380,45380,4407,10.330833,3.26119e-05,4,1,0.0
erdos_renyi,5000,10,uniform,0.001,2,1050315970,pruned,1.165,43484,453,4523,467,381,inf,0.0,0,0,100.0
erdos_renyi,5000,10,uniform,0.01,2,1050315970,pruned,0.1179,4400,52,502,51,43,inf,0.0,0,0,100.0
erdos_renyi,5000,10,uniform,0.05,2,1050315970,pruned,0.0219,816,10,96,9,9,inf,0.0,0,0,100.0
erdos_renyi,5000,10,uniform,0.1,2,1050315970,pruned,0.0134,568,6,61,5,5,inf,0.0,0,0,100.0
erdos_renyi,5000,10,uniform,0.5,2,1050315970,pruned,0.0035,360,1,11,0,1,inf,0.0,0,0,100.0
erdos_renyi,5000,10,uniform,0,3,1939357021,baseline,21.502,533052,3518,35142,35142,4440,9.568359,6.9906e-05,6,1,0.0
erdos_renyi,5000,10,uniform,0.001,3,1939357021,pruned,1.3493,43508,460,4604,490,379,inf,0.0,0,0,100.0
erdos_renyi,5000,10,uniform,0.01,3,1939357021,pruned,0.129,4448,56,568,55,46,inf,0.0,0,0,100.0
erdos_renyi,5000,10,uniform,0.05,3,1939357021,pruned,0.0202,776,9,95,8,8,inf,0.0,0,0,100.0
erdos_renyi,5000,10,uniform,0.1,3,1939357021,pruned,0.0136,568,6,66,5,5,inf,0.0,0,0,100.0
erdos_renyi,5000,10,uniform,0.5,3,1939357021,pruned,0.0036,360,1,12,0,1,inf,0.0,0,0,100.0
erdos_renyi,5000,10,uniform,0,4,644208661,baseline,8.4822,516660,1429,14191,14191,4395,8.14604,0.000289881,5,1,0.0
erdos_renyi,5000,10,uniform,0.001,4,644208661,pruned,1.1168,43532,442,4391,457,352,inf,0.0,0,0,100.0
erdos_renyi,5000,10,uniform,0.01,4,644208661,pruned,0.2331,4400,48,486,47,41,inf,0.0,0,0,100.0
erdos_renyi,5000,10,uniform,0.05,4,644208661,pruned,0.0359,776,7,73,6,6,inf,0.0,0,0,100.0
erdos_renyi,5000,10,uniform,0.1,4,644208661,pruned,0.0291,568,6,61,5,5,inf,0.0,0,0,100.0
erdos_renyi,5000,10,uniform,0.5,4,644208661,pruned,0.0042,360,1,10,0,1,inf,0.0,0,0,100.0
erdos_renyi,5000,10,uniform,0,5,2862677019,baseline,15.3397,531444,3162,31501,31501,4412,9.36999,8.52442e-05,6,1,0.0
erdos_renyi,5000,10,uniform,0.001,5,2862677019,pruned,1.158,43508,437,4361,463,353,inf,0.0,0,0,100.0
erdos_renyi,5000,10,uniform,0.01,5,2862677019,pruned,0.1669,4400,50,503,49,42,inf,0.0,0,0,100.0
erdos_renyi,5000,10,uniform,0.05,5,2862677019,pruned,0.0334,776,8,78,7,6,inf,0.0,0,0,100.0
erdos_renyi,5000,10,uniform,0.1,5,2862677019,pruned,0.0228,776,7,69,6,6,inf,0.0,0,0,100.0
erdos_renyi,5000,10,uniform,0.5,5,2862677019,pruned,0.0038,360,1,8,0,1,inf,0.0,0,0,100.0
erdos_renyi,5000,10,uniform,0,6,1289246717,baseline,18.248,528876,3839,38354,38354,4383,9.793166,5.58319e-05,6,1,0.0
erdos_renyi,5000,10,uniform,0.001,6,1289246717,pruned,1.0866,43532,423,4219,442,340,inf,0.0,0,0,100.0
erdos_renyi,5000,10,uniform,0.01,6,1289246717,pruned,0.1003,4400,47,479,47,39,inf,0.0,0,0,100.0
erdos_renyi,5000,10,uniform,0.05,6,1289246717,pruned,0.0175,776,8,80,7,7,inf,0.0,0,0,100.0
erdos_renyi,5000,10,uniform,0.1,6,1289246717,pruned,0.0107,360,5,50,4,4,inf,0.0,0,0,100.0
erdos_renyi,5000,10,uniform,0.5,6,1289246717,pruned,0.0032,360,1,8,0,1,inf,0.0,0,0,100.0
erdos_renyi,5000,10,uniform,0,7,2768914624,baseline,13.0272,536020,2067,20574,20574,4499,8.642807,0.000176391,5,1,0.0
erdos_renyi,5000,10,uniform,0.001,7,2768914624,pruned,1.847,43508,466,4646,480,372,inf,0.0,0,0,100.0
erdos_renyi,5000,10,uniform,0.01,7,2768914624,pruned,0.1404,4400,50,501,49,41,inf,0.0,0,0,100.0
erdos_renyi,5000,10,uniform,0.05,7,2768914624,pruned,0.0211,776,9,95,8,8,inf,0.0,0,0,100.0
erdos_renyi,5000,10,uniform,0.1,7,2768914624,pruned,0.0128,568,6,60,5,5,inf,0.0,0,0,100.0
erdos_renyi,5000,10,uniform,0.5,7,2768914624,pruned,0.0036,360,1,11,0,1,inf,0.0,0,0,100.0
erdos_renyi,5000,10,uniform,0,8,3810666429,baseline,9.9221,528020,2104,20945,20945,4395,8.704601,0.0001658211,6,1,0.0
erdos_renyi,5000,10,uniform,0.001,8,3810666429,pruned,1.2927,43412,456,4525,481,379,inf,0.0,0,0,100.0
erdos_renyi,5000,10,uniform,0.01,8,3810666429,pruned,0.1448,4472,57,572,56,47,inf,0.0,0,0,100.0
erdos_renyi,5000,10,uniform,0.05,8,3810666429,pruned,0.0238,776,10,102,9,8,inf,0.0,0,0,100.0
erdos_renyi,5000,10,uniform,0.1,8,3810666429,pruned,0.0172,776,8,82,7,7,inf,0.0,0,0,100.0
erdos_renyi,5000,10,uniform,0.5,8,3810666429,pruned,0.0037,360,1,11,0,1,inf,0.0,0,0,100.0
erdos_renyi,5000,10,uniform,0,9,1228895102,baseline,13.6606,533460,2613,26098,26098,4446,8.996823,0.0001238025,5,1,0.0
erdos_renyi,5000,10,uniform,0.001,9,1228895102,pruned,1.2208,43484,447,4518,469,372,inf,0.0,0,0,100.0
erdos_renyi,5000,10,uniform,0.01,9,1228895102,pruned,0.1381,4400,48,486,47,39,inf,0.0,0,0,100.0
erdos_renyi,5000,10,uniform,0.05,9,1228895102,pruned,0.0219,776,9,99,8,8,inf,0.0,0,0,100.0
erdos_renyi,5000,10,uniform,0.1,9,1228895102,pruned,0.0167,776,7,75,6,6,inf,0.0,0,0,100.0
erdos_renyi,5000,10,uniform,0.5,9,1228895102,pruned,0.0036,360,1,10,0,1,inf,0.0,0,0,100.0
erdos_renyi,5000,10,uniform,0,10,4046670231,baseline,38.0403,535876,4393,43947,43947,4481,10.239771,3.5721e-05,6,1,0.0
erdos_renyi,5000,10,uniform,0.001,10,4046670231,pruned,1.7238,43508,431,4332,449,356,inf,0.0,0,0,100.0
erdos_renyi,5000,10,uniform,0.01,10,4046670231,pruned,0.1935,4400,49,499,49,42,inf,0.0,0,0,100.0
erdos_renyi,5000,10,uniform,0.05,10,4046670231,pruned,0.0348,776,9,93,8,8,inf,0.0,0,0,100.0
erdos_renyi,5000,10,uniform,0.1,10,4046670231,pruned,0.0403,568,6,61,5,5,inf,0.0,0,0,100.0
erdos_renyi,5000,10,uniform,0.5,10,4046670231,pruned,0.017,360,1,11,0,1,inf,0.0,0,0,100.0
erdos_renyi,5000,10,power_law,0,1,258898056,baseline,23.5543,575204,4332,43448,43448,4841,10.114596,4.04843e-05,6,1,0.0
erdos_renyi,5000,10,power_law,0.001,1,258898056,pruned,2.2659,43580,523,5296,550,306,inf,0.0,0,0,100.0
erdos_renyi,5000,10,power_law,0.01,1,258898056,pruned,0.1686,4496,59,597,58,34,inf,0.0,0,0,100.0
erdos_renyi,5000,10,power_law,0.05,1,258898056,pruned,0.0372,776,10,98,9,4,inf,0.0,0,0,100.0
erdos_renyi,5000,10,power_law,0.1,1,258898056,pruned,0.0148,776,7,69,6,2,inf,0.0,0,0,100.0
erdos_renyi,5000,10,power_law,0.5,1,258898056,pruned,0.0073,360,3,29,2,1,inf,0.0,0,0,100.0
erdos_renyi,5000,10,power_law,0,2,770571677,baseline,39.4572,577188,4929,49130,49130,4879,11.386011,1.13532e-05,6,1,0.0
erdos_renyi,5000,10,power_law,0.001,2,770571677,pruned,2.4438,43436,540,5359,576,305,inf,0.0,0,0,100.0
erdos_renyi,5000,10,power_law,0.01,2,770571677,pruned,0.1605,4336,50,477,50,28,inf,0.0,0,0,100.0
erdos_renyi,5000,10,power_law,0.05,2,770571677,pruned,0.0358,1344,13,122,12,7,inf,0.0,0,0,100.0
erdos_renyi,5000,10,power_law,0.1,2,770571677,pruned,0.0164,360,5,47,4,4,inf,0.0,0,0,100.0
erdos_renyi,5000,10,power_law,0.5,2,770571677,pruned,0.0046,360,1,8,0,1,inf,0.0,0,0,100.0
erdos_renyi,5000,10,power_law,0,3,441078341,baseline,22.8392,576492,4830,48257,48257,4852,10.920202,1.80891e-05,11,1,0.0
erdos_renyi,5000,10,power_law,0.001,3,441078341,pruned,2.6483,43580,524,5262,556,307,inf,0.0,0,0,100.0
erdos_renyi,5000,10,power_law,0.01,3,441078341,pruned,0.3314,4624,66,650,65,30,inf,0.0,0,0,100.0
erdos_renyi,5000,10,power_law,0.05,3,441078341,pruned,0.0463,1344,12,117,11,6,inf,0.0,0,0,100.0
erdos_renyi,5000,10,power_law,0.1,3,441078341,pruned,0.0151,360,4,35,3,2,inf,0.0,0,0,100.0
erdos_renyi,5000,10,power_law,0.5,3,441078341,pruned,0.0085,360,2,19,1,1,inf,0.0,0,0,100.0
erdos_renyi,5000,10,power_law,0,4,2888687332,baseline,19.7534,578060,2729,27348,27348,4874,8.953733,0.0001292537,7,1,0.0
erdos_renyi,5000,10,power_law,0.001,4,2888687332,pruned,1.4209,43556,557,5579,588,340,inf,0.0,0,0,100.0
erdos_renyi,5000,10,power_law,0.01,4,2888687332,pruned,0.1556,4336,53,542,52,32,inf,0.0,0,0,100.0
erdos_renyi,5000,10,power_law,0.05,4,2888687332,pruned,0.0294,1152,11,117,10,7,inf,0.0,0,0,100.0
erdos_renyi,5000,10,power_law,0.1,4,2888687332,pruned,0.0126,360,5,53,4,3,inf,0.0,0,0,100.0
erdos_renyi,5000,10,power_law,0.5,4,2888687332,pruned,0.0054,360,2,19,1,1,inf,0.0,0,0,100.0
erdos_renyi,5000,10,power_law,0,5,148911545,baseline,23.7149,578284,4816,48244,48244,4872,10.903213,1.8399e-05,7,1,0.0
erdos_renyi,5000,10,power_law,0.001,5,148911545,pruned,1.9775,43484,542,5476,570,330,inf,0.0,0,0,100.0
erdos_renyi,5000,10,power_law,0.01,5,148911545,pruned,0.1589,4432,58,587,57,31,inf,0.0,0,0,100.0
erdos_renyi,5000,10,power_law,0.05,5,148911545,pruned,0.0299,776,10,102,9,6,inf,0.0,0,0,100.0
erdos_renyi,5000,10,power_law,0.1,5,148911545,pruned,0.0128,360,3,34,2,2,inf,0.0,0,0,100.0
erdos_renyi,5000,10,power_law,0.5,5,148911545,pruned,0.0055,360,2,23,1,1,inf,0.0,0,0,100.0
erdos_renyi,5000,10,power_law,0,6,11386869,baseline,4.8228,386044,395,3991,3991,2667,6.612951,0.0013428631,6,1,0.0
erdos_renyi,5000,10,power_law,0.001,6,11386869,pruned,1.2699,43556,395,3991,542,309,6.612951,0.0013428631,6,1,0.0
erdos_renyi,5000,10,power_law,0.01,6,11386869,pruned,0.1382,4616,63,627,62,35,inf,0.0,0,0,100.0
erdos_renyi,5000,10,power_law,0.05,6,11386869,pruned,0.0276,1344,12,121,11,6,inf,0.0,0,0,100.0
erdos_renyi,5000,10,power_law,0.1,6,11386869,pruned,0.0109,360,5,50,4,2,inf,0.0,0,0,100.0
erdos_renyi,5000,10,power_law,0.5,6,11386869,pruned,0.0052,360,2,18,1,1,inf,0.0,0,0,100.0
erdos_renyi,5000,10,power_law,0,7,2462617036,baseline,5.3823,492652,887,8849,8849,4256,7.498357,0.0005539939,4,1,0.0
erdos_renyi,5000,10,power_law,0.001,7,2462617036,pruned,1.6645,43580,527,5282,556,311,inf,0.0,0,0,100.0
erdos_renyi,5000,10,power_law,0.01,7,2462617036,pruned,0.1478,4496,58,591,57,37,inf,0.0,0,0,100.0
erdos_renyi,5000,10,power_law,0.05,7,2462617036,pruned,0.0192,776,8,87,7,5,inf,0.0,0,0,100.0
erdos_renyi,5000,10,power_law,0.1,7,2462617036,pruned,0.0127,568,6,63,5,3,inf,0.0,0,0,100.0
erdos_renyi,5000,10,power_law,0.5,7,2462617036,pruned,0.0036,360,1,10,0,1,inf,0.0,0,0,100.0
erdos_renyi,5000,10,power_law,0,8,1172549677,baseline,16.4937,575756,3448,34537,34537,4835,9.465113,7.75093e-05,5,1,0.0
erdos_renyi,5000,10,power_law,0.001,8,1172549677,pruned,1.4358,43508,522,5205,555,304,inf,0.0,0,0,100.0
erdos_renyi,5000,10,power_law,0.01,8,1172549677,pruned,0.12,4336,51,514,51,29,inf,0.0,0,0,100.0
erdos_renyi,5000,10,power_law,0.05,8,1172549677,pruned,0.0289,1408,14,138,13,11,inf,0.0,0,0,100.0
erdos_renyi,5000,10,power_law,0.1,8,1172549677,pruned,0.0114,360,5,46,4,3,inf,0.0,0,0,100.0
erdos_renyi,5000,10,power_law,0.5,8,1172549677,pruned,0.0034,360,1,9,0,1,inf,0.0,0,0,100.0
erdos_renyi,5000,10,power_law,0,9,382193838,baseline,16.4528,574268,3254,32530,32530,4817,9.390728,8.34946e-05,6,1,0.0
erdos_renyi,5000,10,power_law,0.001,9,382193838,pruned,1.4532,43580,509,5144,530,291,inf,0.0,0,0,100.0
erdos_renyi,5000,10,power_law,0.01,9,382193838,pruned,0.1712,4520,58,585,59,36,inf,0.0,0,0,100.0
erdos_renyi,5000,10,power_law,0.05,9,382193838,pruned,0.0387,1152,11,113,11,7,inf,0.0,0,0,100.0
erdos_renyi,5000,10,power_law,0.1,9,382193838,pruned,0.0206,360,5,55,4,2,inf,0.0,0,0,100.0
erdos_renyi,5000,10,power_law,0.5,9,382193838,pruned,0.0041,360,1,11,0,1,inf,0.0,0,0,100.0
erdos_renyi,5000,10,power_law,0,10,13597240,baseline,14.972,576476,3028,30317,30317,4859,9.193278,0.0001017208,4,1,0.0
erdos_renyi,5000,10,power_law,0.001,10,13597240,pruned,1.9085,43532,542,5448,569,309,inf,0.0,0,0,100.0
erdos_renyi,5000,10,power_law,0.01,10,13597240,pruned,0.1762,4424,55,554,55,34,inf,0.0,0,0,100.0
erdos_renyi,5000,10,power_law,0.05,10,13597240,pruned,0.022,776,9,88,8,4,inf,0.0,0,0,100.0
erdos_renyi,5000,10,power_law,0.1,10,13597240,pruned,0.0207,776,7,65,6,4,inf,0.0,0,0,100.0
erdos_renyi,5000,10,power_law,0.5,10,13597240,pruned,0.0039,360,1,9,0,1,inf,0.0,0,0,100.0
erdos_renyi,10000,2,uniform,0,1,1973055658,baseline,0.7363,43892,350,638,638,275,8.966911,0.0001275616,21,1,0.0
erdos_renyi,10000,2,uniform,0.001,1,1973055658,pruned,0.115,10648,96,168,95,30,inf,0.0,0,0,100.0
erdos_renyi,10000,2,uniform,0.01,1,1973055658,pruned,0.0441,2304,32,58,31,10,inf,0.0,0,0,100.0
erdos_renyi,10000,2,uniform,0.05,1,1973055658,pruned,0.0136,1312,12,18,11,4,inf,0.0,0,0,100.0
erdos_renyi,10000,2,uniform,0.1,1,1973055658,pruned,0.0104,776,10,18,9,3,inf,0.0,0,0,100.0
erdos_renyi,10000,2,uniform,0.5,1,1973055658,pruned,0.0044,360,3,4,2,1,inf,0.0,0,0,100.0
erdos_renyi,10000,2,uniform,0,2,1714791805,baseline,9.399,357060,3860,7775,7775,1793,11.071275,1.55527e-05,11,1,0.0
erdos_renyi,10000,2,uniform,0.001,2,1714791805,pruned,0.9375,41680,354,741,359,112,inf,0.0,0,0,100.0
erdos_renyi,10000,2,uniform,0.01,2,1714791805,pruned,0.2158,4704,72,136,71,21,inf,0.0,0,0,100.0
erdos_renyi,10000,2,uniform,0.05,2,1714791805,pruned,0.0624,2272,28,49,27,8,inf,0.0,0,0,100.0
erdos_renyi,10000,2,uniform,0.1,2,1714791805,pruned,0.0332,1344,15,31,14,6,inf,0.0,0,0,100.0
erdos_renyi,10000,2,uniform,0.5,2,1714791805,pruned,0.0094,360,2,5,1,1,inf,0.0,0,0,100.0
erdos_renyi,10000,2,uniform,0,3,564572277,baseline,10.8823,666748,5466,11057,11057,1742,14.023345,8.123e-07,13,1,0.0
erdos_renyi,10000,2,uniform,0.001,3,564572277,pruned,0.223,10640,115,226,114,32,inf,0.0,0,0,100.0
erdos_renyi,10000,2,uniform,0.01,3,564572277,pruned,0.0321,1344,21,41,20,8,inf,0.0,0,0,100.0
erdos_renyi,10000,2,uniform,0.05,3,564572277,pruned,0.0071,360,4,7,3,3,inf,0.0,0,0,100.0
erdos_renyi,10000,2,uniform,0.1,3,564572277,pruned,0.0065,360,4,7,3,3,inf,0.0,0,0,100.0
erdos_renyi,10000,2,uniform,0.5,3,564572277,pruned,0.0031,360,1,3,0,1,inf,0.0,0,0,100.0
erdos_renyi,10000,2,uniform,0,4,4236189755,baseline,12.2708,667204,5862,11839,11839,1750,12.806036,2.7442e-06,20,1,0.0
erdos_renyi,10000,2,uniform,0.001,4,4236189755,pruned,0.5546,41392,347,720,351,108,inf,0.0,0,0,100.0
erdos_renyi,10000,2,uniform,0.01,4,4236189755,pruned,0.0966,4632,70,134,69,25,inf,0.0,0,0,100.0
erdos_renyi,10000,2,uniform,0.05,4,4236189755,pruned,0.0279,1344,20,45,19,7,inf,0.0,0,0,100.0
erdos_renyi,10000,2,uniform,0.1,4,4236189755,pruned,0.019,1344,13,30,12,6,inf,0.0,0,0,100.0
erdos_renyi,10000,2,uniform,0.5,4,4236189755,pruned,0.0034,360,1,3,0,1,inf,0.0,0,0,100.0
erdos_renyi,10000,2,uniform,0,5,2733181829,baseline,0.0295,360,3,2,2,1,0.0,1.0,3,1,0.0
erdos_renyi,10000,2,uniform,0.001,5,2733181829,pruned,0.01,360,3,2,2,1,0.0,1.0,3,1,0.0
erdos_renyi,10000,2,uniform,0.01,5,2733181829,pruned,0.0054,360,3,2,2,1,0.0,1.0,3,1,0.0
erdos_renyi,10000,2,uniform,0.05,5,2733181829,pruned,0.0048,360,3,2,2,1,0.0,1.0,3,1,0.0
erdos_renyi,10000,2,uniform,0.1,5,2733181829,pruned,0.0042,360,3,2,2,1,0.0,1.0,3,1,0.0
erdos_renyi,10000,2,uniform,0.5,5,2733181829,pruned,0.0041,360,3,2,2,1,0.0,1.0,3,1,0.0
erdos_renyi,10000,2,uniform,0,6,3992984965,baseline,5.3562,334228,2716,5414,5414,1588,13.911556,9.084e-07,13,1,0.0
erdos_renyi,10000,2,uniform,0.001,6,3992984965,pruned,0.0553,2336,31,60,30,11,inf,0.0,0,0,100.0
erdos_renyi,10000,2,uniform,0.01,6,3992984965,pruned,0.0146,1120,11,20,10,4,inf,0.0,0,0,100.0
erdos_renyi,10000,2,uniform,0.05,6,3992984965,pruned,0.0097,776,8,9,7,3,inf,0.0,0,0,100.0
erdos_renyi,10000,2,uniform,0.1,6,3992984965,pruned,0.0092,776,7,9,6,3,inf,0.0,0,0,100.0
erdos_renyi,10000,2,uniform,0.5,6,3992984965,pruned,0.0032,360,1,4,0,1,inf,0.0,0,0,100.0
erdos_renyi,10000,2,uniform,0,7,206876435,baseline,11.6779,666532,6183,12407,12407,1744,13.157523,1.9309e-06,13,1,0.0
erdos_renyi,10000,2,uniform,0.001,7,206876435,pruned,0.8469,41680,360,717,365,112,inf,0.0,0,0,100.0
erdos_renyi,10000,2,uniform,0.01,7,206876435,pruned,0.1038,4392,60,129,59,20,inf,0.0,0,0,100.0
erdos_renyi,10000,2,uniform,0.05,7,206876435,pruned,0.0314,1344,19,43,18,8,inf,0.0,0,0,100.0
erdos_renyi,10000,2,uniform,0.1,7,206876435,pruned,0.0147,776,8,22,7,4,inf,0.0,0,0,100.0
erdos_renyi,10000,2,uniform,0.5,7,206876435,pruned,0.0054,360,2,8,1,1,inf,0.0,0,0,100.0
erdos_renyi,10000,2,uniform,0,8,1625567688,baseline,10.9632,334444,2601,5188,5188,1591,12.635476,3.2545e-06,13,1,0.0
erdos_renyi,10000,2,uniform,0.001,8,1625567688,pruned,0.1297,5032,82,151,81,26,inf,0.0,0,0,100.0
erdos_renyi,10000,2,uniform,0.01,8,1625567688,pruned,0.0269,2208,23,41,22,7,inf,0.0,0,0,100.0
erdos_renyi,10000,2,uniform,0.05,8,1625567688,pruned,0.0083,568,6,9,5,3,inf,0.0,0,0,100.0
erdos_renyi,10000,2,uniform,0.1,8,1625567688,pruned,0.0071,568,6,9,5,3,inf,0.0,0,0,100.0
erdos_renyi,10000,2,uniform,0.5,8,1625567688,pruned,0.0045,360,3,4,2,1,inf,0.0,0,0,100.0
erdos_renyi,10000,2,uniform,0,9,605842868,baseline,0.0319,544,2,1,1,1,0.0,1.0,2,1,0.0
erdos_renyi,10000,2,uniform,0.001,9,605842868,pruned,0.0148,360,2,1,1,1,0.0,1.0,2,1,0.0
erdos_renyi,10000,2,uniform,0.01,9,605842868,pruned,0.0106,360,2,1,1,1,0.0,1.0,2,1,0.0
erdos_renyi,10000,2,uniform,0.05,9,605842868,pruned,0.0089,360,2,1,1,1,0.0,1.0,2,1,0.0
erdos_renyi,10000,2,uniform,0.1,9,605842868,pruned,0.0086,360,2,1,1,1,0.0,1.0,2,1,0.0
erdos_renyi,10000,2,uniform,0.5,9,605842868,pruned,0.0085,360,2,1,1,1,0.0,1.0,2,1,0.0
erdos_renyi,10000,2,uniform,0,10,2110684545,baseline,0.0411,360,3,2,2,1,0.0,1.0,3,1,0.0
erdos_renyi,10000,2,uniform,0.001,10,2110684545,pruned,0.0122,360,3,2,2,1,0.0,1.0,3,1,0.0
erdos_renyi,10000,2,uniform,0.01,10,2110684545,pruned,0.0065,360,3,2,2,1,0.0,1.0,3,1,0.0
erdos_renyi,10000,2,uniform,0.05,10,2110684545,pruned,0.0059,360,3,2,2,1,0.0,1.0,3,1,0.0
erdos_renyi,10000,2,uniform,0.1,10,2110684545,pruned,0.0051,360,3,2,2,1,0.0,1.0,3,1,0.0
erdos_renyi,10000,2,uniform,0.5,10,2110684545,pruned,0.0047,360,3,2,2,1,0.0,1.0,3,1,0.0
erdos_renyi,10000,2,power_law,0,1,581928095,baseline,12.7499,667276,4059,8126,8126,1699,12.861177,2.5969e-06,15,1,0.0
erdos_renyi,10000,2,power_law,0.001,1,581928095,pruned,0.2256,10704,139,289,139,37,inf,0.0,0,0,100.0
erdos_renyi,10000,2,power_law,0.01,1,581928095,pruned,0.0346,2272,28,53,27,9,inf,0.0,0,0,100.0
erdos_renyi,10000,2,power_law,0.05,1,581928095,pruned,0.0102,776,8,14,7,3,inf,0.0,0,0,100.0
erdos_renyi,10000,2,power_law,0.1,1,581928095,pruned,0.0071,568,6,9,5,3,inf,0.0,0,0,100.0
erdos_renyi,10000,2,power_law,0.5,1,581928095,pruned,0.0039,360,3,4,2,1,inf,0.0,0,0,100.0
erdos_renyi,10000,2,power_law,0,2,344748341,baseline,0.0297,544,2,1,1,1,0.0,1.0,2,1,0.0
erdos_renyi,10000,2,power_law,0.001,2,344748341,pruned,0.0072,360,2,1,1,1,0.0,1.0,2,1,0.0
erdos_renyi,10000,2,power_law,0.01,2,344748341,pruned,0.0034,360,2,1,1,1,0.0,1.0,2,1,0.0
erdos_renyi,10000,2,power_law,0.05,2,344748341,pruned,0.0028,360,2,1,1,1,0.0,1.0,2,1,0.0
erdos_renyi,10000,2,power_law,0.1,2,344748341,pruned,0.0025,360,2,1,1,1,0.0,1.0,2,1,0.0
erdos_renyi,10000,2,power_law,0.5,2,344748341,pruned,0.0025,360,2,1,1,1,0.0,1.0,2,1,0.0
erdos_renyi,10000,2,power_law,0,3,1325196705,baseline,11.3561,667324,4986,9898,9898,1697,12.346787,4.3437e-06,16,1,0.0
erdos_renyi,10000,2,power_law,0.001,3,1325196705,pruned,0.6202,41936,381,721,388,103,inf,0.0,0,0,100.0
erdos_renyi,10000,2,power_law,0.01,3,1325196705,pruned,0.1096,10296,88,166,87,25,inf,0.0,0,0,100.0
erdos_renyi,10000,2,power_law,0.05,3,1325196705,pruned,0.0255,1344,21,46,20,10,inf,0.0,0,0,100.0
erdos_renyi,10000,2,power_law,0.1,3,1325196705,pruned,0.0144,776,10,24,9,5,inf,0.0,0,0,100.0
erdos_renyi,10000,2,power_law,0.5,3,1325196705,pruned,0.005,360,2,8,1,1,inf,0.0,0,0,100.0
erdos_renyi,10000,2,power_law,0,4,317967625,baseline,0.0226,360,2,1,1,1,0.0,1.0,2,1,0.0
erdos_renyi,10000,2,power_law,0.001,4,317967625,pruned,0.0063,360,2,1,1,1,0.0,1.0,2,1,0.0
erdos_renyi,10000,2,power_law,0.01,4,317967625,pruned,0.0034,360,2,1,1,1,0.0,1.0,2,1,0.0
erdos_renyi,10000,2,power_law,0.05,4,317967625,pruned,0.0028,360,2,1,1,1,0.0,1.0,2,1,0.0
erdos_renyi,10000,2,power_law,0.1,4,317967625,pruned,0.0027,360,2,1,1,1,0.0,1.0,2,1,0.0
erdos_renyi,10000,2,power_law,0.5,4,317967625,pruned,0.0027,360,2,1,1,1,0.0,1.0,2,1,0.0
erdos_renyi,10000,2,power_law,0,5,1217788148,baseline,18.3329,669316,7520,14860,14860,1675,17.822387,1.82e-08,22,1,0.0
erdos_renyi,10000,2,power_law,0.001,5,1217788148,pruned,0.3704,21176,225,421,225,54,inf,0.0,0,0,100.0
erdos_renyi,10000,2,power_law,0.01,5,1217788148,pruned,0.0827,4560,67,109,66,22,inf,0.0,0,0,100.0
erdos_renyi,10000,2,power_law,0.05,5,1217788148,pruned,0.0258,1344,21,47,20,7,inf,0.0,0,0,100.0
erdos_renyi,10000,2,power_law,0.1,5,1217788148,pruned,0.014,1088,11,23,10,2,inf,0.0,0,0,100.0
erdos_renyi,10000,2,power_law,0.5,5,1217788148,pruned,0.0058,360,4,10,3,1,inf,0.0,0,0,100.0
erdos_renyi,10000,2,power_law,0,6,584994977,baseline,0.0228,360,2,1,1,1,0.0,1.0,2,1,0.0
erdos_renyi,10000,2,power_law,0.001,6,584994977,pruned,0.0064,360,2,1,1,1,0.0,1.0,2,1,0.0
erdos_renyi,10000,2,power_law,0.01,6,584994977,pruned,0.0035,360,2,1,1,1,0.0,1.0,2,1,0.0
erdos_renyi,10000,2,power_law,0.05,6,584994977,pruned,0.003,360,2,1,1,1,0.0,1.0,2,1,0.0
erdos_renyi,10000,2,power_law,0.1,6,584994977,pruned,0.0027,360,2,1,1,1,0.0,1.0,2,1,0.0
erdos_renyi,10000,2,power_law,0.5,6,584994977,pruned,0.0023,360,2,1,1,1,0.0,1.0,2,1,0.0
erdos_renyi,10000,2,power_law,0,7,3505773429,baseline,15.5405,668596,7939,15807,15807,1730,21.234237,6e-10,18,1,0.0
erdos_renyi,10000,2,power_law,0.001,7,3505773429,pruned,0.533,21176,226,417,228,56,inf,0.0,0,0,100.0
erdos_renyi,10000,2,power_law,0.01,7,3505773429,pruned,0.0961,4448,64,109,64,15,inf,0.0,0,0,100.0
erdos_renyi,10000,2,power_law,0.05,7,3505773429,pruned,0.028,1312,18,34,18,5,inf,0.0,0,0,100.0
erdos_renyi,10000,2,power_law,0.1,7,3505773429,pruned,0.0246,1312,14,28,14,4,inf,0.0,0,0,100.0
erdos_renyi,10000,2,power_law,0.5,7,3505773429,pruned,0.0039,360,1,3,0,1,inf,0.0,0,0,100.0
erdos_renyi,10000,2,power_law,0,8,64043843,baseline,11.7324,338748,3186,6381,6381,1772,11.598476,9.1801e-06,12,1,0.0
erdos_renyi,10000,2,power_law,0.001,8,64043843,pruned,0.4235,21184,203,426,203,59,inf,0.0,0,0,100.0
erdos_renyi,10000,2,power_law,0.01,8,64043843,pruned,0.0537,3328,43,86,42,10,inf,0.0,0,0,100.0
erdos_renyi,10000,2,power_law,0.05,8,64043843,pruned,0.0241,1344,21,31,20,8,inf,0.0,0,0,100.0
erdos_renyi,10000,2,power_law,0.1,8,64043843,pruned,0.0245,1344,13,21,12,5,inf,0.0,0,0,100.0
erdos_renyi,10000,2,power_law,0.5,8,64043843,pruned,0.0058,360,4,9,3,1,inf,0.0,0,0,100.0
erdos_renyi,10000,2,power_law,0,9,1341151922,baseline,10.9198,350772,3777,7446,7446,1680,13.554986,1.2976e-06,21,1,0.0
erdos_renyi,10000,2,power_law,0.001,9,1341151922,pruned,0.1702,10448,93,175,92,25,inf,0.0,0,0,100.0
erdos_renyi,10000,2,power_law,0.01,9,1341151922,pruned,0.0575,2240,24,42,23,7,inf,0.0,0,0,100.0
erdos_renyi,10000,2,power_law,0.05,9,1341151922,pruned,0.0306,1344,16,20,15,6,inf,0.0,0,0,100.0
erdos_renyi,10000,2,power_law,0.1,9,1341151922,pruned,0.0249,1344,15,16,14,5,inf,0.0,0,0,100.0
erdos_renyi,10000,2,power_law,0.5,9,1341151922,pruned,0.0071,360,1,4,0,1,inf,0.0,0,0,100.0
erdos_renyi,10000,2,power_law,0,10,3081883758,baseline,0.9989,84532,344,722,722,353,6.885614,0.0010223879,11,1,0.0
erdos_renyi,10000,2,power_law,0.001,10,3081883758,pruned,0.5149,41368,344,722,350,99,6.885614,0.0010223879,11,1,0.0
erdos_renyi,10000,2,power_law,0.01,10,3081883758,pruned,0.0853,4488,64,137,63,20,inf,0.0,0,0,100.0
erdos_renyi,10000,2,power_law,0.05,10,3081883758,pruned,0.0252,1344,20,43,19,9,inf,0.0,0,0,100.0
erdos_renyi,10000,2,power_law,0.1,10,3081883758,pruned,0.022,1120,11,24,10,4,inf,0.0,0,0,100.0
erdos_renyi,10000,2,power_law,0.5,10,3081883758,pruned,0.0058,360,3,12,2,1,inf,0.0,0,0,100.0
erdos_renyi,10000,5,uniform,0,1,2546642190,baseline,33.6965,971212,9885,49400,49400,6110,13.5135,1.3526e-06,8,1,0.0
erdos_renyi,10000,5,uniform,0.001,1,2546642190,pruned,1.6036,85412,688,3488,711,424,inf,0.0,0,0,100.0
erdos_renyi,10000,5,uniform,0.01,1,2546642190,pruned,0.1139,4544,61,324,60,40,inf,0.0,0,0,100.0
erdos_renyi,10000,5,uniform,0.05,1,2546642190,pruned,0.0319,1344,12,61,11,7,inf,0.0,0,0,100.0
erdos_renyi,10000,5,uniform,0.1,1,2546642190,pruned,0.0182,776,9,47,8,6,inf,0.0,0,0,100.0
erdos_renyi,10000,5,uniform,0.5,1,2546642190,pruned,0.0035,360,1,5,0,1,inf,0.0,0,0,100.0
erdos_renyi,10000,5,uniform,0,2,1853213652,baseline,6.6992,434164,1168,5852,5852,3539,7.488968,0.0005592196,9,1,0.0
erdos_renyi,10000,5,uniform,0.001,2,1853213652,pruned,3.8024,46236,675,3410,701,414,inf,0.0,0,0,100.0
erdos_renyi,10000,5,uniform,0.01,2,1853213652,pruned,0.4725,4856,72,366,71,45,inf,0.0,0,0,100.0
erdos_renyi,10000,5,uniform,0.05,2,1853213652,pruned,0.101,1344,16,86,15,11,inf,0.0,0,0,100.0
erdos_renyi,10000,5,uniform,0.1,2,1853213652,pruned,0.0262,568,6,29,5,4,inf,0.0,0,0,100.0
erdos_renyi,10000,5,uniform,0.5,2,1853213652,pruned,0.0114,360,1,5,0,1,inf,0.0,0,0,100.0
erdos_renyi,10000,5,uniform,0,3,2979562381,baseline,34.1275,978860,7566,37827,37827,6187,10.190324,3.75317e-05,8,1,0.0
erdos_renyi,10000,5,uniform,0.001,3,2979562381,pruned,1.6397,85460,701,3526,724,428,inf,0.0,0,0,100.0
erdos_renyi,10000,5,uniform,0.01,3,2979562381,pruned,0.312,4760,70,356,69,43,inf,0.0,0,0,100.0
erdos_renyi,10000,5,uniform,0.05,3,2979562381,pruned,0.038,1408,16,85,15,11,inf,0.0,0,0,100.0
erdos_renyi,10000,5,uniform,0.1,3,2979562381,pruned,0.0107,360,5,27,4,3,inf,0.0,0,0,100.0
erdos_renyi,10000,5,uniform,0.5,3,2979562381,pruned,0.0036,360,1,7,0,1,inf,0.0,0,0,100.0
erdos_renyi,10000,5,uniform,0,4,3700496080,baseline,2.6826,172860,293,1491,1491,1121,6.013121,0.0024464421,5,1,0.0
erdos_renyi,10000,5,uniform,0.001,4,3700496080,pruned,1.5568,45452,293,1491,660,405,6.013121,0.0024464421,5,1,0.0
erdos_renyi,10000,5,uniform,0.01,4,3700496080,pruned,0.2412,4808,71,373,70,44,inf,0.0,0,0,100.0
erdos_renyi,10000,5,uniform,0.05,4,3700496080,pruned,0.0377,1152,11,55,10,8,inf,0.0,0,0,100.0
erdos_renyi,10000,5,uniform,0.1,4,3700496080,pruned,0.0263,776,8,41,7,5,inf,0.0,0,0,100.0
erdos_renyi,10000,5,uniform,0.5,4,3700496080,pruned,0.0057,360,1,4,0,1,inf,0.0,0,0,100.0
erdos_renyi,10000,5,uniform,0,5,370908496,baseline,49.9991,971092,8987,44827,44827,6101,10.924718,1.80076e-05,9,1,0.0
erdos_renyi,10000,5,uniform,0.001,5,370908496,pruned,2.894,85340,689,3438,704,416,inf,0.0,0,0,100.0
erdos_renyi,10000,5,uniform,0.01,5,370908496,pruned,0.2547,4904,73,378,72,47,inf,0.0,0,0,100.0
erdos_renyi,10000,5,uniform,0.05,5,370908496,pruned,0.0233,1344,14,75,13,9,inf,0.0,0,0,100.0
erdos_renyi,10000,5,uniform,0.1,5,370908496,pruned,0.0101,568,6,30,5,3,inf,0.0,0,0,100.0
erdos_renyi,10000,5,uniform,0.5,5,370908496,pruned,0.0028,360,1,4,0,1,inf,0.0,0,0,100.0
erdos_renyi,10000,5,uniform,0,6,76168194,baseline,44.0503,970980,7883,39294,39294,6111,10.337548,3.23937e-05,7,1,0.0
erdos_renyi,10000,5,uniform,0.001,6,76168194,pruned,3.3704,46308,679,3395,703,429,inf,0.0,0,0,100.0
erdos_renyi,10000,5,uniform,0.01,6,76168194,pruned,0.2156,4576,65,321,64,39,inf,0.0,0,0,100.0
erdos_renyi,10000,5,uniform,0.05,6,76168194,pruned,0.0306,1152,11,58,10,8,inf,0.0,0,0,100.0
erdos_renyi,10000,5,uniform,0.1,6,76168194,pruned,0.0221,776,8,40,7,5,inf,0.0,0,0,100.0
erdos_renyi,10000,5,uniform,0.5,6,76168194,pruned,0.0084,360,1,6,0,1,inf,0.0,0,0,100.0
erdos_renyi,10000,5,uniform,0,7,4218719029,baseline,2.7328,171756,325,1605,1605,1180,6.158698,0.0021150043,6,1,0.0
erdos_renyi,10000,5,uniform,0.001,7,4218719029,pruned,2.2882,46124,325,1605,695,401,6.158698,0.0021150043,6,1,0.0
erdos_renyi,10000,5,uniform,0.01,7,4218719029,pruned,0.2064,4760,70,361,69,45,inf,0.0,0,0,100.0
erdos_renyi,10000,5,uniform,0.05,7,4218719029,pruned,0.0379,1344,13,74,12,9,inf,0.0,0,0,100.0
erdos_renyi,10000,5,uniform,0.1,7,4218719029,pruned,0.0189,568,6,31,5,5,inf,0.0,0,0,100.0
erdos_renyi,10000,5,uniform,0.5,7,4218719029,pruned,0.0052,360,1,5,0,1,inf,0.0,0,0,100.0
erdos_renyi,10000,5,uniform,0,8,3538152176,baseline,17.2882,921492,3626,18045,18045,6003,8.841465,0.0001446108,9,1,0.0
erdos_renyi,10000,5,uniform,0.001,8,3538152176,pruned,1.5844,85364,723,3553,743,431,inf,0.0,0,0,100.0
erdos_renyi,10000,5,uniform,0.01,8,3538152176,pruned,0.1897,4808,73,349,72,37,inf,0.0,0,0,100.0
erdos_renyi,10000,5,uniform,0.05,8,3538152176,pruned,0.0264,1344,16,71,15,8,inf,0.0,0,0,100.0
erdos_renyi,10000,5,uniform,0.1,8,3538152176,pruned,0.0117,776,7,29,6,4,inf,0.0,0,0,100.0
erdos_renyi,10000,5,uniform,0.5,8,3538152176,pruned,0.0031,360,1,4,0,1,inf,0.0,0,0,100.0
erdos_renyi,10000,5,uniform,0,9,1825680440,baseline,51.2582,972404,7891,39354,39354,6142,10.342418,3.22363e-05,9,1,0.0
erdos_renyi,10000,5,uniform,0.001,9,1825680440,pruned,1.7553,46116,671,3367,690,427,inf,0.0,0,0,100.0
erdos_renyi,10000,5,uniform,0.01,9,1825680440,pruned,0.1556,4952,74,348,74,44,inf,0.0,0,0,100.0
erdos_renyi,10000,5,uniform,0.05,9,1825680440,pruned,0.0207,1344,13,58,12,8,inf,0.0,0,0,100.0
erdos_renyi,10000,5,uniform,0.1,9,1825680440,pruned,0.0126,776,8,39,7,5,inf,0.0,0,0,100.0
erdos_renyi,10000,5,uniform,0.5,9,1825680440,pruned,0.003,360,1,5,0,1,inf,0.0,0,0,100.0
erdos_renyi,10000,5,uniform,0,10,961993958,baseline,43.8621,969716,9795,49180,49180,6091,12.29891,4.5567e-06,8,1,0.0
erdos_renyi,10000,5,uniform,0.001,10,961993958,pruned,2.204,46140,671,3354,697,409,inf,0.0,0,0,100.0
erdos_renyi,10000,5,uniform,0.01,10,961993958,pruned,0.2973,5048,76,372,75,48,inf,0.0,0,0,100.0
erdos_renyi,10000,5,uniform,0.05,10,961993958,pruned,0.069,1344,17,81,16,10,inf,0.0,0,0,100.0
erdos_renyi,10000,5,uniform,0.1,10,961993958,pruned,0.023,776,7,31,6,4,inf,0.0,0,0,100.0
erdos_renyi,10000,5,uniform,0.5,10,961993958,pruned,0.006,360,1,4,0,1,inf,0.0,0,0,100.0
erdos_renyi,10000,5,power_law,0,1,4166297580,baseline,6.6632,504220,1459,7276,7276,4229,7.587124,0.0005069369,7,1,0.0
erdos_renyi,10000,5,power_law,0.001,1,4166297580,pruned,2.8961,85060,752,3769,782,372,inf,0.0,0,0,100.0
erdos_renyi,10000,5,power_law,0.01,1,4166297580,pruned,0.1721,4848,73,379,72,35,inf,0.0,0,0,100.0
erdos_renyi,10000,5,power_law,0.05,1,4166297580,pruned,0.0362,1344,17,87,16,7,inf,0.0,0,0,100.0
erdos_renyi,10000,5,power_law,0.1,1,4166297580,pruned,0.0629,776,8,45,7,5,inf,0.0,0,0,100.0
erdos_renyi,10000,5,power_law,0.5,1,4166297580,pruned,0.005,360,1,7,0,1,inf,0.0,0,0,100.0
erdos_renyi,10000,5,power_law,0,2,1381416868,baseline,6.4635,486324,1375,6947,6947,4083,7.593205,0.0005038635,7,1,0.0
erdos_renyi,10000,5,power_law,0.001,2,1381416868,pruned,1.7023,84628,728,3705,757,347,inf,0.0,0,0,100.0
erdos_renyi,10000,5,power_law,0.01,2,1381416868,pruned,0.177,5136,79,405,79,38,inf,0.0,0,0,100.0
erdos_renyi,10000,5,power_law,0.05,2,1381416868,pruned,0.025,1344,15,76,14,8,inf,0.0,0,0,100.0
erdos_renyi,10000,5,power_law,0.1,2,1381416868,pruned,0.0146,776,9,46,8,5,inf,0.0,0,0,100.0
erdos_renyi,10000,5,power_law,0.5,2,1381416868,pruned,0.0029,360,1,4,0,1,inf,0.0,0,0,100.0
erdos_renyi,10000,5,power_law,0,3,3533492416,baseline,34.0197,999180,6028,30231,30231,6474,9.648611,6.45151e-05,11,1,0.0
erdos_renyi,10000,5,power_law,0.001,3,3533492416,pruned,2.8002,85060,748,3674,781,364,inf,0.0,0,0,100.0
erdos_renyi,10000,5,power_law,0.01,3,3533492416,pruned,0.2615,5376,84,397,84,37,inf,0.0,0,0,100.0
erdos_renyi,10000,5,power_law,0.05,3,3533492416,pruned,0.0504,1344,18,86,17,9,inf,0.0,0,0,100.0
erdos_renyi,10000,5,power_law,0.1,3,3533492416,pruned,0.0245,776,9,39,8,5,inf,0.0,0,0,100.0
erdos_renyi,10000,5,power_law,0.5,3,3533492416,pruned,0.0092,360,3,12,2,1,inf,0.0,0,0,100.0
erdos_renyi,10000,5,power_law,0,4,3431941197,baseline,15.889,925084,3167,15854,15854,6185,8.547894,0.0001939532,6,1,0.0
erdos_renyi,10000,5,power_law,0.001,4,3431941197,pruned,2.7586,85012,788,3919,814,377,inf,0.0,0,0,100.0
erdos_renyi,10000,5,power_law,0.01,4,3431941197,pruned,0.1679,4992,76,385,76,39,inf,0.0,0,0,100.0
erdos_renyi,10000,5,power_law,0.05,4,3431941197,pruned,0.0292,1344,15,73,14,8,inf,0.0,0,0,100.0
erdos_renyi,10000,5,power_law,0.1,4,3431941197,pruned,0.0132,776,8,35,7,5,inf,0.0,0,0,100.0
erdos_renyi,10000,5,power_law,0.5,4,3431941197,pruned,0.0029,360,1,3,0,1,inf,0.0,0,0,100.0
erdos_renyi,10000,5,power_law,0,5,1929413197,baseline,7.5623,383164,944,4641,4641,3011,7.10837,0.0008182275,10,1,0.0
erdos_renyi,10000,5,power_law,0.001,5,1929413197,pruned,2.4209,84916,790,3899,813,373,inf,0.0,0,0,100.0
erdos_renyi,10000,5,power_law,0.01,5,1929413197,pruned,0.3002,5184,80,374,80,35,inf,0.0,0,0,100.0
erdos_renyi,10000,5,power_law,0.05,5,1929413197,pruned,0.0569,1344,21,96,20,11,inf,0.0,0,0,100.0
erdos_renyi,10000,5,power_law,0.1,5,1929413197,pruned,0.0246,776,8,40,7,4,inf,0.0,0,0,100.0
erdos_renyi,10000,5,power_law,0.5,5,1929413197,pruned,0.0049,360,1,4,0,1,inf,0.0,0,0,100.0
erdos_renyi,10000,5,power_law,0,6,571024316,baseline,17.0578,971908,4144,20852,20852,6479,8.986078,0.0001251399,9,1,0.0
erdos_renyi,10000,5,power_law,0.001,6,571024316,pruned,2.3788,85036,777,3908,813,364,inf,0.0,0,0,100.0
erdos_renyi,10000,5,power_law,0.01,6,571024316,pruned,0.1512,5064,78,404,79,34,inf,0.0,0,0,100.0
erdos_renyi,10000,5,power_law,0.05,6,571024316,pruned,0.0286,1344,17,88,16,9,inf,0.0,0,0,100.0
erdos_renyi,10000,5,power_law,0.1,6,571024316,pruned,0.0136,776,8,47,7,3,inf,0.0,0,0,100.0
erdos_renyi,10000,5,power_law,0.5,6,571024316,pruned,0.0048,360,2,11,1,1,inf,0.0,0,0,100.0
erdos_renyi,10000,5,power_law,0,7,472122803,baseline,38.8383,999012,7180,35708,35708,6420,10.060855,4.27195e-05,11,1,0.0
erdos_renyi,10000,5,power_law,0.001,7,472122803,pruned,2.5047,84988,779,3833,813,379,inf,0.0,0,0,100.0
erdos_renyi,10000,5,power_law,0.01,7,472122803,pruned,0.2553,10656,91,419,90,43,inf,0.0,0,0,100.0
erdos_renyi,10000,5,power_law,0.05,7,472122803,pruned,0.0379,1344,17,73,16,8,inf,0.0,0,0,100.0
erdos_renyi,10000,5,power_law,0.1,7,472122803,pruned,0.0203,776,8,34,7,5,inf,0.0,0,0,100.0
erdos_renyi,10000,5,power_law,0.5,7,472122803,pruned,0.0069,360,1,7,0,1,inf,0.0,0,0,100.0
erdos_renyi,10000,5,power_law,0,8,955333204,baseline,11.1518,451980,1220,6081,6081,3700,7.397012,0.0006130821,7,1,0.0
erdos_renyi,10000,5,power_law,0.001,8,955333204,pruned,3.055,85012,768,3848,793,371,inf,0.0,0,0,100.0
erdos_renyi,10000,5,power_law,0.01,8,955333204,pruned,0.2207,5160,80,405,80,38,inf,0.0,0,0,100.0
erdos_renyi,10000,5,power_law,0.05,8,955333204,pruned,0.0338,1344,15,74,14,10,inf,0.0,0,0,100.0
erdos_renyi,10000,5,power_law,0.1,8,955333204,pruned,0.0151,360,5,26,4,3,inf,0.0,0,0,100.0
erdos_renyi,10000,5,power_law,0.5,8,955333204,pruned,0.0079,360,2,9,1,1,inf,0.0,0,0,100.0
erdos_renyi,10000,5,power_law,0,9,3244796177,baseline,1.7516,86348,191,936,936,716,5.448214,0.0043039851,3,1,0.0
erdos_renyi,10000,5,power_law,0.001,9,3244796177,pruned,0.9707,43136,191,936,562,359,5.448214,0.0043039851,3,1,0.0
erdos_renyi,10000,5,power_law,0.01,9,3244796177,pruned,0.5993,8640,86,422,85,42,inf,0.0,0,0,100.0
erdos_renyi,10000,5,power_law,0.05,9,3244796177,pruned,0.0415,1344,15,75,14,10,inf,0.0,0,0,100.0
erdos_renyi,10000,5,power_law,0.1,9,3244796177,pruned,0.0188,776,7,33,6,3,inf,0.0,0,0,100.0
erdos_renyi,10000,5,power_law,0.5,9,3244796177,pruned,0.0093,360,2,12,1,1,inf,0.0,0,0,100.0
erdos_renyi,10000,5,power_law,0,10,3775082155,baseline,50.4318,999332,8699,43559,43559,6436,10.809072,2.02153e-05,10,1,0.0
erdos_renyi,10000,5,power_law,0.001,10,3775082155,pruned,2.9657,85036,766,3814,788,366,inf,0.0,0,0,100.0
erdos_renyi,10000,5,power_law,0.01,10,3775082155,pruned,0.2583,5208,80,394,79,38,inf,0.0,0,0,100.0
erdos_renyi,10000,5,power_law,0.05,10,3775082155,pruned,0.0536,1344,19,93,18,8,inf,0.0,0,0,100.0
erdos_renyi,10000,5,power_law,0.1,10,3775082155,pruned,0.0226,776,7,36,6,4,inf,0.0,0,0,100.0
erdos_renyi,10000,5,power_law,0.5,10,3775082155,pruned,0.0051,360,1,5,0,1,inf,0.0,0,0,100.0
erdos_renyi,10000,10,uniform,0,1,3801846775,baseline,74.771,1183764,7201,71883,71883,8894,10.304577,3.34795e-05,6,1,0.0
erdos_renyi,10000,10,uniform,0.001,1,3801846775,pruned,2.2522,43532,480,4763,490,392,inf,0.0,0,0,100.0
erdos_renyi,10000,10,uniform,0.01,1,3801846775,pruned,0.3146,4424,56,555,55,47,inf,0.0,0,0,100.0
erdos_renyi,10000,10,uniform,0.05,1,3801846775,pruned,0.0567,776,9,92,8,8,inf,0.0,0,0,100.0
erdos_renyi,10000,10,uniform,0.1,1,3801846775,pruned,0.0285,568,6,61,5,5,inf,0.0,0,0,100.0
erdos_renyi,10000,10,uniform,0.5,1,3801846775,pruned,0.0071,360,1,12,0,1,inf,0.0,0,0,100.0
erdos_renyi,10000,10,uniform,0,2,769979142,baseline,119.061,1183604,5963,59782,59782,8895,9.920247,4.9169e-05,5,1,0.0
erdos_renyi,10000,10,uniform,0.001,2,769979142,pruned,3.1951,43484,487,4879,492,391,inf,0.0,0,0,100.0
erdos_renyi,10000,10,uniform,0.01,2,769979142,pruned,0.3528,4400,50,494,49,41,inf,0.0,0,0,100.0
erdos_renyi,10000,10,uniform,0.05,2,769979142,pruned,0.0815,816,10,100,9,9,inf,0.0,0,0,100.0
erdos_renyi,10000,10,uniform,0.1,2,769979142,pruned,0.0561,776,7,70,6,6,inf,0.0,0,0,100.0
erdos_renyi,10000,10,uniform,0.5,2,769979142,pruned,0.0152,360,1,10,0,1,inf,0.0,0,0,100.0
erdos_renyi,10000,10,uniform,0,3,3908986388,baseline,73.1769,1176044,9126,91228,91228,8820,11.071557,1.55483e-05,7,1,0.0
erdos_renyi,10000,10,uniform,0.001,3,3908986388,pruned,2.2785,43460,447,4516,456,357,inf,0.0,0,0,100.0
erdos_renyi,10000,10,uniform,0.01,3,3908986388,pruned,0.1909,3648,43,428,42,37,inf,0.0,0,0,100.0
erdos_renyi,10000,10,uniform,0.05,3,3908986388,pruned,0.0302,776,7,70,6,6,inf,0.0,0,0,100.0
erdos_renyi,10000,10,uniform,0.1,3,3908986388,pruned,0.0182,360,4,42,3,3,inf,0.0,0,0,100.0
erdos_renyi,10000,10,uniform,0.5,3,3908986388,pruned,0.0069,360,1,10,0,1,inf,0.0,0,0,100.0
erdos_renyi,10000,10,uniform,0,4,1953849435,baseline,59.3724,1178956,7238,72385,72385,8848,10.311313,3.32548e-05,6,1,0.0
erdos_renyi,10000,10,uniform,0.001,4,1953849435,pruned,2.3259,43436,482,4799,492,398,inf,0.0,0,0,100.0
erdos_renyi,10000,10,uniform,0.01,4,1953849435,pruned,0.248,4496,59,586,58,48,inf,0.0,0,0,100.0
erdos_renyi,10000,10,uniform,0.05,4,1953849435,pruned,0.0463,1216,11,113,10,10,inf,0.0,0,0,100.0
erdos_renyi,10000,10,uniform,0.1,4,1953849435,pruned,0.0217,360,5,51,4,4,inf,0.0,0,0,100.0
erdos_renyi,10000,10,uniform,0.5,4,1953849435,pruned,0.0069,360,1,12,0,1,inf,0.0,0,0,100.0
erdos_renyi,10000,10,uniform,0,5,1273646541,baseline,68.5556,1185004,8233,82403,82403,8923,10.648467,2.37372e-05,6,1,0.0
erdos_renyi,10000,10,uniform,0.001,5,1273646541,pruned,2.4271,43532,455,4515,461,373,inf,0.0,0,0,100.0
erdos_renyi,10000,10,uniform,0.01,5,1273646541,pruned,0.2233,4400,55,527,54,46,inf,0.0,0,0,100.0
erdos_renyi,10000,10,uniform,0.05,5,1273646541,pruned,0.036,776,9,82,8,8,inf,0.0,0,0,100.0
erdos_renyi,10000,10,uniform,0.1,5,1273646541,pruned,0.0205,360,5,47,4,4,inf,0.0,0,0,100.0
erdos_renyi,10000,10,uniform,0.5,5,1273646541,pruned,0.0062,360,1,8,0,1,inf,0.0,0,0,100.0
erdos_renyi,10000,10,uniform,0,6,1106786443,baseline,33.2677,1170444,3401,33866,33866,8930,9.120134,0.00010944,6,1,0.0
erdos_renyi,10000,10,uniform,0.001,6,1106786443,pruned,2.5669,43532,477,4709,488,393,inf,0.0,0,0,100.0
erdos_renyi,10000,10,uniform,0.01,6,1106786443,pruned,0.2513,4424,56,568,55,47,inf,0.0,0,0,100.0
erdos_renyi,10000,10,uniform,0.05,6,1106786443,pruned,0.0375,776,9,91,8,8,inf,0.0,0,0,100.0
erdos_renyi,10000,10,uniform,0.1,6,1106786443,pruned,0.0211,360,5,53,4,4,inf,0.0,0,0,100.0
erdos_renyi,10000,10,uniform,0.5,6,1106786443,pruned,0.0074,360,1,11,0,1,inf,0.0,0,0,100.0
erdos_renyi,10000,10,uniform,0,7,2586732080,baseline,17.2621,1009588,1522,15204,15204,7558,8.094918,0.0003050856,5,1,0.0
erdos_renyi,10000,10,uniform,0.001,7,2586732080,pruned,2.114,43508,425,4246,434,351,inf,0.0,0,0,100.0
erdos_renyi,10000,10,uniform,0.01,7,2586732080,pruned,0.2239,4400,48,471,47,41,inf,0.0,0,0,100.0
erdos_renyi,10000,10,uniform,0.05,7,2586732080,pruned,0.0383,776,7,63,6,6,inf,0.0,0,0,100.0
erdos_renyi,10000,10,uniform,0.1,7,2586732080,pruned,0.0281,776,7,63,6,6,inf,0.0,0,0,100.0
erdos_renyi,10000,10,uniform,0.5,7,2586732080,pruned,0.0068,360,1,10,0,1,inf,0.0,0,0,100.0
erdos_renyi,10000,10,uniform,0,8,1720484783,baseline,59.8891,1182404,6807,68239,68239,8898,10.195848,3.7325e-05,6,1,0.0
erdos_renyi,10000,10,uniform,0.001,8,1720484783,pruned,2.3165,43532,484,4797,494,399,inf,0.0,0,0,100.0
erdos_renyi,10000,10,uniform,0.01,8,1720484783,pruned,0.2592,4520,59,595,59,50,inf,0.0,0,0,100.0
erdos_renyi,10000,10,uniform,0.05,8,1720484783,pruned,0.0521,776,9,93,8,8,inf,0.0,0,0,100.0
erdos_renyi,10000,10,uniform,0.1,8,1720484783,pruned,0.0252,360,5,54,4,4,inf,0.0,0,0,100.0
erdos_renyi,10000,10,uniform,0.5,8,1720484783,pruned,0.0069,360,1,12,0,1,inf,0.0,0,0,100.0
erdos_renyi,10000,10,uniform,0,9,1679827379,baseline,55.2393,1182244,6267,62533,62533,8890,10.02972,4.40705e-05,5,1,0.0
erdos_renyi,10000,10,uniform,0.001,9,1679827379,pruned,2.8375,43508,459,4603,473,371,inf,0.0,0,0,100.0
erdos_renyi,10000,10,uniform,0.01,9,1679827379,pruned,0.2744,4400,55,536,54,46,inf,0.0,0,0,100.0
erdos_renyi,10000,10,uniform,0.05,9,1679827379,pruned,0.0371,776,9,81,8,8,inf,0.0,0,0,100.0
erdos_renyi,10000,10,uniform,0.1,9,1679827379,pruned,0.0275,776,7,65,6,6,inf,0.0,0,0,100.0
erdos_renyi,10000,10,uniform,0.5,9,1679827379,pruned,0.0065,360,1,9,0,1,inf,0.0,0,0,100.0
erdos_renyi,10000,10,uniform,0,10,1236837590,baseline,30.2717,1157260,3087,30833,30833,8830,8.983987,0.0001254019,5,1,0.0
erdos_renyi,10000,10,uniform,0.001,10,1236837590,pruned,2.5102,43460,472,4726,485,394,inf,0.0,0,0,100.0
erdos_renyi,10000,10,uniform,0.01,10,1236837590,pruned,0.2903,4400,54,544,53,44,inf,0.0,0,0,100.0
erdos_renyi,10000,10,uniform,0.05,10,1236837590,pruned,0.0453,816,10,100,9,9,inf,0.0,0,0,100.0
erdos_renyi,10000,10,uniform,0.1,10,1236837590,pruned,0.0284,568,6,60,5,5,inf,0.0,0,0,100.0
erdos_renyi,10000,10,uniform,0.5,10,1236837590,pruned,0.0086,360,1,11,0,1,inf,0.0,0,0,100.0
erdos_renyi,10000,10,power_law,0,1,45048360,baseline,82.6103,1258132,8860,88575,88575,9595,10.930854,1.78974e-05,10,1,0.0
erdos_renyi,10000,10,power_law,0.001,1,45048360,pruned,1.5831,43484,565,5602,577,325,inf,0.0,0,0,100.0
erdos_renyi,10000,10,power_law,0.01,1,45048360,pruned,0.1684,4448,56,546,55,36,inf,0.0,0,0,100.0
erdos_renyi,10000,10,power_law,0.05,1,45048360,pruned,0.0194,776,9,78,8,5,inf,0.0,0,0,100.0
erdos_renyi,10000,10,power_law,0.1,1,45048360,pruned,0.0123,568,6,51,5,3,inf,0.0,0,0,100.0
erdos_renyi,10000,10,power_law,0.5,1,45048360,pruned,0.0052,360,2,19,1,1,inf,0.0,0,0,100.0
erdos_renyi,10000,10,power_law,0,2,4020528512,baseline,53.5349,1270188,9428,94262,94262,9737,11.351688,1.17496e-05,7,1,0.0
erdos_renyi,10000,10,power_law,0.001,2,4020528512,pruned,1.73,43532,576,5836,598,348,inf,0.0,0,0,100.0
erdos_renyi,10000,10,power_law,0.01,2,4020528512,pruned,0.1618,4448,56,560,55,35,inf,0.0,0,0,100.0
erdos_renyi,10000,10,power_law,0.05,2,4020528512,pruned,0.0239,1152,11,108,10,7,inf,0.0,0,0,100.0
erdos_renyi,10000,10,power_law,0.1,2,4020528512,pruned,0.0117,360,5,50,4,3,inf,0.0,0,0,100.0
erdos_renyi,10000,10,power_law,0.5,2,4020528512,pruned,0.0123,360,2,19,1,1,inf,0.0,0,0,100.0
erdos_renyi,10000,10,power_law,0,3,2798339573,baseline,54.7797,1266500,7084,70967,70967,9675,10.203573,3.70378e-05,6,1,0.0
erdos_renyi,10000,10,power_law,0.001,3,2798339573,pruned,1.5918,43532,535,5383,546,309,inf,0.0,0,0,100.0
erdos_renyi,10000,10,power_law,0.01,3,2798339573,pruned,0.1802,4544,61,608,60,40,inf,0.0,0,0,100.0
erdos_renyi,10000,10,power_law,0.05,3,2798339573,pruned,0.0197,776,9,87,8,5,inf,0.0,0,0,100.0
erdos_renyi,10000,10,power_law,0.1,3,2798339573,pruned,0.0126,568,6,59,5,3,inf,0.0,0,0,100.0
erdos_renyi,10000,10,power_law,0.5,3,2798339573,pruned,0.004,360,1,10,0,1,inf,0.0,0,0,100.0
erdos_renyi,10000,10,power_law,0,4,938743926,baseline,14.8852,1179140,2408,24087,24087,9306,8.553925,0.0001927869,6,1,0.0
erdos_renyi,10000,10,power_law,0.001,4,938743926,pruned,1.7351,43556,533,5326,556,318,inf,0.0,0,0,100.0
erdos_renyi,10000,10,power_law,0.01,4,938743926,pruned,0.1828,4544,60,601,59,35,inf,0.0,0,0,100.0
erdos_renyi,10000,10,power_law,0.05,4,938743926,pruned,0.0254,1216,11,115,10,9,inf,0.0,0,0,100.0
erdos_renyi,10000,10,power_law,0.1,4,938743926,pruned,0.0111,360,5,49,4,4,inf,0.0,0,0,100.0
erdos_renyi,10000,10,power_law,0.5,4,938743926,pruned,0.0036,360,1,11,0,1,inf,0.0,0,0,100.0
erdos_renyi,10000,10,power_law,0,5,3243447710,baseline,24.6464,1268716,3918,39084,39084,9889,9.146632,0.0001065781,5,1,0.0
erdos_renyi,10000,10,power_law,0.001,5,3243447710,pruned,2.0564,43508,537,5383,551,317,inf,0.0,0,0,100.0
erdos_renyi,10000,10,power_law,0.01,5,3243447710,pruned,0.1813,4432,58,589,57,30,inf,0.0,0,0,100.0
erdos_renyi,10000,10,power_law,0.05,5,3243447710,pruned,0.0296,1344,13,138,12,7,inf,0.0,0,0,100.0
erdos_renyi,10000,10,power_law,0.1,5,3243447710,pruned,0.0105,360,4,44,3,3,inf,0.0,0,0,100.0
erdos_renyi,10000,10,power_law,0.5,5,3243447710,pruned,0.0036,360,1,11,0,1,inf,0.0,0,0,100.0
erdos_renyi,10000,10,power_law,0,6,602073974,baseline,12.7638,1114636,1926,19185,19185,8644,8.26418,0.00025758,6,1,0.0
erdos_renyi,10000,10,power_law,0.001,6,602073974,pruned,1.9787,43532,539,5407,555,314,inf,0.0,0,0,100.0
erdos_renyi,10000,10,power_law,0.01,6,602073974,pruned,0.1782,4432,58,569,57,30,inf,0.0,0,0,100.0
erdos_renyi,10000,10,power_law,0.05,6,602073974,pruned,0.054,1344,12,116,11,8,inf,0.0,0,0,100.0
erdos_renyi,10000,10,power_law,0.1,6,602073974,pruned,0.0177,360,4,37,3,3,inf,0.0,0,0,100.0
erdos_renyi,10000,10,power_law,0.5,6,602073974,pruned,0.0319,360,1,9,0,1,inf,0.0,0,0,100.0
erdos_renyi,10000,10,power_law,0,7,122427286,baseline,26.3809,1265276,4659,46537,46537,9735,9.414724,8.15149e-05,5,1,0.0
erdos_renyi,10000,10,power_law,0.001,7,122427286,pruned,2.4506,43604,529,5293,542,300,inf,0.0,0,0,100.0
erdos_renyi,10000,10,power_law,0.01,7,122427286,pruned,0.3298,4568,61,629,60,37,inf,0.0,0,0,100.0
erdos_renyi,10000,10,power_law,0.05,7,122427286,pruned,0.0448,1152,11,112,10,5,inf,0.0,0,0,100.0
erdos_renyi,10000,10,power_law,0.1,7,122427286,pruned,0.0274,776,7,66,6,3,inf,0.0,0,0,100.0
erdos_renyi,10000,10,power_law,0.5,7,122427286,pruned,0.0078,360,1,9,0,1,inf,0.0,0,0,100.0
erdos_renyi,10000,10,power_law,0,8,1038654904,baseline,59.047,1273612,7392,73882,73882,9796,10.300957,3.36009e-05,5,1,0.0
erdos_renyi,10000,10,power_law,0.001,8,1038654904,pruned,1.5951,43580,551,5534,566,328,inf,0.0,0,0,100.0
erdos_renyi,10000,10,power_law,0.01,8,1038654904,pruned,0.1684,4520,59,586,58,36,inf,0.0,0,0,100.0
erdos_renyi,10000,10,power_law,0.05,8,1038654904,pruned,0.026,1344,12,111,11,9,inf,0.0,0,0,100.0
erdos_renyi,10000,10,power_law,0.1,8,1038654904,pruned,0.0141,568,6,56,5,5,inf,0.0,0,0,100.0
erdos_renyi,10000,10,power_law,0.5,8,1038654904,pruned,0.0034,360,1,9,0,1,inf,0.0,0,0,100.0
erdos_renyi,10000,10,power_law,0,9,1740622182,baseline,29.372,1265524,4607,45889,45889,9730,9.471836,7.69899e-05,8,1,0.0
erdos_renyi,10000,10,power_law,0.001,9,1740622182,pruned,2.3125,43556,528,5305,548,314,inf,0.0,0,0,100.0
erdos_renyi,10000,10,power_law,0.01,9,1740622182,pruned,0.1908,4336,52,528,52,26,inf,0.0,0,0,100.0
erdos_renyi,10000,10,power_law,0.05,9,1740622182,pruned,0.035,1344,12,120,11,8,inf,0.0,0,0,100.0
erdos_renyi,10000,10,power_law,0.1,9,1740622182,pruned,0.018,568,6,63,5,5,inf,0.0,0,0,100.0
erdos_renyi,10000,10,power_law,0.5,9,1740622182,pruned,0.0047,360,1,8,0,1,inf,0.0,0,0,100.0
erdos_renyi,10000,10,power_law,0,10,444800929,baseline,29.1326,1266220,5428,54209,54209,9676,9.644879,6.47563e-05,8,1,0.0
erdos_renyi,10000,10,power_law,0.001,10,444800929,pruned,4.8636,43508,534,5329,544,311,inf,0.0,0,0,100.0
erdos_renyi,10000,10,power_law,0.01,10,444800929,pruned,0.4184,4408,57,576,56,32,inf,0.0,0,0,100.0
erdos_renyi,10000,10,power_law,0.05,10,444800929,pruned,0.0811,776,8,77,7,6,inf,0.0,0,0,100.0
erdos_renyi,10000,10,power_law,0.1,10,444800929,pruned,0.0438,360,5,49,4,4,inf,0.0,0,0,100.0
erdos_renyi,10000,10,power_law,0.5,10,444800929,pruned,0.0171,360,1,10,0,1,inf,0.0,0,0,100.0
layered,1000,2,uniform,0,1,2655544791,baseline,1.6746,42784,310,777,777,187,6.242052,0.0019458592,11,1,0.0
layered,1000,2,uniform,0.001,1,2655544791,pruned,0.9935,42608,310,777,616,163,6.242052,0.0019458592,11,1,0.0
layered,1000,2,uniform,0.01,1,2655544791,pruned,0.2516,10776,97,264,105,45,inf,0.0,0,0,100.0
layered,1000,2,uniform,0.05,1,2655544791,pruned,0.0516,1344,19,54,18,9,inf,0.0,0,0,100.0
layered,1000,2,uniform,0.1,1,2655544791,pruned,0.0335,1344,13,37,12,6,inf,0.0,0,0,100.0
layered,1000,2,uniform,0.5,1,2655544791,pruned,0.044,360,1,4,0,1,inf,0.0,0,0,100.0
layered,1000,2,uniform,0,2,2679715674,baseline,1.7668,42344,304,753,753,166,6.499888,0.001503607,9,1,0.0
layered,1000,2,uniform,0.001,2,2679715674,pruned,1.1679,42160,304,753,554,128,6.499888,0.001503607,9,1,0.0
layered,1000,2,uniform,0.01,2,2679715674,pruned,0.2495,10848,98,259,114,41,inf,0.0,0,0,100.0
layered,1000,2,uniform,0.05,2,2679715674,pruned,0.0461,2272,24,66,23,10,inf,0.0,0,0,100.0
layered,1000,2,uniform,0.1,2,2679715674,pruned,0.0431,1152,11,28,10,5,inf,0.0,0,0,100.0
layered,1000,2,uniform,0.5,2,2679715674,pruned,0.0143,360,2,5,1,1,inf,0.0,0,0,100.0
layered,1000,2,uniform,0,3,1130010456,baseline,0.8694,42392,357,873,873,182,6.538377,0.0014468345,13,1,0.0
layered,1000,2,uniform,0.001,3,1130010456,pruned,0.9442,42392,357,873,624,147,6.538377,0.0014468345,13,1,0.0
layered,1000,2,uniform,0.01,3,1130010456,pruned,0.3209,10656,132,305,146,43,inf,0.0,0,0,100.0
layered,1000,2,uniform,0.05,3,1130010456,pruned,0.091,3392,43,89,42,12,inf,0.0,0,0,100.0
layered,1000,2,uniform,0.1,3,1130010456,pruned,0.0405,1344,19,37,18,5,inf,0.0,0,0,100.0
layered,1000,2,uniform,0.5,3,1130010456,pruned,0.006,360,1,4,0,1,inf,0.0,0,0,100.0
layered,1000,2,uniform,0,4,2949077873,baseline,1.0593,42416,229,562,562,168,5.766116,0.0031318982,10,1,0.0
layered,1000,2,uniform,0.001,4,2949077873,pruned,0.6679,42200,229,562,511,141,5.766116,0.0031318982,10,1,0.0
layered,1000,2,uniform,0.01,4,2949077873,pruned,0.2649,10704,113,267,129,37,inf,0.0,0,0,100.0
layered,1000,2,uniform,0.05,4,2949077873,pruned,0.0553,2208,23,60,22,9,inf,0.0,0,0,100.0
layered,1000,2,uniform,0.1,4,2949077873,pruned,0.0309,1344,13,33,12,6,inf,0.0,0,0,100.0
layered,1000,2,uniform,0.5,4,2949077873,pruned,0.0071,360,2,4,1,1,inf,0.0,0,0,100.0
layered,1000,2,uniform,0,5,3652215814,baseline,1.9882,83528,648,1591,1591,175,9.389899,8.35639e-05,12,1,0.0
layered,1000,2,uniform,0.001,5,3652215814,pruned,1.2755,42440,362,910,578,134,inf,0.0,0,0,100.0
layered,1000,2,uniform,0.01,5,3652215814,pruned,0.3268,10728,110,265,125,43,inf,0.0,0,0,100.0
layered,1000,2,uniform,0.05,5,3652215814,pruned,0.0776,2336,27,64,26,10,inf,0.0,0,0,100.0
layered,1000,2,uniform,0.1,5,3652215814,pruned,0.0444,1344,16,34,15,6,inf,0.0,0,0,100.0
layered,1000,2,uniform,0.5,5,3652215814,pruned,0.0101,360,1,3,0,1,inf,0.0,0,0,100.0
layered,1000,2,uniform,0,6,2333892447,baseline,1.8168,83288,604,1506,1506,196,8.268447,0.0002564833,13,1,0.0
layered,1000,2,uniform,0.001,6,2333892447,pruned,0.9894,42440,402,992,632,142,inf,0.0,0,0,100.0
layered,1000,2,uniform,0.01,6,2333892447,pruned,0.2517,10848,115,291,127,47,inf,0.0,0,0,100.0
layered,1000,2,uniform,0.05,6,2333892447,pruned,0.0601,2184,26,65,25,10,inf,0.0,0,0,100.0
layered,1000,2,uniform,0.1,6,2333892447,pruned,0.0303,1192,14,34,13,5,inf,0.0,0,0,100.0
layered,1000,2,uniform,0.5,6,2333892447,pruned,0.0063,360,2,5,1,1,inf,0.0,0,0,100.0
layered,1000,2,uniform,0,7,85296528,baseline,1.1104,42080,341,877,877,206,6.416022,0.0016351486,10,1,0.0
layered,1000,2,uniform,0.001,7,85296528,pruned,0.953,42296,341,877,612,153,6.416022,0.0016351486,10,1,0.0
layered,1000,2,uniform,0.01,7,85296528,pruned,0.2382,10680,98,256,107,43,inf,0.0,0,0,100.0
layered,1000,2,uniform,0.05,7,85296528,pruned,0.073,2216,28,72,29,13,inf,0.0,0,0,100.0
layered,1000,2,uniform,0.1,7,85296528,pruned,0.0298,1224,13,34,12,7,inf,0.0,0,0,100.0
layered,1000,2,uniform,0.5,7,85296528,pruned,0.009,360,3,7,2,1,inf,0.0,0,0,100.0
layered,1000,2,uniform,0,8,3009696013,baseline,0.7276,42472,210,540,540,187,5.414157,0.0044530907,9,1,0.0
layered,1000,2,uniform,0.001,8,3009696013,pruned,0.6365,42296,210,540,515,168,5.414157,0.0044530907,9,1,0.0
layered,1000,2,uniform,0.01,8,3009696013,pruned,0.2295,10656,108,276,116,43,inf,0.0,0,0,100.0
layered,1000,2,uniform,0.05,8,3009696013,pruned,0.0442,1224,17,54,16,7,inf,0.0,0,0,100.0
layered,1000,2,uniform,0.1,8,3009696013,pruned,0.0242,656,9,33,8,6,inf,0.0,0,0,100.0
layered,1000,2,uniform,0.5,8,3009696013,pruned,0.0072,360,2,5,1,1,inf,0.0,0,0,100.0
layered,1000,2,uniform,0,9,3558978364,baseline,0.4786,21408,107,271,271,110,4.714795,0.0089617,7,1,0.0
layered,1000,2,uniform,0.001,9,3558978364,pruned,0.3385,21280,107,271,266,105,4.714795,0.0089617,7,1,0.0
layered,1000,2,uniform,0.01,9,3558978364,pruned,0.2163,10704,96,247,112,41,inf,0.0,0,0,100.0
layered,1000,2,uniform,0.05,9,3558978364,pruned,0.0578,2216,24,66,23,12,inf,0.0,0,0,100.0
layered,1000,2,uniform,0.1,9,3558978364,pruned,0.0221,656,9,24,8,5,inf,0.0,0,0,100.0
layered,1000,2,uniform,0.5,9,3558978364,pruned,0.0084,360,3,6,2,1,inf,0.0,0,0,100.0
layered,1000,2,uniform,0,10,191699488,baseline,0.6041,22872,171,431,431,176,5.146425,0.0058201741,8,1,0.0
layered,1000,2,uniform,0.001,10,191699488,pruned,0.5739,22408,171,431,420,165,5.146425,0.0058201741,8,1,0.0
layered,1000,2,uniform,0.01,10,191699488,pruned,0.421,10680,111,287,119,48,inf,0.0,0,0,100.0
layered,1000,2,uniform,0.05,10,191699488,pruned,0.066,2216,26,68,25,10,inf,0.0,0,0,100.0
layered,1000,2,uniform,0.1,10,191699488,pruned,0.0286,656,10,28,9,4,inf,0.0,0,0,100.0
layered,1000,2,uniform,0.5,10,191699488,pruned,0.0057,360,1,4,0,1,inf,0.0,0,0,100.0
layered,1000,2,power_law,0,1,1975429573,baseline,2.1473,83456,726,1806,1806,199,9.375611,8.47664e-05,17,1,0.0
layered,1000,2,power_law,0.001,1,1975429573,pruned,1.3233,42248,427,1072,652,144,inf,0.0,0,0,100.0
layered,1000,2,power_law,0.01,1,1975429573,pruned,0.391,10704,129,322,139,43,inf,0.0,0,0,100.0
layered,1000,2,power_law,0.05,1,1975429573,pruned,0.0724,2152,25,72,24,7,inf,0.0,0,0,100.0
layered,1000,2,power_law,0.1,1,1975429573,pruned,0.0421,1192,14,39,13,4,inf,0.0,0,0,100.0
layered,1000,2,power_law,0.5,1,1975429573,pruned,0.015,360,3,6,2,1,inf,0.0,0,0,100.0
layered,1000,2,power_law,0,2,2426636910,baseline,0.4328,21232,112,263,263,127,4.404413,0.0122232816,9,1,0.0
layered,1000,2,power_law,0.001,2,2426636910,pruned,0.3433,21232,112,263,253,119,4.404413,0.0122232816,9,1,0.0
layered,1000,2,power_law,0.01,2,2426636910,pruned,0.2515,10680,112,263,135,35,4.404413,0.0122232816,9,1,0.0
layered,1000,2,power_law,0.05,2,2426636910,pruned,0.1272,2216,38,82,38,11,inf,0.0,0,0,100.0
layered,1000,2,power_law,0.1,2,2426636910,pruned,0.0483,1224,16,36,16,5,inf,0.0,0,0,100.0
layered,1000,2,power_law,0.5,2,2426636910,pruned,0.0082,360,2,5,1,1,inf,0.0,0,0,100.0
layered,1000,2,power_law,0,3,2961285410,baseline,0.9084,42448,268,697,697,213,5.660722,0.0034800035,12,1,0.0
layered,1000,2,power_law,0.001,3,2961285410,pruned,0.8134,42368,268,697,573,170,5.660722,0.0034800035,12,1,0.0
layered,1000,2,power_law,0.01,3,2961285410,pruned,0.2676,10680,123,317,128,44,inf,0.0,0,0,100.0
layered,1000,2,power_law,0.05,3,2961285410,pruned,0.0757,2216,30,75,30,9,inf,0.0,0,0,100.0
layered,1000,2,power_law,0.1,3,2961285410,pruned,0.0459,1224,15,39,14,5,inf,0.0,0,0,100.0
layered,1000,2,power_law,0.5,3,2961285410,pruned,0.0258,360,5,11,4,1,inf,0.0,0,0,100.0
layered,1000,2,power_law,0,4,1583328456,baseline,1.4626,43056,473,1158,1158,209,7.566568,0.0005174656,12,1,0.0
layered,1000,2,power_law,0.001,4,1583328456,pruned,0.9741,42328,387,940,566,122,inf,0.0,0,0,100.0
layered,1000,2,power_law,0.01,4,1583328456,pruned,0.32,10632,131,297,153,38,inf,0.0,0,0,100.0
layered,1000,2,power_law,0.05,4,1583328456,pruned,0.0517,1224,19,53,18,8,inf,0.0,0,0,100.0
layered,1000,2,power_law,0.1,4,1583328456,pruned,0.0247,656,9,29,8,4,inf,0.0,0,0,100.0
layered,1000,2,power_law,0.5,4,1583328456,pruned,0.0087,360,3,7,2,1,inf,0.0,0,0,100.0
layered,1000,2,power_law,0,5,4013458327,baseline,1.0045,42152,295,726,726,209,5.818979,0.0029706358,11,1,0.0
layered,1000,2,power_law,0.001,5,4013458327,pruned,0.8388,42368,295,726,594,156,5.818979,0.0029706358,11,1,0.0
layered,1000,2,power_law,0.01,5,4013458327,pruned,0.3164,10680,139,330,148,41,inf,0.0,0,0,100.0
layered,1000,2,power_law,0.05,5,4013458327,pruned,0.0584,2152,23,64,22,9,inf,0.0,0,0,100.0
layered,1000,2,power_law,0.1,5,4013458327,pruned,0.0323,1192,14,36,13,4,inf,0.0,0,0,100.0
layered,1000,2,power_law,0.5,5,4013458327,pruned,0.0069,360,2,5,1,1,inf,0.0,0,0,100.0
layered,1000,2,power_law,0,6,1913085186,baseline,1.2909,42600,404,1025,1025,241,6.379842,0.0016953912,8,1,0.0
layered,1000,2,power_law,0.001,6,1913085186,pruned,1.1368,42488,404,1025,698,176,6.379842,0.0016953912,8,1,0.0
layered,1000,2,power_law,0.01,6,1913085186,pruned,0.2969,10704,136,340,140,45,inf,0.0,0,0,100.0
layered,1000,2,power_law,0.05,6,1913085186,pruned,0.0624,2152,26,67,25,9,inf,0.0,0,0,100.0
layered,1000,2,power_law,0.1,6,1913085186,pruned,0.0372,1224,17,41,16,5,inf,0.0,0,0,100.0
layered,1000,2,power_law,0.5,6,1913085186,pruned,0.0049,360,1,3,0,1,inf,0.0,0,0,100.0
layered,1000,2,power_law,0,7,992855435,baseline,0.5323,21808,159,364,364,149,4.832564,0.0079660735,12,1,0.0
layered,1000,2,power_law,0.001,7,992855435,pruned,0.4836,21520,159,364,359,145,4.832564,0.0079660735,12,1,0.0
layered,1000,2,power_law,0.01,7,992855435,pruned,0.3028,10728,137,315,149,45,inf,0.0,0,0,100.0
layered,1000,2,power_law,0.05,7,992855435,pruned,0.0966,2216,33,78,32,12,inf,0.0,0,0,100.0
layered,1000,2,power_law,0.1,7,992855435,pruned,0.0312,1192,13,35,12,5,inf,0.0,0,0,100.0
layered,1000,2,power_law,0.5,7,992855435,pruned,0.0118,360,5,13,4,1,inf,0.0,0,0,100.0
layered,1000,2,power_law,0,8,3767466887,baseline,1.0205,42128,254,642,642,196,5.778576,0.0030931176,11,1,0.0
layered,1000,2,power_law,0.001,8,3767466887,pruned,0.735,42104,254,642,502,129,5.778576,0.0030931176,11,1,0.0
layered,1000,2,power_law,0.01,8,3767466887,pruned,0.3114,10608,122,305,133,37,inf,0.0,0,0,100.0
layered,1000,2,power_law,0.05,8,3767466887,pruned,0.0816,2216,36,92,36,12,inf,0.0,0,0,100.0
layered,1000,2,power_law,0.1,8,3767466887,pruned,0.0216,656,9,26,8,4,inf,0.0,0,0,100.0
layered,1000,2,power_law,0.5,8,3767466887,pruned,0.0088,360,3,9,2,1,inf,0.0,0,0,100.0
layered,1000,2,power_law,0,9,2232081965,baseline,0.5822,22728,167,413,413,179,4.942047,0.0071399676,10,1,0.0
layered,1000,2,power_law,0.001,9,2232081965,pruned,0.5871,21616,167,413,369,147,4.942047,0.0071399676,10,1,0.0
layered,1000,2,power_law,0.01,9,2232081965,pruned,0.2971,10656,130,328,146,39,inf,0.0,0,0,100.0
layered,1000,2,power_law,0.05,9,2232081965,pruned,0.0803,2216,37,87,36,10,inf,0.0,0,0,100.0
layered,1000,2,power_law,0.1,9,2232081965,pruned,0.0348,1192,15,39,14,5,inf,0.0,0,0,100.0
layered,1000,2,power_law,0.5,9,2232081965,pruned,0.0085,360,3,7,2,1,inf,0.0,0,0,100.0
layered,1000,2,power_law,0,10,2137285074,baseline,1.1113,42200,350,876,876,210,6.830564,0.0010802492,10,1,0.0
layered,1000,2,power_law,0.001,10,2137285074,pruned,0.8722,41680,350,876,539,122,6.830564,0.0010802492,10,1,0.0
layered,1000,2,power_law,0.01,10,2137285074,pruned,0.2357,10608,104,277,119,38,inf,0.0,0,0,100.0
layered,1000,2,power_law,0.05,10,2137285074,pruned,0.0671,2216,28,77,29,10,inf,0.0,0,0,100.0
layered,1000,2,power_law,0.1,10,2137285074,pruned,0.0302,1192,13,36,12,4,inf,0.0,0,0,100.0
layered,1000,2,power_law,0.5,10,2137285074,pruned,0.005,360,1,3,0,1,inf,0.0,0,0,100.0
layered,1000,5,uniform,0,1,3236931464,baseline,2.6618,85060,588,2957,2957,504,7.468697,0.0005706712,8,1,0.0
layered,1000,5,uniform,0.001,1,3236931464,pruned,1.3552,43020,440,2215,607,294,inf,0.0,0,0,100.0
layered,1000,5,uniform,0.01,1,3236931464,pruned,0.1754,4520,65,327,69,38,inf,0.0,0,0,100.0
layered,1000,5,uniform,0.05,1,3236931464,pruned,0.0362,1224,12,58,11,6,inf,0.0,0,0,100.0
layered,1000,5,uniform,0.1,1,3236931464,pruned,0.0213,656,7,34,6,6,inf,0.0,0,0,100.0
layered,1000,5,uniform,0.5,1,3236931464,pruned,0.0056,360,1,6,0,1,inf,0.0,0,0,100.0
layered,1000,5,uniform,0,2,911765905,baseline,0.5811,43340,96,466,466,283,5.040941,0.0064676605,5,1,0.0
layered,1000,5,uniform,0.001,2,911765905,pruned,0.4933,23612,96,466,434,261,5.040941,0.0064676605,5,1,0.0
layered,1000,5,uniform,0.01,2,911765905,pruned,0.1591,4472,63,318,63,44,inf,0.0,0,0,100.0
layered,1000,5,uniform,0.05,2,911765905,pruned,0.0497,1224,13,68,12,9,inf,0.0,0,0,100.0
layered,1000,5,uniform,0.1,2,911765905,pruned,0.0948,568,6,28,5,3,inf,0.0,0,0,100.0
layered,1000,5,uniform,0.5,2,911765905,pruned,0.0273,360,1,3,0,1,inf,0.0,0,0,100.0
layered,1000,5,uniform,0,3,2722047114,baseline,0.5184,23660,93,451,451,257,4.901556,0.007435002,4,1,0.0
layered,1000,5,uniform,0.001,3,2722047114,pruned,0.6891,22720,93,451,414,228,4.901556,0.007435002,4,1,0.0
layered,1000,5,uniform,0.01,3,2722047114,pruned,0.2036,4616,69,338,68,47,inf,0.0,0,0,100.0
layered,1000,5,uniform,0.05,3,2722047114,pruned,0.0416,1224,14,67,13,9,inf,0.0,0,0,100.0
layered,1000,5,uniform,0.1,3,2722047114,pruned,0.0154,360,5,22,4,4,inf,0.0,0,0,100.0
layered,1000,5,uniform,0.5,3,2722047114,pruned,0.005,360,1,4,0,1,inf,0.0,0,0,100.0
layered,1000,5,uniform,0,4,527568243,baseline,2.2106,85636,456,2251,2251,494,7.109226,0.0008175277,6,1,0.0
layered,1000,5,uniform,0.001,4,527568243,pruned,1.2084,42968,406,2002,570,266,inf,0.0,0,0,100.0
layered,1000,5,uniform,0.01,4,527568243,pruned,0.2078,4672,68,308,72,42,inf,0.0,0,0,100.0
layered,1000,5,uniform,0.05,4,527568243,pruned,0.0378,1344,13,52,12,9,inf,0.0,0,0,100.0
layered,1000,5,uniform,0.1,4,527568243,pruned,0.0221,776,7,30,6,5,inf,0.0,0,0,100.0
layered,1000,5,uniform,0.5,4,527568243,pruned,0.006,360,1,5,0,1,inf,0.0,0,0,100.0
layered,1000,5,uniform,0,5,1455553327,baseline,2.6688,85996,618,3104,3104,489,7.669793,0.0004667143,6,1,0.0
layered,1000,5,uniform,0.001,5,1455553327,pruned,1.7601,42948,453,2298,640,308,inf,0.0,0,0,100.0
layered,1000,5,uniform,0.01,5,1455553327,pruned,0.1961,4624,66,334,66,41,inf,0.0,0,0,100.0
layered,1000,5,uniform,0.05,5,1455553327,pruned,0.042,1408,15,73,14,10,inf,0.0,0,0,100.0
layered,1000,5,uniform,0.1,5,1455553327,pruned,0.0183,568,6,24,5,5,inf,0.0,0,0,100.0
layered,1000,5,uniform,0.5,5,1455553327,pruned,0.0058,360,1,7,0,1,inf,0.0,0,0,100.0
layered,1000,5,uniform,0,6,837203787,baseline,0.4615,22192,77,383,383,230,4.778751,0.0084064915,4,1,0.0
layered,1000,5,uniform,0.001,6,837203787,pruned,0.4112,21712,77,383,358,209,4.778751,0.0084064915,4,1,0.0
layered,1000,5,uniform,0.01,6,837203787,pruned,0.161,4504,62,312,61,40,inf,0.0,0,0,100.0
layered,1000,5,uniform,0.05,6,837203787,pruned,0.0408,1344,14,72,13,9,inf,0.0,0,0,100.0
layered,1000,5,uniform,0.1,6,837203787,pruned,0.0156,360,5,23,4,4,inf,0.0,0,0,100.0
layered,1000,5,uniform,0.5,6,837203787,pruned,0.0065,360,1,4,0,1,inf,0.0,0,0,100.0
layered,1000,5,uniform,0,7,469615833,baseline,0.4924,43436,110,518,518,293,5.188232,0.0055818686,4,1,0.0
layered,1000,5,uniform,0.001,7,469615833,pruned,0.5373,23756,110,518,469,257,5.188232,0.0055818686,4,1,0.0
layered,1000,5,uniform,0.01,7,469615833,pruned,0.1709,4688,67,331,69,46,inf,0.0,0,0,100.0
layered,1000,5,uniform,0.05,7,469615833,pruned,0.0712,1344,15,75,14,9,inf,0.0,0,0,100.0
layered,1000,5,uniform,0.1,7,469615833,pruned,0.0369,776,8,41,7,5,inf,0.0,0,0,100.0
layered,1000,5,uniform,0.5,7,469615833,pruned,0.0111,360,1,4,0,1,inf,0.0,0,0,100.0
layered,1000,5,uniform,0,8,3534419700,baseline,1.1034,45788,263,1325,1325,453,6.169892,0.0020914625,5,1,0.0
layered,1000,5,uniform,0.001,8,3534419700,pruned,1.2094,42924,263,1325,618,287,6.169892,0.0020914625,5,1,0.0
layered,1000,5,uniform,0.01,8,3534419700,pruned,0.2384,4664,65,354,65,44,inf,0.0,0,0,100.0
layered,1000,5,uniform,0.05,8,3534419700,pruned,0.0895,1344,14,83,13,10,inf,0.0,0,0,100.0
layered,1000,5,uniform,0.1,8,3534419700,pruned,0.0213,360,4,22,3,3,inf,0.0,0,0,100.0
layered,1000,5,uniform,0.5,8,3534419700,pruned,0.0067,360,1,3,0,1,inf,0.0,0,0,100.0
layered,1000,5,uniform,0,9,123585274,baseline,0.5802,42972,128,623,623,325,5.354814,0.0047253499,6,1,0.0
layered,1000,5,uniform,0.001,9,123585274,pruned,0.6209,43160,128,623,503,251,5.354814,0.0047253499,6,1,0.0
layered,1000,5,uniform,0.01,9,123585274,pruned,0.1631,4552,63,306,66,43,inf,0.0,0,0,100.0
layered,1000,5,uniform,0.05,9,123585274,pruned,0.0406,1344,15,68,14,9,inf,0.0,0,0,100.0
layered,1000,5,uniform,0.1,9,123585274,pruned,0.0177,568,6,24,5,4,inf,0.0,0,0,100.0
layered,1000,5,uniform,0.5,9,123585274,pruned,0.005,360,1,3,0,1,inf,0.0,0,0,100.0
layered,1000,5,uniform,0,10,320933219,baseline,0.8161,42972,151,771,771,331,5.597181,0.003708301,5,1,0.0
layered,1000,5,uniform,0.001,10,320933219,pruned,0.6462,43184,151,771,564,244,5.597181,0.003708301,5,1,0.0
layered,1000,5,uniform,0.01,10,320933219,pruned,0.232,4664,65,341,65,46,inf,0.0,0,0,100.0
layered,1000,5,uniform,0.05,10,320933219,pruned,0.0565,1224,15,78,14,11,inf,0.0,0,0,100.0
layered,1000,5,uniform,0.1,10,320933219,pruned,0.0196,568,6,31,5,4,inf,0.0,0,0,100.0
layered,1000,5,uniform,0.5,10,320933219,pruned,0.005,360,1,3,0,1,inf,0.0,0,0,100.0
layered,1000,5,power_law,0,1,1022624909,baseline,1.9994,86644,387,1928,1928,561,6.581415,0.0013858864,3,1,0.0
layered,1000,5,power_law,0.001,1,1022624909,pruned,1.2449,42992,387,1928,638,259,6.581415,0.0013858864,3,1,0.0
layered,1000,5,power_law,0.01,1,1022624909,pruned,0.2241,4808,74,363,77,41,inf,0.0,0,0,100.0
layered,1000,5,power_law,0.05,1,1022624909,pruned,0.0625,1224,13,64,12,6,inf,0.0,0,0,100.0
layered,1000,5,power_law,0.1,1,1022624909,pruned,0.0174,656,7,38,6,4,inf,0.0,0,0,100.0
layered,1000,5,power_law,0.5,1,1022624909,pruned,0.0052,360,2,10,1,1,inf,0.0,0,0,100.0
layered,1000,5,power_law,0,2,4018422647,baseline,2.2453,86084,409,2119,2119,622,6.646581,0.0012984538,8,1,0.0
layered,1000,5,power_law,0.001,2,4018422647,pruned,1.3807,43160,409,2119,639,257,6.646581,0.0012984538,8,1,0.0
layered,1000,5,power_law,0.01,2,4018422647,pruned,0.2765,4800,74,365,76,39,inf,0.0,0,0,100.0
layered,1000,5,power_law,0.05,2,4018422647,pruned,0.0491,1224,15,77,14,8,inf,0.0,0,0,100.0
layered,1000,5,power_law,0.1,2,4018422647,pruned,0.0273,656,9,45,8,5,inf,0.0,0,0,100.0
layered,1000,5,power_law,0.5,2,4018422647,pruned,0.0063,360,1,6,0,1,inf,0.0,0,0,100.0
layered,1000,5,power_law,0,3,2111927,baseline,1.1407,44300,199,1023,1023,467,5.726244,0.0032592977,9,1,0.0
layered,1000,5,power_law,0.001,3,2111927,pruned,0.8497,42848,199,1023,556,241,5.726244,0.0032592977,9,1,0.0
layered,1000,5,power_law,0.01,3,2111927,pruned,0.2385,5160,81,418,84,41,inf,0.0,0,0,100.0
layered,1000,5,power_law,0.05,3,2111927,pruned,0.0506,1224,17,82,16,10,inf,0.0,0,0,100.0
layered,1000,5,power_law,0.1,3,2111927,pruned,0.0287,656,9,45,8,5,inf,0.0,0,0,100.0
layered,1000,5,power_law,0.5,3,2111927,pruned,0.0077,360,2,9,1,1,inf,0.0,0,0,100.0
layered,1000,5,power_law,0,4,1236329001,baseline,2.6767,86468,550,2739,2739,595,7.125663,0.0008041999,9,1,0.0
layered,1000,5,power_law,0.001,4,1236329001,pruned,1.5911,42968,486,2431,672,261,inf,0.0,0,0,100.0
layered,1000,5,power_law,0.01,4,1236329001,pruned,0.2106,4624,71,360,71,39,inf,0.0,0,0,100.0
layered,1000,5,power_law,0.05,4,1236329001,pruned,0.0515,1288,17,95,16,10,inf,0.0,0,0,100.0
layered,1000,5,power_law,0.1,4,1236329001,pruned,0.0247,656,8,41,7,5,inf,0.0,0,0,100.0
layered,1000,5,power_law,0.5,4,1236329001,pruned,0.0057,360,1,5,0,1,inf,0.0,0,0,100.0
layered,1000,5,power_law,0,5,1279501733,baseline,1.5015,86572,270,1316,1316,534,6.039809,0.0023820137,6,1,0.0
layered,1000,5,power_law,0.001,5,1279501733,pruned,0.9773,42920,270,1316,628,268,6.039809,0.0023820137,6,1,0.0
layered,1000,5,power_law,0.01,5,1279501733,pruned,0.1964,4800,74,363,75,37,inf,0.0,0,0,100.0
layered,1000,5,power_law,0.05,5,1279501733,pruned,0.0379,1224,12,56,11,6,inf,0.0,0,0,100.0
layered,1000,5,power_law,0.1,5,1279501733,pruned,0.0257,656,9,39,8,4,inf,0.0,0,0,100.0
layered,1000,5,power_law,0.5,5,1279501733,pruned,0.0083,360,2,11,1,1,inf,0.0,0,0,100.0
layered,1000,5,power_law,0,6,1790586592,baseline,0.6495,43364,103,507,507,315,4.924428,0.0072668834,6,1,0.0
layered,1000,5,power_law,0.001,6,1790586592,pruned,0.47,22768,103,507,393,232,4.924428,0.0072668834,6,1,0.0
layered,1000,5,power_law,0.01,6,1790586592,pruned,0.4178,5208,81,398,83,42,inf,0.0,0,0,100.0
layered,1000,5,power_law,0.05,6,1790586592,pruned,0.0551,1224,19,87,18,9,inf,0.0,0,0,100.0
layered,1000,5,power_law,0.1,6,1790586592,pruned,0.0247,656,8,38,7,4,inf,0.0,0,0,100.0
layered,1000,5,power_law,0.5,6,1790586592,pruned,0.0078,360,2,8,1,1,inf,0.0,0,0,100.0
layered,1000,5,power_law,0,7,4214571593,baseline,1.0948,42692,207,1023,1023,396,5.88389,0.0027839336,7,1,0.0
layered,1000,5,power_law,0.001,7,4214571593,pruned,0.8019,23088,207,1023,508,186,5.88389,0.0027839336,7,1,0.0
layered,1000,5,power_law,0.01,7,4214571593,pruned,0.1867,4600,71,346,77,32,inf,0.0,0,0,100.0
layered,1000,5,power_law,0.05,7,4214571593,pruned,0.0397,1192,13,62,12,5,inf,0.0,0,0,100.0
layered,1000,5,power_law,0.1,7,4214571593,pruned,0.023,656,8,36,7,3,inf,0.0,0,0,100.0
layered,1000,5,power_law,0.5,7,4214571593,pruned,0.0082,360,2,7,1,1,inf,0.0,0,0,100.0
layered,1000,5,power_law,0,8,2900423831,baseline,0.935,42836,128,631,631,366,5.135394,0.0058847351,6,1,0.0
layered,1000,5,power_law,0.001,8,2900423831,pruned,0.6276,42968,128,631,454,263,5.135394,0.0058847351,6,1,0.0
layered,1000,5,power_law,0.01,8,2900423831,pruned,0.2509,4784,75,380,75,32,inf,0.0,0,0,100.0
layered,1000,5,power_law,0.05,8,2900423831,pruned,0.0615,1224,18,87,17,7,inf,0.0,0,0,100.0
layered,1000,5,power_law,0.1,8,2900423831,pruned,0.0319,656,9,42,8,3,inf,0.0,0,0,100.0
layered,1000,5,power_law,0.5,8,2900423831,pruned,0.01,360,1,6,0,1,inf,0.0,0,0,100.0
layered,1000,5,power_law,0,9,636896606,baseline,1.8492,46852,284,1394,1394,498,6.247039,0.001936178,7,1,0.0
layered,1000,5,power_law,0.001,9,636896606,pruned,1.0111,42920,284,1394,570,233,6.247039,0.001936178,7,1,0.0
layered,1000,5,power_law,0.01,9,636896606,pruned,0.1917,4600,69,340,72,32,inf,0.0,0,0,100.0
layered,1000,5,power_law,0.05,9,636896606,pruned,0.0425,1224,14,74,14,8,inf,0.0,0,0,100.0
layered,1000,5,power_law,0.1,9,636896606,pruned,0.0214,656,7,33,6,4,inf,0.0,0,0,100.0
layered,1000,5,power_law,0.5,9,636896606,pruned,0.0059,360,1,5,0,1,inf,0.0,0,0,100.0
layered,1000,5,power_law,0,10,1469156438,baseline,3.638,87316,859,4280,4280,571,9.223931,9.86502e-05,7,1,0.0
layered,1000,5,power_law,0.001,10,1469156438,pruned,1.3728,42824,450,2228,645,241,inf,0.0,0,0,100.0
layered,1000,5,power_law,0.01,10,1469156438,pruned,0.2426,8544,86,405,92,43,inf,0.0,0,0,100.0
layered,1000,5,power_law,0.05,10,1469156438,pruned,0.0487,1224,17,83,16,7,inf,0.0,0,0,100.0
layered,1000,5,power_law,0.1,10,1469156438,pruned,0.0365,1224,13,65,12,6,inf,0.0,0,0,100.0
layered,1000,5,power_law,0.5,10,1469156438,pruned,0.0059,360,1,7,0,1,inf,0.0,0,0,100.0
layered,1000,10,uniform,0,1,2370194580,baseline,1.7686,86196,187,1895,1895,725,6.257086,0.0019168229,4,1,0.0
layered,1000,10,uniform,0.001,1,2370194580,pruned,1.0273,43340,187,1895,495,329,6.257086,0.0019168229,4,1,0.0
layered,1000,10,uniform,0.01,1,2370194580,pruned,0.2423,4352,57,592,56,48,inf,0.0,0,0,100.0
layered,1000,10,uniform,0.05,1,2370194580,pruned,0.0512,656,9,94,8,8,inf,0.0,0,0,100.0
layered,1000,10,uniform,0.1,1,2370194580,pruned,0.0297,656,7,72,6,6,inf,0.0,0,0,100.0
layered,1000,10,uniform,0.5,1,2370194580,pruned,0.0068,360,1,8,0,1,inf,0.0,0,0,100.0
layered,1000,10,uniform,0,2,2325826613,baseline,2.1957,85764,290,2876,2876,732,6.515347,0.001480542,4,1,0.0
layered,1000,10,uniform,0.001,2,2325826613,pruned,1.1693,43268,290,2876,505,339,6.515347,0.001480542,4,1,0.0
layered,1000,10,uniform,0.01,2,2325826613,pruned,0.2333,4352,58,560,58,49,inf,0.0,0,0,100.0
layered,1000,10,uniform,0.05,2,2325826613,pruned,0.0381,656,9,84,8,8,inf,0.0,0,0,100.0
layered,1000,10,uniform,0.1,2,2325826613,pruned,0.0283,656,7,65,6,6,inf,0.0,0,0,100.0
layered,1000,10,uniform,0.5,2,2325826613,pruned,0.009,360,1,8,0,1,inf,0.0,0,0,100.0
layered,1000,10,uniform,0,3,2023336314,baseline,4.8846,86436,786,7823,7823,745,8.557237,0.0001921495,5,1,0.0
layered,1000,10,uniform,0.001,3,2023336314,pruned,1.5646,43412,394,3909,500,331,inf,0.0,0,0,100.0
layered,1000,10,uniform,0.01,3,2023336314,pruned,0.2517,4544,60,585,61,50,inf,0.0,0,0,100.0
layered,1000,10,uniform,0.05,3,2023336314,pruned,0.0486,1408,12,120,11,11,inf,0.0,0,0,100.0
layered,1000,10,uniform,0.1,3,2023336314,pruned,0.0247,360,5,52,4,4,inf,0.0,0,0,100.0
layered,1000,10,uniform,0.5,3,2023336314,pruned,0.0066,360,1,11,0,1,inf,0.0,0,0,100.0
layered,1000,10,uniform,0,4,158015526,baseline,2.9183,86076,408,4065,4065,715,6.940065,0.0009682069,4,1,0.0
layered,1000,10,uniform,0.001,4,158015526,pruned,1.7566,43836,398,3981,522,345,inf,0.0,0,0,100.0
layered,1000,10,uniform,0.01,4,158015526,pruned,0.2299,4472,57,570,57,48,inf,0.0,0,0,100.0
layered,1000,10,uniform,0.05,4,158015526,pruned,0.0505,776,9,96,8,8,inf,0.0,0,0,100.0
layered,1000,10,uniform,0.1,4,158015526,pruned,0.0337,776,7,73,6,6,inf,0.0,0,0,100.0
layered,1000,10,uniform,0.5,4,158015526,pruned,0.0067,360,1,8,0,1,inf,0.0,0,0,100.0
layered,1000,10,uniform,0,5,263483647,baseline,2.1099,86628,152,1494,1494,656,6.085216,0.0022762733,4,1,0.0
layered,1000,10,uniform,0.001,5,263483647,pruned,1.5806,43412,152,1494,513,333,6.085216,0.0022762733,4,1,0.0
layered,1000,10,uniform,0.01,5,263483647,pruned,0.6677,4568,62,595,63,53,inf,0.0,0,0,100.0
layered,1000,10,uniform,0.05,5,263483647,pruned,0.0444,816,10,100,9,9,inf,0.0,0,0,100.0
layered,1000,10,uniform,0.1,5,263483647,pruned,0.0247,360,5,45,4,4,inf,0.0,0,0,100.0
layered,1000,10,uniform,0.5,5,263483647,pruned,0.0068,360,1,9,0,1,inf,0.0,0,0,100.0
layered,1000,10,uniform,0,6,3164423859,baseline,4.1533,86724,594,5874,5874,745,7.636467,0.0004825303,5,1,0.0
layered,1000,10,uniform,0.001,6,3164423859,pruned,2.0889,43484,376,3714,478,301,inf,0.0,0,0,100.0
layered,1000,10,uniform,0.01,6,3164423859,pruned,0.2978,4400,47,462,47,35,inf,0.0,0,0,100.0
layered,1000,10,uniform,0.05,6,3164423859,pruned,0.0993,1408,12,117,11,11,inf,0.0,0,0,100.0
layered,1000,10,uniform,0.1,6,3164423859,pruned,0.0126,360,4,39,3,3,inf,0.0,0,0,100.0
layered,1000,10,uniform,0.5,6,3164423859,pruned,0.0047,360,1,11,0,1,inf,0.0,0,0,100.0
layered,1000,10,uniform,0,7,2139659194,baseline,4.4628,86340,567,5603,5603,741,7.591828,0.000504558,5,1,0.0
layered,1000,10,uniform,0.001,7,2139659194,pruned,1.6809,43316,400,3958,526,350,inf,0.0,0,0,100.0
layered,1000,10,uniform,0.01,7,2139659194,pruned,0.2665,4568,62,640,61,53,inf,0.0,0,0,100.0
layered,1000,10,uniform,0.05,7,2139659194,pruned,0.036,776,9,85,8,8,inf,0.0,0,0,100.0
layered,1000,10,uniform,0.1,7,2139659194,pruned,0.0291,776,7,68,6,6,inf,0.0,0,0,100.0
layered,1000,10,uniform,0.5,7,2139659194,pruned,0.0061,360,1,8,0,1,inf,0.0,0,0,100.0
layered,1000,10,uniform,0,8,2450621659,baseline,3.635,86148,551,5532,5532,742,7.857471,0.000386851,5,1,0.0
layered,1000,10,uniform,0.001,8,2450621659,pruned,1.7009,43316,389,3900,517,340,inf,0.0,0,0,100.0
layered,1000,10,uniform,0.01,8,2450621659,pruned,0.336,4632,63,616,67,55,inf,0.0,0,0,100.0
layered,1000,10,uniform,0.05,8,2450621659,pruned,0.0523,816,10,90,9,9,inf,0.0,0,0,100.0
layered,1000,10,uniform,0.1,8,2450621659,pruned,0.029,776,7,64,6,6,inf,0.0,0,0,100.0
layered,1000,10,uniform,0.5,8,2450621659,pruned,0.0069,360,1,9,0,1,inf,0.0,0,0,100.0
layered,1000,10,uniform,0,9,3516618526,baseline,1.6582,86532,184,1836,1836,723,6.353761,0.0017401904,4,1,0.0
layered,1000,10,uniform,0.001,9,3516618526,pruned,1.0523,43436,184,1836,502,332,6.353761,0.0017401904,4,1,0.0
layered,1000,10,uniform,0.01,9,3516618526,pruned,0.2443,4448,57,574,57,47,inf,0.0,0,0,100.0
layered,1000,10,uniform,0.05,9,3516618526,pruned,0.0507,1096,11,103,10,10,inf,0.0,0,0,100.0
layered,1000,10,uniform,0.1,9,3516618526,pruned,0.0125,360,2,20,1,1,inf,0.0,0,0,100.0
layered,1000,10,uniform,0.5,9,3516618526,pruned,0.0081,360,1,12,0,1,inf,0.0,0,0,100.0
layered,1000,10,uniform,0,10,2825130182,baseline,4.4381,86100,527,5297,5297,764,7.352235,0.0006411578,4,1,0.0
layered,1000,10,uniform,0.001,10,2825130182,pruned,2.1279,43596,402,4034,536,347,inf,0.0,0,0,100.0
layered,1000,10,uniform,0.01,10,2825130182,pruned,0.2705,4328,57,568,56,48,inf,0.0,0,0,100.0
layered,1000,10,uniform,0.05,10,2825130182,pruned,0.0487,696,10,95,9,9,inf,0.0,0,0,100.0
layered,1000,10,uniform,0.1,10,2825130182,pruned,0.0353,656,7,68,6,6,inf,0.0,0,0,100.0
layered,1000,10,uniform,0.5,10,2825130182,pruned,0.0105,360,1,9,0,1,inf,0.0,0,0,100.0
layered,1000,10,power_law,0,1,4065268529,baseline,4.3564,89212,394,3968,3968,927,6.856534,0.0010525557,4,1,0.0
layered,1000,10,power_law,0.001,1,4065268529,pruned,2.1522,43556,394,3968,526,274,6.856534,0.0010525557,4,1,0.0
layered,1000,10,power_law,0.01,1,4065268529,pruned,0.4431,4336,59,594,59,34,inf,0.0,0,0,100.0
layered,1000,10,power_law,0.05,1,4065268529,pruned,0.0663,1224,12,124,11,7,inf,0.0,0,0,100.0
layered,1000,10,power_law,0.1,1,4065268529,pruned,0.037,656,7,68,6,4,inf,0.0,0,0,100.0
layered,1000,10,power_law,0.5,1,4065268529,pruned,0.0117,360,1,12,0,1,inf,0.0,0,0,100.0
layered,1000,10,power_law,0,2,2309204271,baseline,2.54,87228,273,2762,2762,863,6.43438,0.0016054042,5,1,0.0
layered,1000,10,power_law,0.001,2,2309204271,pruned,1.5994,43676,273,2762,514,269,6.43438,0.0016054042,5,1,0.0
layered,1000,10,power_law,0.01,2,2309204271,pruned,0.2445,4336,50,511,49,25,inf,0.0,0,0,100.0
layered,1000,10,power_law,0.05,2,2309204271,pruned,0.0722,1344,12,126,11,8,inf,0.0,0,0,100.0
layered,1000,10,power_law,0.1,2,2309204271,pruned,0.0191,360,4,42,3,2,inf,0.0,0,0,100.0
layered,1000,10,power_law,0.5,2,2309204271,pruned,0.0067,360,1,11,0,1,inf,0.0,0,0,100.0
layered,1000,10,power_law,0,3,3765782882,baseline,6.0774,90764,857,8516,8516,933,8.478048,0.0002079843,5,1,0.0
layered,1000,10,power_law,0.001,3,3765782882,pruned,1.8582,43424,394,3920,495,247,inf,0.0,0,0,100.0
layered,1000,10,power_law,0.01,3,3765782882,pruned,0.2817,4336,53,537,55,32,inf,0.0,0,0,100.0
layered,1000,10,power_law,0.05,3,3765782882,pruned,0.0424,776,10,103,9,8,inf,0.0,0,0,100.0
layered,1000,10,power_law,0.1,3,3765782882,pruned,0.0245,568,6,63,5,4,inf,0.0,0,0,100.0
layered,1000,10,power_law,0.5,3,3765782882,pruned,0.0068,360,1,11,0,1,inf,0.0,0,0,100.0
layered,1000,10,power_law,0,4,172339567,baseline,3.4547,90364,433,4342,4342,941,6.980823,0.0009295376,6,1,0.0
layered,1000,10,power_law,0.001,4,172339567,pruned,1.6651,43572,400,4022,504,258,inf,0.0,0,0,100.0
layered,1000,10,power_law,0.01,4,172339567,pruned,0.2154,4336,53,524,54,31,inf,0.0,0,0,100.0
layered,1000,10,power_law,0.05,4,172339567,pruned,0.0469,1152,11,121,10,6,inf,0.0,0,0,100.0
layered,1000,10,power_law,0.1,4,172339567,pruned,0.0263,568,6,68,5,3,inf,0.0,0,0,100.0
layered,1000,10,power_law,0.5,4,172339567,pruned,0.0071,360,1,12,0,1,inf,0.0,0,0,100.0
layered,1000,10,power_law,0,5,906527415,baseline,2.4161,88220,257,2584,2584,939,6.294876,0.0018457381,4,1,0.0
layered,1000,10,power_law,0.001,5,906527415,pruned,1.3598,43136,257,2584,505,248,6.294876,0.0018457381,4,1,0.0
layered,1000,10,power_law,0.01,5,906527415,pruned,0.2469,4336,53,517,54,30,inf,0.0,0,0,100.0
layered,1000,10,power_law,0.05,5,906527415,pruned,0.0519,1344,13,122,12,7,inf,0.0,0,0,100.0
layered,1000,10,power_law,0.1,5,906527415,pruned,0.0268,568,6,57,5,4,inf,0.0,0,0,100.0
layered,1000,10,power_law,0.5,5,906527415,pruned,0.007,360,1,10,0,1,inf,0.0,0,0,100.0
layered,1000,10,power_law,0,6,332571192,baseline,5.2228,92516,764,7659,7659,979,8.113304,0.0002995275,5,1,0.0
layered,1000,10,power_law,0.001,6,332571192,pruned,1.6852,43256,405,4015,514,244,inf,0.0,0,0,100.0
layered,1000,10,power_law,0.01,6,332571192,pruned,0.2242,4360,54,544,54,32,inf,0.0,0,0,100.0
layered,1000,10,power_law,0.05,6,332571192,pruned,0.0421,776,10,104,9,5,inf,0.0,0,0,100.0
layered,1000,10,power_law,0.1,6,332571192,pruned,0.0193,360,5,50,4,1,inf,0.0,0,0,100.0
layered,1000,10,power_law,0.5,6,332571192,pruned,0.0158,360,4,41,3,1,inf,0.0,0,0,100.0
layered,1000,10,power_law,0,7,2633304358,baseline,3.2248,89476,350,3524,3524,970,6.715767,0.0012116562,6,1,0.0
layered,1000,10,power_law,0.001,7,2633304358,pruned,2.307,43304,350,3524,509,249,6.715767,0.0012116562,6,1,0.0
layered,1000,10,power_law,0.01,7,2633304358,pruned,0.3758,4472,57,579,58,35,inf,0.0,0,0,100.0
layered,1000,10,power_law,0.05,7,2633304358,pruned,0.0693,776,9,92,8,5,inf,0.0,0,0,100.0
layered,1000,10,power_law,0.1,7,2633304358,pruned,0.037,360,5,51,4,2,inf,0.0,0,0,100.0
layered,1000,10,power_law,0.5,7,2633304358,pruned,0.0154,360,1,10,0,1,inf,0.0,0,0,100.0
layered,1000,10,power_law,0,8,2743023386,baseline,1.9557,88892,207,2063,2063,804,6.075151,0.0022992988,5,1,0.0
layered,1000,10,power_law,0.001,8,2743023386,pruned,1.0094,43208,207,2063,487,252,6.075151,0.0022992988,5,1,0.0
layered,1000,10,power_law,0.01,8,2743023386,pruned,0.2049,4400,54,550,56,34,inf,0.0,0,0,100.0
layered,1000,10,power_law,0.05,8,2743023386,pruned,0.057,1288,13,130,12,10,inf,0.0,0,0,100.0
layered,1000,10,power_law,0.1,8,2743023386,pruned,0.02,360,4,41,3,2,inf,0.0,0,0,100.0
layered,1000,10,power_law,0.5,8,2743023386,pruned,0.0102,360,2,20,1,1,inf,0.0,0,0,100.0
layered,1000,10,power_law,0,9,328821226,baseline,3.9587,89068,407,4095,4095,928,6.988062,0.0009228332,5,1,0.0
layered,1000,10,power_law,0.001,9,328821226,pruned,1.7325,43236,378,3800,494,257,inf,0.0,0,0,100.0
layered,1000,10,power_law,0.01,9,328821226,pruned,0.2417,4400,59,595,61,36,inf,0.0,0,0,100.0
layered,1000,10,power_law,0.05,9,328821226,pruned,0.0414,656,9,95,8,5,inf,0.0,0,0,100.0
layered,1000,10,power_law,0.1,9,328821226,pruned,0.026,568,6,64,5,4,inf,0.0,0,0,100.0
layered,1000,10,power_law,0.5,9,328821226,pruned,0.0072,360,1,10,0,1,inf,0.0,0,0,100.0
layered,1000,10,power_law,0,10,371506235,baseline,1.9302,87060,217,2151,2151,865,6.120914,0.0021964474,4,1,0.0
layered,1000,10,power_law,0.001,10,371506235,pruned,1.0502,43016,217,2151,478,252,6.120914,0.0021964474,4,1,0.0
layered,1000,10,power_law,0.01,10,371506235,pruned,0.2053,4216,51,520,52,32,inf,0.0,0,0,100.0
layered,1000,10,power_law,0.05,10,371506235,pruned,0.0489,656,9,87,8,7,inf,0.0,0,0,100.0
layered,1000,10,power_law,0.1,10,371506235,pruned,0.0224,360,5,50,4,4,inf,0.0,0,0,100.0
layered,1000,10,power_law,0.5,10,371506235,pruned,0.0072,360,1,12,0,1,inf,0.0,0,0,100.0
layered,5000,2,uniform,0,1,2172216730,baseline,1.7503,84604,452,1178,1178,511,6.07385,0.0023022921,8,1,0.0
layered,5000,2,uniform,0.001,1,2172216730,pruned,1.5263,84604,452,1178,889,336,6.07385,0.0023022921,8,1,0.0
layered,5000,2,uniform,0.01,1,2172216730,pruned,0.2806,10800,115,311,115,52,inf,0.0,0,0,100.0
layered,5000,2,uniform,0.05,1,2172216730,pruned,0.0467,1344,19,60,18,11,inf,0.0,0,0,100.0
layered,5000,2,uniform,0.1,1,2172216730,pruned,0.0253,776,10,31,9,5,inf,0.0,0,0,100.0
layered,5000,2,uniform,0.5,1,2172216730,pruned,0.0056,360,1,4,0,1,inf,0.0,0,0,100.0
layered,5000,2,uniform,0,2,394774021,baseline,2.9157,168796,791,1960,1960,697,6.814999,0.0010971945,10,1,0.0
layered,5000,2,uniform,0.001,2,394774021,pruned,2.0801,84916,791,1960,1024,324,6.814999,0.0010971945,10,1,0.0
layered,5000,2,uniform,0.01,2,394774021,pruned,0.3026,10776,133,322,134,49,inf,0.0,0,0,100.0
layered,5000,2,uniform,0.05,2,394774021,pruned,0.0594,2272,27,62,26,7,inf,0.0,0,0,100.0
layered,5000,2,uniform,0.1,2,394774021,pruned,0.0357,1344,15,36,14,5,inf,0.0,0,0,100.0
layered,5000,2,uniform,0.5,2,394774021,pruned,0.0059,360,1,3,0,1,inf,0.0,0,0,100.0
layered,5000,2,uniform,0,3,1064398778,baseline,7.1221,332284,1978,4935,4935,859,8.725261,0.0001624304,11,1,0.0
layered,5000,2,uniform,0.001,3,1064398778,pruned,2.9598,84844,885,2202,1078,349,inf,0.0,0,0,100.0
layered,5000,2,uniform,0.01,3,1064398778,pruned,0.3269,10824,128,326,129,47,inf,0.0,0,0,100.0
layered,5000,2,uniform,0.05,3,1064398778,pruned,0.0616,2304,25,63,24,11,inf,0.0,0,0,100.0
layered,5000,2,uniform,0.1,3,1064398778,pruned,0.0287,1344,12,31,11,6,inf,0.0,0,0,100.0
layered,5000,2,uniform,0.5,3,1064398778,pruned,0.0064,360,2,4,1,1,inf,0.0,0,0,100.0
layered,5000,2,uniform,0,4,1864593762,baseline,4.3179,168116,1144,2887,2887,765,7.605592,0.0004976609,11,1,0.0
layered,5000,2,uniform,0.001,4,1864593762,pruned,3.346,84564,770,1949,967,300,inf,0.0,0,0,100.0
layered,5000,2,uniform,0.01,4,1864593762,pruned,0.3111,10776,126,319,131,48,inf,0.0,0,0,100.0
layered,5000,2,uniform,0.05,4,1864593762,pruned,0.0663,2272,27,66,26,8,inf,0.0,0,0,100.0
layered,5000,2,uniform,0.1,4,1864593762,pruned,0.0473,1344,14,35,13,7,inf,0.0,0,0,100.0
layered,5000,2,uniform,0.5,4,1864593762,pruned,0.0065,360,1,3,0,1,inf,0.0,0,0,100.0
layered,5000,2,uniform,0,5,1738111780,baseline,2.4259,84820,563,1407,1407,602,6.27782,0.0018774888,7,1,0.0
layered,5000,2,uniform,0.001,5,1738111780,pruned,1.9075,84388,563,1407,977,342,6.27782,0.0018774888,7,1,0.0
layered,5000,2,uniform,0.01,5,1738111780,pruned,0.3169,10776,133,324,136,50,inf,0.0,0,0,100.0
layered,5000,2,uniform,0.05,5,1738111780,pruned,0.069,2336,29,70,28,11,inf,0.0,0,0,100.0
layered,5000,2,uniform,0.1,5,1738111780,pruned,0.0247,776,10,26,9,4,inf,0.0,0,0,100.0
layered,5000,2,uniform,0.5,5,1738111780,pruned,0.0054,360,1,4,0,1,inf,0.0,0,0,100.0
layered,5000,2,uniform,0,6,1376629595,baseline,0.6242,22848,140,346,346,187,4.674135,0.0093335983,8,1,0.0
layered,5000,2,uniform,0.001,6,1376629595,pruned,0.4833,22704,140,346,340,181,4.674135,0.0093335983,8,1,0.0
layered,5000,2,uniform,0.01,6,1376629595,pruned,0.4504,10776,132,329,132,55,inf,0.0,0,0,100.0
layered,5000,2,uniform,0.05,6,1376629595,pruned,0.0749,1344,20,57,19,10,inf,0.0,0,0,100.0
layered,5000,2,uniform,0.1,6,1376629595,pruned,0.0324,776,7,26,6,4,inf,0.0,0,0,100.0
layered,5000,2,uniform,0.5,6,1376629595,pruned,0.0115,360,1,4,0,1,inf,0.0,0,0,100.0
layered,5000,2,uniform,0,7,297036908,baseline,3.0696,88348,702,1739,1739,603,6.625781,0.0013257445,9,1,0.0
layered,5000,2,uniform,0.001,7,297036908,pruned,1.934,84724,702,1739,1003,330,6.625781,0.0013257445,9,1,0.0
layered,5000,2,uniform,0.01,7,297036908,pruned,0.4627,10776,133,325,136,53,inf,0.0,0,0,100.0
layered,5000,2,uniform,0.05,7,297036908,pruned,0.0597,1344,21,55,20,10,inf,0.0,0,0,100.0
layered,5000,2,uniform,0.1,7,297036908,pruned,0.037,1344,12,34,11,5,inf,0.0,0,0,100.0
layered,5000,2,uniform,0.5,7,297036908,pruned,0.0122,360,2,4,1,1,inf,0.0,0,0,100.0
layered,5000,2,uniform,0,8,2375100936,baseline,4.7273,167660,1166,2901,2901,739,7.55404,0.0005239892,10,1,0.0
layered,5000,2,uniform,0.001,8,2375100936,pruned,2.526,84892,778,1956,977,315,inf,0.0,0,0,100.0
layered,5000,2,uniform,0.01,8,2375100936,pruned,0.3377,10800,114,306,116,43,inf,0.0,0,0,100.0
layered,5000,2,uniform,0.05,8,2375100936,pruned,0.0824,2304,25,64,24,11,inf,0.0,0,0,100.0
layered,5000,2,uniform,0.1,8,2375100936,pruned,0.0339,1120,11,27,10,4,inf,0.0,0,0,100.0
layered,5000,2,uniform,0.5,8,2375100936,pruned,0.0128,360,2,5,1,1,inf,0.0,0,0,100.0
layered,5000,2,uniform,0,9,2521559877,baseline,5.8923,168924,1559,3917,3917,889,7.993803,0.0003375481,10,1,0.0
layered,5000,2,uniform,0.001,9,2521559877,pruned,3.4503,84772,879,2199,1082,346,inf,0.0,0,0,100.0
layered,5000,2,uniform,0.01,9,2521559877,pruned,0.3203,10776,131,331,133,47,inf,0.0,0,0,100.0
layered,5000,2,uniform,0.05,9,2521559877,pruned,0.0573,2336,29,68,28,10,inf,0.0,0,0,100.0
layered,5000,2,uniform,0.1,9,2521559877,pruned,0.0357,1344,13,36,12,6,inf,0.0,0,0,100.0
layered,5000,2,uniform,0.5,9,2521559877,pruned,0.009,360,2,6,1,1,inf,0.0,0,0,100.0
layered,5000,2,uniform,0,10,308319674,baseline,6.0799,167948,1165,2864,2864,758,7.561119,0.0005202927,13,1,0.0
layered,5000,2,uniform,0.001,10,308319674,pruned,2.6104,84396,793,1935,961,290,inf,0.0,0,0,100.0
layered,5000,2,uniform,0.01,10,308319674,pruned,0.4337,10776,130,301,137,43,inf,0.0,0,0,100.0
layered,5000,2,uniform,0.05,10,308319674,pruned,0.0862,2272,28,70,27,10,inf,0.0,0,0,100.0
layered,5000,2,uniform,0.1,10,308319674,pruned,0.0404,1344,17,34,16,5,inf,0.0,0,0,100.0
layered,5000,2,uniform,0.5,10,308319674,pruned,0.0089,360,2,5,1,1,inf,0.0,0,0,100.0
layered,5000,2,power_law,0,1,77028089,baseline,2.2237,84316,515,1300,1300,597,6.077022,0.0022950008,13,1,0.0
layered,5000,2,power_law,0.001,1,77028089,pruned,2.2628,84228,515,1300,905,305,6.077022,0.0022950008,13,1,0.0
layered,5000,2,power_law,0.01,1,77028089,pruned,0.4085,10800,136,364,139,45,inf,0.0,0,0,100.0
layered,5000,2,power_law,0.05,1,77028089,pruned,0.0723,2304,31,83,30,9,inf,0.0,0,0,100.0
layered,5000,2,power_law,0.1,1,77028089,pruned,0.0324,1312,12,34,11,3,inf,0.0,0,0,100.0
layered,5000,2,power_law,0.5,1,77028089,pruned,0.0098,360,2,6,1,1,inf,0.0,0,0,100.0
layered,5000,2,power_law,0,2,354727525,baseline,17.0018,337372,3753,9355,9355,1085,11.689022,8.3854e-06,24,1,0.0
layered,5000,2,power_law,0.001,2,354727525,pruned,3.7615,84868,1044,2557,1231,315,inf,0.0,0,0,100.0
layered,5000,2,power_law,0.01,2,354727525,pruned,0.456,10800,143,373,145,45,inf,0.0,0,0,100.0
layered,5000,2,power_law,0.05,2,354727525,pruned,0.0772,2272,25,66,24,7,inf,0.0,0,0,100.0
layered,5000,2,power_law,0.1,2,354727525,pruned,0.0391,1344,16,41,15,5,inf,0.0,0,0,100.0
layered,5000,2,power_law,0.5,2,354727525,pruned,0.0057,360,1,3,0,1,inf,0.0,0,0,100.0
layered,5000,2,power_law,0,3,1172596681,baseline,14.6444,337108,2126,5323,5323,1113,8.496334,0.0002042156,11,1,0.0
layered,5000,2,power_law,0.001,3,1172596681,pruned,2.1388,84420,937,2348,1097,304,inf,0.0,0,0,100.0
layered,5000,2,power_law,0.01,3,1172596681,pruned,0.3135,10696,152,374,156,43,inf,0.0,0,0,100.0
layered,5000,2,power_law,0.05,3,1172596681,pruned,0.0738,2336,34,75,33,9,inf,0.0,0,0,100.0
layered,5000,2,power_law,0.1,3,1172596681,pruned,0.0379,1840,22,49,21,6,inf,0.0,0,0,100.0
layered,5000,2,power_law,0.5,3,1172596681,pruned,0.0082,360,2,5,1,1,inf,0.0,0,0,100.0
layered,5000,2,power_law,0,4,1360534464,baseline,3.1484,168916,773,1898,1898,755,6.594102,0.0013684157,9,1,0.0
layered,5000,2,power_law,0.001,4,1360534464,pruned,2.3482,84348,773,1898,1055,286,6.594102,0.0013684157,9,1,0.0
layered,5000,2,power_law,0.01,4,1360534464,pruned,0.451,10832,159,377,163,42,inf,0.0,0,0,100.0
layered,5000,2,power_law,0.05,4,1360534464,pruned,0.0755,2336,31,77,30,9,inf,0.0,0,0,100.0
layered,5000,2,power_law,0.1,4,1360534464,pruned,0.0382,1312,16,40,15,4,inf,0.0,0,0,100.0
layered,5000,2,power_law,0.5,4,1360534464,pruned,0.0073,360,2,5,1,1,inf,0.0,0,0,100.0
layered,5000,2,power_law,0,5,4276362419,baseline,0.9215,42788,236,616,616,344,5.0865,0.0061796115,10,1,0.0
layered,5000,2,power_law,0.001,5,4276362419,pruned,0.8678,42544,236,616,539,270,5.0865,0.0061796115,10,1,0.0
layered,5000,2,power_law,0.01,5,4276362419,pruned,0.3676,10776,144,378,144,44,inf,0.0,0,0,100.0
layered,5000,2,power_law,0.05,5,4276362419,pruned,0.0678,2336,35,93,34,10,inf,0.0,0,0,100.0
layered,5000,2,power_law,0.1,5,4276362419,pruned,0.0271,1344,14,38,13,5,inf,0.0,0,0,100.0
layered,5000,2,power_law,0.5,5,4276362419,pruned,0.0075,360,2,5,1,1,inf,0.0,0,0,100.0
layered,5000,2,power_law,0,6,1607275112,baseline,4.0515,168316,1065,2654,2654,905,6.98883,0.0009221248,6,1,0.0
layered,5000,2,power_law,0.001,6,1607275112,pruned,2.851,84348,1012,2520,1188,311,inf,0.0,0,0,100.0
layered,5000,2,power_law,0.01,6,1607275112,pruned,0.4813,10800,135,331,137,44,inf,0.0,0,0,100.0
layered,5000,2,power_law,0.05,6,1607275112,pruned,0.06,1344,19,55,18,6,inf,0.0,0,0,100.0
layered,5000,2,power_law,0.1,6,1607275112,pruned,0.0421,1344,14,43,13,6,inf,0.0,0,0,100.0
layered,5000,2,power_law,0.5,6,1607275112,pruned,0.0124,360,2,6,1,1,inf,0.0,0,0,100.0
layered,5000,2,power_law,0,7,3541196701,baseline,1.202,84988,346,854,854,418,5.492541,0.0041173675,16,1,0.0
layered,5000,2,power_law,0.001,7,3541196701,pruned,1.2755,43716,346,854,695,288,5.492541,0.0041173675,16,1,0.0
layered,5000,2,power_law,0.01,7,3541196701,pruned,0.4224,10856,156,394,158,50,inf,0.0,0,0,100.0
layered,5000,2,power_law,0.05,7,3541196701,pruned,0.0738,2336,29,74,28,9,inf,0.0,0,0,100.0
layered,5000,2,power_law,0.1,7,3541196701,pruned,0.037,776,9,25,8,3,inf,0.0,0,0,100.0
layered,5000,2,power_law,0.5,7,3541196701,pruned,0.012,360,5,10,4,1,inf,0.0,0,0,100.0
layered,5000,2,power_law,0,8,3184011048,baseline,7.0677,168436,1174,2937,2937,965,7.090185,0.0008332431,14,1,0.0
layered,5000,2,power_law,0.001,8,3184011048,pruned,3.6361,84724,1052,2619,1251,333,inf,0.0,0,0,100.0
layered,5000,2,power_law,0.01,8,3184011048,pruned,0.3472,10800,154,392,155,43,inf,0.0,0,0,100.0
layered,5000,2,power_law,0.05,8,3184011048,pruned,0.0633,2272,29,74,28,8,inf,0.0,0,0,100.0
layered,5000,2,power_law,0.1,8,3184011048,pruned,0.0242,1312,12,35,11,5,inf,0.0,0,0,100.0
layered,5000,2,power_law,0.5,8,3184011048,pruned,0.0076,360,2,5,1,1,inf,0.0,0,0,100.0
layered,5000,2,power_law,0,9,455898777,baseline,1.7758,44836,296,742,742,362,5.320095,0.0048922914,11,1,0.0
layered,5000,2,power_law,0.001,9,455898777,pruned,1.3022,42328,296,742,616,260,5.320095,0.0048922914,11,1,0.0
layered,5000,2,power_law,0.01,9,455898777,pruned,0.4109,10680,152,385,156,48,inf,0.0,0,0,100.0
layered,5000,2,power_law,0.05,9,455898777,pruned,0.0742,2272,35,78,34,9,inf,0.0,0,0,100.0
layered,5000,2,power_law,0.1,9,455898777,pruned,0.0367,1312,18,39,17,4,inf,0.0,0,0,100.0
layered,5000,2,power_law,0.5,9,455898777,pruned,0.0065,360,2,4,1,1,inf,0.0,0,0,100.0
layered,5000,2,power_law,0,10,2294386172,baseline,3.682,168604,848,2115,2115,848,6.597299,0.0013640476,16,1,0.0
layered,5000,2,power_law,0.001,10,2294386172,pruned,3.4213,84748,848,2115,1188,352,6.597299,0.0013640476,16,1,0.0
layered,5000,2,power_law,0.01,10,2294386172,pruned,0.2831,10776,140,376,141,46,inf,0.0,0,0,100.0
layered,5000,2,power_law,0.05,10,2294386172,pruned,0.0499,2272,23,63,22,9,inf,0.0,0,0,100.0
layered,5000,2,power_law,0.1,10,2294386172,pruned,0.0593,1312,12,35,11,4,inf,0.0,0,0,100.0
layered,5000,2,power_law,0.5,10,2294386172,pruned,0.0151,360,3,7,2,1,inf,0.0,0,0,100.0
layered,5000,5,uniform,0,1,783661788,baseline,10.1233,344652,1084,5392,5392,2046,7.627658,0.0004867995,6,1,0.0
layered,5000,5,uniform,0.001,1,783661788,pruned,2.0731,43868,594,2963,639,389,inf,0.0,0,0,100.0
layered,5000,5,uniform,0.01,1,783661788,pruned,0.2377,4568,62,313,62,41,inf,0.0,0,0,100.0
layered,5000,5,uniform,0.05,1,783661788,pruned,0.0328,776,7,44,6,6,inf,0.0,0,0,100.0
layered,5000,5,uniform,0.1,1,783661788,pruned,0.03,776,7,44,6,6,inf,0.0,0,0,100.0
layered,5000,5,uniform,0.5,1,783661788,pruned,0.0099,360,1,6,0,1,inf,0.0,0,0,100.0
layered,5000,5,uniform,0,2,65710843,baseline,7.2523,344604,1283,6430,6430,1937,7.894783,0.0003726827,6,1,0.0
layered,5000,5,uniform,0.001,2,65710843,pruned,2.0796,43436,576,2901,645,379,inf,0.0,0,0,100.0
layered,5000,5,uniform,0.01,2,65710843,pruned,0.2142,4712,68,355,67,47,inf,0.0,0,0,100.0
layered,5000,5,uniform,0.05,2,65710843,pruned,0.0538,1344,13,65,12,8,inf,0.0,0,0,100.0
layered,5000,5,uniform,0.1,2,65710843,pruned,0.0254,776,8,40,7,6,inf,0.0,0,0,100.0
layered,5000,5,uniform,0.5,2,65710843,pruned,0.0068,360,1,5,0,1,inf,0.0,0,0,100.0
layered,5000,5,uniform,0,3,2352601706,baseline,11.2428,344052,2172,10809,10809,2157,8.678115,0.0001702717,7,1,0.0
layered,5000,5,uniform,0.001,3,2352601706,pruned,2.3933,45276,634,3098,683,411,inf,0.0,0,0,100.0
layered,5000,5,uniform,0.01,3,2352601706,pruned,0.2007,4592,63,318,62,41,inf,0.0,0,0,100.0
layered,5000,5,uniform,0.05,3,2352601706,pruned,0.0301,776,9,46,8,7,inf,0.0,0,0,100.0
layered,5000,5,uniform,0.1,3,2352601706,pruned,0.0231,776,7,38,6,6,inf,0.0,0,0,100.0
layered,5000,5,uniform,0.5,3,2352601706,pruned,0.0065,360,1,7,0,1,inf,0.0,0,0,100.0
layered,5000,5,uniform,0,4,3911964671,baseline,5.7424,184164,920,4544,4544,1836,7.443265,0.0005853707,7,1,0.0
layered,5000,5,uniform,0.001,4,3911964671,pruned,1.9828,43964,598,2969,659,394,inf,0.0,0,0,100.0
layered,5000,5,uniform,0.01,4,3911964671,pruned,0.2015,4856,72,361,71,46,inf,0.0,0,0,100.0
layered,5000,5,uniform,0.05,4,3911964671,pruned,0.0413,1344,14,61,13,8,inf,0.0,0,0,100.0
layered,5000,5,uniform,0.1,4,3911964671,pruned,0.0211,776,7,29,6,5,inf,0.0,0,0,100.0
layered,5000,5,uniform,0.5,4,3911964671,pruned,0.0053,360,1,5,0,1,inf,0.0,0,0,100.0
layered,5000,5,uniform,0,5,2123834731,baseline,3.2436,171084,544,2707,2707,1300,6.814876,0.0010973293,6,1,0.0
layered,5000,5,uniform,0.001,5,2123834731,pruned,1.7506,43604,544,2707,655,379,6.814876,0.0010973293,6,1,0.0
layered,5000,5,uniform,0.01,5,2123834731,pruned,0.2335,5096,75,364,74,54,inf,0.0,0,0,100.0
layered,5000,5,uniform,0.05,5,2123834731,pruned,0.0462,1344,15,74,14,11,inf,0.0,0,0,100.0
layered,5000,5,uniform,0.1,5,2123834731,pruned,0.0162,360,5,23,4,3,inf,0.0,0,0,100.0
layered,5000,5,uniform,0.5,5,2123834731,pruned,0.0048,360,1,3,0,1,inf,0.0,0,0,100.0
layered,5000,5,uniform,0,6,3141236813,baseline,13.8854,344436,2094,10549,10549,1998,8.919099,0.0001338088,7,1,0.0
layered,5000,5,uniform,0.001,6,3141236813,pruned,1.902,43436,564,2832,632,369,inf,0.0,0,0,100.0
layered,5000,5,uniform,0.01,6,3141236813,pruned,0.1977,4664,66,332,66,45,inf,0.0,0,0,100.0
layered,5000,5,uniform,0.05,6,3141236813,pruned,0.0404,1344,14,69,13,10,inf,0.0,0,0,100.0
layered,5000,5,uniform,0.1,6,3141236813,pruned,0.0187,568,6,30,5,4,inf,0.0,0,0,100.0
layered,5000,5,uniform,0.5,6,3141236813,pruned,0.0054,360,1,4,0,1,inf,0.0,0,0,100.0
layered,5000,5,uniform,0,7,1890348232,baseline,2.4047,171132,503,2532,2532,1255,6.7822,0.001133778,6,1,0.0
layered,5000,5,uniform,0.001,7,1890348232,pruned,1.6001,43148,503,2532,663,378,6.7822,0.001133778,6,1,0.0
layered,5000,5,uniform,0.01,7,1890348232,pruned,0.1814,4456,59,309,59,37,inf,0.0,0,0,100.0
layered,5000,5,uniform,0.05,7,1890348232,pruned,0.039,1344,13,64,12,9,inf,0.0,0,0,100.0
layered,5000,5,uniform,0.1,7,1890348232,pruned,0.0188,568,6,30,5,3,inf,0.0,0,0,100.0
layered,5000,5,uniform,0.5,7,1890348232,pruned,0.0051,360,1,3,0,1,inf,0.0,0,0,100.0
layered,5000,5,uniform,0,8,3495219523,baseline,9.4473,344532,1640,8230,8230,2011,8.333124,0.0002404198,7,1,0.0
layered,5000,5,uniform,0.001,8,3495219523,pruned,2.0992,43868,594,2979,646,387,inf,0.0,0,0,100.0
layered,5000,5,uniform,0.01,8,3495219523,pruned,0.2042,4688,67,336,66,45,inf,0.0,0,0,100.0
layered,5000,5,uniform,0.05,8,3495219523,pruned,0.0366,1152,11,65,10,8,inf,0.0,0,0,100.0
layered,5000,5,uniform,0.1,8,3495219523,pruned,0.0255,776,8,46,7,7,inf,0.0,0,0,100.0
layered,5000,5,uniform,0.5,8,3495219523,pruned,0.0072,360,1,7,0,1,inf,0.0,0,0,100.0
layered,5000,5,uniform,0,9,3510671522,baseline,2.3808,171612,405,2040,2040,1139,6.543567,0.0014393453,7,1,0.0
layered,5000,5,uniform,0.001,9,3510671522,pruned,1.3825,43652,405,2040,664,384,6.543567,0.0014393453,7,1,0.0
layered,5000,5,uniform,0.01,9,3510671522,pruned,0.1781,4408,58,285,58,42,inf,0.0,0,0,100.0
layered,5000,5,uniform,0.05,9,3510671522,pruned,0.0408,1344,14,68,13,9,inf,0.0,0,0,100.0
layered,5000,5,uniform,0.1,9,3510671522,pruned,0.0264,776,9,44,8,4,inf,0.0,0,0,100.0
layered,5000,5,uniform,0.5,9,3510671522,pruned,0.005,360,1,3,0,1,inf,0.0,0,0,100.0
layered,5000,5,uniform,0,10,1317945476,baseline,7.1249,344772,1296,6461,6461,2027,7.84223,0.000392792,6,1,0.0
layered,5000,5,uniform,0.001,10,1317945476,pruned,2.1505,44844,618,3030,667,418,inf,0.0,0,0,100.0
layered,5000,5,uniform,0.01,10,1317945476,pruned,0.1996,4600,66,344,65,43,inf,0.0,0,0,100.0
layered,5000,5,uniform,0.05,10,1317945476,pruned,0.0458,1344,14,74,13,10,inf,0.0,0,0,100.0
layered,5000,5,uniform,0.1,10,1317945476,pruned,0.0165,360,5,26,4,4,inf,0.0,0,0,100.0
layered,5000,5,uniform,0.5,10,1317945476,pruned,0.0055,360,1,4,0,1,inf,0.0,0,0,100.0
layered,5000,5,power_law,0,1,1998674519,baseline,6.5893,362644,1002,5083,5083,2373,7.335541,0.0006519509,7,1,0.0
layered,5000,5,power_law,0.001,1,1998674519,pruned,2.4939,83388,692,3526,759,335,inf,0.0,0,0,100.0
layered,5000,5,power_law,0.01,1,1998674519,pruned,0.2689,5016,76,371,76,39,inf,0.0,0,0,100.0
layered,5000,5,power_law,0.05,1,1998674519,pruned,0.0558,1344,19,93,18,9,inf,0.0,0,0,100.0
layered,5000,5,power_law,0.1,1,1998674519,pruned,0.0264,776,9,43,8,5,inf,0.0,0,0,100.0
layered,5000,5,power_law,0.5,1,1998674519,pruned,0.0061,360,1,6,0,1,inf,0.0,0,0,100.0
layered,5000,5,power_law,0,2,1080314250,baseline,5.8874,173196,632,3198,3198,1743,6.827996,0.0010830265,10,1,0.0
layered,5000,5,power_law,0.001,2,1080314250,pruned,2.8688,44756,632,3198,724,328,6.827996,0.0010830265,10,1,0.0
layered,5000,5,power_law,0.01,2,1080314250,pruned,0.2545,4744,71,365,70,34,inf,0.0,0,0,100.0
layered,5000,5,power_law,0.05,2,1080314250,pruned,0.0712,1344,18,95,17,8,inf,0.0,0,0,100.0
layered,5000,5,power_law,0.1,2,1080314250,pruned,0.0287,776,9,53,8,5,inf,0.0,0,0,100.0
layered,5000,5,power_law,0.5,2,1080314250,pruned,0.0071,360,1,5,0,1,inf,0.0,0,0,100.0
layered,5000,5,power_law,0,3,292791355,baseline,19.0725,403020,3836,19092,19092,2764,10.182706,3.78187e-05,8,1,0.0
layered,5000,5,power_law,0.001,3,292791355,pruned,2.6696,85228,720,3556,790,359,inf,0.0,0,0,100.0
layered,5000,5,power_law,0.01,3,292791355,pruned,0.2798,5304,80,382,80,42,inf,0.0,0,0,100.0
layered,5000,5,power_law,0.05,3,292791355,pruned,0.0572,1344,21,98,20,7,inf,0.0,0,0,100.0
layered,5000,5,power_law,0.1,3,292791355,pruned,0.0496,1152,11,52,10,5,inf,0.0,0,0,100.0
layered,5000,5,power_law,0.5,3,292791355,pruned,0.0065,360,1,5,0,1,inf,0.0,0,0,100.0
layered,5000,5,power_law,0,4,351224741,baseline,9.8415,358068,1286,6416,6416,2404,7.797798,0.0004106381,9,1,0.0
layered,5000,5,power_law,0.001,4,351224741,pruned,2.6202,83388,693,3428,782,341,inf,0.0,0,0,100.0
layered,5000,5,power_law,0.01,4,351224741,pruned,0.3011,5136,79,367,80,35,inf,0.0,0,0,100.0
layered,5000,5,power_law,0.05,4,351224741,pruned,0.0528,1344,19,87,18,8,inf,0.0,0,0,100.0
layered,5000,5,power_law,0.1,4,351224741,pruned,0.0255,776,9,41,8,3,inf,0.0,0,0,100.0
layered,5000,5,power_law,0.5,4,351224741,pruned,0.01,360,3,12,2,1,inf,0.0,0,0,100.0
layered,5000,5,power_law,0,5,3139646017,baseline,10.1539,365580,1768,8831,8831,2581,8.161223,0.0002855129,6,1,0.0
layered,5000,5,power_law,0.001,5,3139646017,pruned,2.6496,84628,712,3532,786,350,inf,0.0,0,0,100.0
layered,5000,5,power_law,0.01,5,3139646017,pruned,0.2469,4992,78,402,77,34,inf,0.0,0,0,100.0
layered,5000,5,power_law,0.05,5,3139646017,pruned,0.056,1344,14,74,13,7,inf,0.0,0,0,100.0
layered,5000,5,power_law,0.1,5,3139646017,pruned,0.0284,776,9,47,8,4,inf,0.0,0,0,100.0
layered,5000,5,power_law,0.5,5,3139646017,pruned,0.006,360,1,4,0,1,inf,0.0,0,0,100.0
layered,5000,5,power_law,0,6,1925430090,baseline,3.541,171492,514,2506,2506,1394,6.490239,0.0015181857,8,1,0.0
layered,5000,5,power_law,0.001,6,1925430090,pruned,2.1986,84940,514,2506,785,363,6.490239,0.0015181857,8,1,0.0
layered,5000,5,power_law,0.01,6,1925430090,pruned,0.2828,4896,74,362,73,35,inf,0.0,0,0,100.0
layered,5000,5,power_law,0.05,6,1925430090,pruned,0.053,1344,18,90,17,8,inf,0.0,0,0,100.0
layered,5000,5,power_law,0.1,6,1925430090,pruned,0.0205,568,6,31,5,4,inf,0.0,0,0,100.0
layered,5000,5,power_law,0.5,6,1925430090,pruned,0.0058,360,1,6,0,1,inf,0.0,0,0,100.0
layered,5000,5,power_law,0,7,3216909133,baseline,0.3049,21872,37,176,176,138,3.775579,0.0229238117,4,1,0.0
layered,5000,5,power_law,0.001,7,3216909133,pruned,0.1963,11824,37,176,165,128,3.775579,0.0229238117,4,1,0.0
layered,5000,5,power_law,0.01,7,3216909133,pruned,0.1309,4872,37,176,70,41,3.775579,0.0229238117,4,1,0.0
layered,5000,5,power_law,0.05,7,3216909133,pruned,0.0434,1344,15,77,14,7,inf,0.0,0,0,100.0
layered,5000,5,power_law,0.1,7,3216909133,pruned,0.0333,1344,12,62,11,6,inf,0.0,0,0,100.0
layered,5000,5,power_law,0.5,7,3216909133,pruned,0.0055,360,1,5,0,1,inf,0.0,0,0,100.0
layered,5000,5,power_law,0,8,2937316359,baseline,16.2495,395068,3289,16416,16416,2667,9.56279,7.02964e-05,10,1,0.0
layered,5000,5,power_law,0.001,8,2937316359,pruned,2.8427,84724,717,3526,789,351,inf,0.0,0,0,100.0
layered,5000,5,power_law,0.01,8,2937316359,pruned,0.2445,5160,81,409,81,37,inf,0.0,0,0,100.0
layered,5000,5,power_law,0.05,8,2937316359,pruned,0.0532,1408,18,88,17,10,inf,0.0,0,0,100.0
layered,5000,5,power_law,0.1,8,2937316359,pruned,0.0204,568,6,31,5,4,inf,0.0,0,0,100.0
layered,5000,5,power_law,0.5,8,2937316359,pruned,0.0083,360,2,11,1,1,inf,0.0,0,0,100.0
layered,5000,5,power_law,0,9,2256604331,baseline,6.1297,358068,1036,5159,5159,2224,7.434706,0.0005904028,9,1,0.0
layered,5000,5,power_law,0.001,9,2256604331,pruned,2.2589,83316,687,3408,764,330,inf,0.0,0,0,100.0
layered,5000,5,power_law,0.01,9,2256604331,pruned,0.2167,4992,76,379,76,35,inf,0.0,0,0,100.0
layered,5000,5,power_law,0.05,9,2256604331,pruned,0.0439,1344,15,70,14,9,inf,0.0,0,0,100.0
layered,5000,5,power_law,0.1,9,2256604331,pruned,0.0202,568,6,30,5,3,inf,0.0,0,0,100.0
layered,5000,5,power_law,0.5,9,2256604331,pruned,0.0079,360,2,9,1,1,inf,0.0,0,0,100.0
layered,5000,5,power_law,0,10,1901056285,baseline,2.5219,170964,410,2036,2036,1291,6.341281,0.0017620429,4,1,0.0
layered,5000,5,power_law,0.001,10,1901056285,pruned,1.4818,45028,410,2036,710,324,6.341281,0.0017620429,4,1,0.0
layered,5000,5,power_law,0.01,10,1901056285,pruned,0.2253,5112,78,391,79,37,inf,0.0,0,0,100.0
layered,5000,5,power_law,0.05,10,1901056285,pruned,0.0517,1344,18,92,17,8,inf,0.0,0,0,100.0
layered,5000,5,power_law,0.1,10,1901056285,pruned,0.0233,776,7,41,6,3,inf,0.0,0,0,100.0
layered,5000,5,power_law,0.5,10,1901056285,pruned,0.005,360,1,5,0,1,inf,0.0,0,0,100.0
layered,5000,10,uniform,0,1,3763606335,baseline,16.3469,444668,2184,21806,21806,3519,8.99113,0.0001245093,5,1,0.0
layered,5000,10,uniform,0.001,1,3763606335,pruned,2.3314,43460,480,4802,518,395,inf,0.0,0,0,100.0
layered,5000,10,uniform,0.01,1,3763606335,pruned,0.2603,4400,49,526,48,40,inf,0.0,0,0,100.0
layered,5000,10,uniform,0.05,1,3763606335,pruned,0.0615,1216,11,117,10,10,inf,0.0,0,0,100.0
layered,5000,10,uniform,0.1,1,3763606335,pruned,0.0236,360,5,51,4,4,inf,0.0,0,0,100.0
layered,5000,10,uniform,0.5,1,3763606335,pruned,0.0071,360,1,12,0,1,inf,0.0,0,0,100.0
layered,5000,10,uniform,0,2,1351879018,baseline,9.1833,416900,1064,10565,10565,3357,8.100783,0.0003033015,5,1,0.0
layered,5000,10,uniform,0.001,2,1351879018,pruned,2.2614,43460,502,4951,541,430,inf,0.0,0,0,100.0
layered,5000,10,uniform,0.01,2,1351879018,pruned,0.2578,4544,61,609,60,52,inf,0.0,0,0,100.0
layered,5000,10,uniform,0.05,2,1351879018,pruned,0.0398,776,9,90,8,8,inf,0.0,0,0,100.0
layered,5000,10,uniform,0.1,2,1351879018,pruned,0.0281,776,7,67,6,6,inf,0.0,0,0,100.0
layered,5000,10,uniform,0.5,2,1351879018,pruned,0.0066,360,1,8,0,1,inf,0.0,0,0,100.0
layered,5000,10,uniform,0,3,3787733512,baseline,23.5591,451364,2817,28023,28023,3534,9.406198,8.22129e-05,5,1,0.0
layered,5000,10,uniform,0.001,3,3787733512,pruned,2.9335,43436,486,4825,524,408,inf,0.0,0,0,100.0
layered,5000,10,uniform,0.01,3,3787733512,pruned,0.4914,4448,57,570,56,47,inf,0.0,0,0,100.0
layered,5000,10,uniform,0.05,3,3787733512,pruned,0.089,1408,12,115,11,11,inf,0.0,0,0,100.0
layered,5000,10,uniform,0.1,3,3787733512,pruned,0.0296,568,6,60,5,5,inf,0.0,0,0,100.0
layered,5000,10,uniform,0.5,3,3787733512,pruned,0.0078,360,1,11,0,1,inf,0.0,0,0,100.0
layered,5000,10,uniform,0,4,890227237,baseline,27.7958,467204,3067,30655,30655,3694,9.476485,7.66329e-05,5,1,0.0
layered,5000,10,uniform,0.001,4,890227237,pruned,1.966,43508,463,4598,490,374,inf,0.0,0,0,100.0
layered,5000,10,uniform,0.01,4,890227237,pruned,0.2226,4400,47,475,46,38,inf,0.0,0,0,100.0
layered,5000,10,uniform,0.05,4,890227237,pruned,0.0508,1408,13,136,12,12,inf,0.0,0,0,100.0
layered,5000,10,uniform,0.1,4,890227237,pruned,0.0154,360,3,35,2,2,inf,0.0,0,0,100.0
layered,5000,10,uniform,0.5,4,890227237,pruned,0.007,360,1,12,0,1,inf,0.0,0,0,100.0
layered,5000,10,uniform,0,5,932329459,baseline,9.6943,429740,1122,11166,11166,3498,8.122869,0.0002966764,5,1,0.0
layered,5000,10,uniform,0.001,5,932329459,pruned,2.0819,43388,470,4670,502,389,inf,0.0,0,0,100.0
layered,5000,10,uniform,0.01,5,932329459,pruned,0.2208,4424,56,542,55,44,inf,0.0,0,0,100.0
layered,5000,10,uniform,0.05,5,932329459,pruned,0.0487,1408,12,116,11,11,inf,0.0,0,0,100.0
layered,5000,10,uniform,0.1,5,932329459,pruned,0.018,360,4,38,3,3,inf,0.0,0,0,100.0
layered,5000,10,uniform,0.5,5,932329459,pruned,0.0066,360,1,12,0,1,inf,0.0,0,0,100.0
layered,5000,10,uniform,0,6,2760695983,baseline,4.1555,171604,254,2550,2550,1768,6.519703,0.0014741064,4,1,0.0
layered,5000,10,uniform,0.001,6,2760695983,pruned,1.5005,43508,254,2550,499,375,6.519703,0.0014741064,4,1,0.0
layered,5000,10,uniform,0.01,6,2760695983,pruned,0.337,4400,52,535,52,45,inf,0.0,0,0,100.0
layered,5000,10,uniform,0.05,6,2760695983,pruned,0.0991,1408,12,127,11,11,inf,0.0,0,0,100.0
layered,5000,10,uniform,0.1,6,2760695983,pruned,0.0345,360,5,54,4,4,inf,0.0,0,0,100.0
layered,5000,10,uniform,0.5,6,2760695983,pruned,0.011,360,1,11,0,1,inf,0.0,0,0,100.0
layered,5000,10,uniform,0,7,1840269455,baseline,13.7436,420092,1412,14141,14141,3297,8.408885,0.0002228781,5,1,0.0
layered,5000,10,uniform,0.001,7,1840269455,pruned,2.525,43436,502,5028,542,421,inf,0.0,0,0,100.0
layered,5000,10,uniform,0.01,7,1840269455,pruned,0.2829,4400,55,555,54,46,inf,0.0,0,0,100.0
layered,5000,10,uniform,0.05,7,1840269455,pruned,0.0497,776,9,95,8,8,inf,0.0,0,0,100.0
layered,5000,10,uniform,0.1,7,1840269455,pruned,0.0259,568,6,62,5,5,inf,0.0,0,0,100.0
layered,5000,10,uniform,0.5,7,1840269455,pruned,0.0069,360,1,8,0,1,inf,0.0,0,0,100.0
layered,5000,10,uniform,0,8,239777638,baseline,17.0114,446388,1794,17951,17951,3572,8.670687,0.0001715411,4,1,0.0
layered,5000,10,uniform,0.001,8,239777638,pruned,3.2633,43508,461,4600,484,380,inf,0.0,0,0,100.0
layered,5000,10,uniform,0.01,8,239777638,pruned,0.3212,4424,55,547,54,43,inf,0.0,0,0,100.0
layered,5000,10,uniform,0.05,8,239777638,pruned,0.0732,1408,13,129,12,12,inf,0.0,0,0,100.0
layered,5000,10,uniform,0.1,8,239777638,pruned,0.0259,360,4,41,3,3,inf,0.0,0,0,100.0
layered,5000,10,uniform,0.5,8,239777638,pruned,0.015,360,1,12,0,1,inf,0.0,0,0,100.0
layered,5000,10,uniform,0,9,827483529,baseline,8.2949,414948,811,8138,8138,3407,7.769632,0.0004223686,5,1,0.0
layered,5000,10,uniform,0.001,9,827483529,pruned,3.6238,43604,543,5461,580,465,inf,0.0,0,0,100.0
layered,5000,10,uniform,0.01,9,827483529,pruned,0.3777,4592,63,625,62,54,inf,0.0,0,0,100.0
layered,5000,10,uniform,0.05,9,827483529,pruned,0.0482,776,9,86,8,8,inf,0.0,0,0,100.0
layered,5000,10,uniform,0.1,9,827483529,pruned,0.0425,776,8,78,7,7,inf,0.0,0,0,100.0
layered,5000,10,uniform,0.5,9,827483529,pruned,0.0112,360,1,8,0,1,inf,0.0,0,0,100.0
layered,5000,10,uniform,0,10,2944118811,baseline,20.3354,447324,2490,24879,24879,3488,9.220327,9.90063e-05,5,1,0.0
layered,5000,10,uniform,0.001,10,2944118811,pruned,2.5598,43388,443,4426,475,366,inf,0.0,0,0,100.0
layered,5000,10,uniform,0.01,10,2944118811,pruned,0.2359,4400,47,468,47,36,inf,0.0,0,0,100.0
layered,5000,10,uniform,0.05,10,2944118811,pruned,0.0487,1408,12,121,11,11,inf,0.0,0,0,100.0
layered,5000,10,uniform,0.1,10,2944118811,pruned,0.0195,360,4,41,3,3,inf,0.0,0,0,100.0
layered,5000,10,uniform,0.5,10,2944118811,pruned,0.0071,360,1,12,0,1,inf,0.0,0,0,100.0
layered,5000,10,power_law,0,1,4106189170,baseline,2.5603,92724,154,1514,1514,1190,5.690973,0.0033763056,5,1,0.0
layered,5000,10,power_law,0.001,1,4106189170,pruned,1.3074,43484,154,1514,479,315,5.690973,0.0033763056,5,1,0.0
layered,5000,10,power_law,0.01,1,4106189170,pruned,0.2893,4568,62,604,61,39,inf,0.0,0,0,100.0
layered,5000,10,power_law,0.05,1,4106189170,pruned,0.0584,776,8,80,7,5,inf,0.0,0,0,100.0
layered,5000,10,power_law,0.1,1,4106189170,pruned,0.0314,360,5,51,4,3,inf,0.0,0,0,100.0
layered,5000,10,power_law,0.5,1,4106189170,pruned,0.0166,360,2,20,1,1,inf,0.0,0,0,100.0
layered,5000,10,power_law,0,2,1249116809,baseline,4.9331,204412,365,3648,3648,2316,6.534088,0.001453053,6,1,0.0
layered,5000,10,power_law,0.001,2,1249116809,pruned,2.3507,43388,365,3648,541,314,6.534088,0.001453053,6,1,0.0
layered,5000,10,power_law,0.01,2,1249116809,pruned,0.2573,4592,62,631,62,33,inf,0.0,0,0,100.0
layered,5000,10,power_law,0.05,2,1249116809,pruned,0.0433,776,9,93,8,4,inf,0.0,0,0,100.0
layered,5000,10,power_law,0.1,2,1249116809,pruned,0.0219,360,5,53,4,3,inf,0.0,0,0,100.0
layered,5000,10,power_law,0.5,2,1249116809,pruned,0.0067,360,1,11,0,1,inf,0.0,0,0,100.0
layered,5000,10,power_law,0,3,3024630466,baseline,15.9915,530108,1677,16644,16644,4491,8.256521,0.0002595603,5,1,0.0
layered,5000,10,power_law,0.001,3,3024630466,pruned,2.409,43508,538,5338,564,319,inf,0.0,0,0,100.0
layered,5000,10,power_law,0.01,3,3024630466,pruned,0.2416,4544,60,596,59,34,inf,0.0,0,0,100.0
layered,5000,10,power_law,0.05,3,3024630466,pruned,0.046,1088,11,120,10,6,inf,0.0,0,0,100.0
layered,5000,10,power_law,0.1,3,3024630466,pruned,0.0188,360,4,48,3,2,inf,0.0,0,0,100.0
layered,5000,10,power_law,0.5,3,3024630466,pruned,0.0071,360,1,12,0,1,inf,0.0,0,0,100.0
layered,5000,10,power_law,0,4,721574490,baseline,11.9697,493012,1117,11134,11134,4192,7.756439,0.0004279779,6,1,0.0
layered,5000,10,power_law,0.001,4,721574490,pruned,2.7252,43580,536,5367,567,314,inf,0.0,0,0,100.0
layered,5000,10,power_law,0.01,4,721574490,pruned,0.3096,4480,60,593,60,34,inf,0.0,0,0,100.0
layered,5000,10,power_law,0.05,4,721574490,pruned,0.0502,1344,12,118,11,7,inf,0.0,0,0,100.0
layered,5000,10,power_law,0.1,4,721574490,pruned,0.0307,776,7,68,6,5,inf,0.0,0,0,100.0
layered,5000,10,power_law,0.5,4,721574490,pruned,0.0068,360,1,9,0,1,inf,0.0,0,0,100.0
layered,5000,10,power_law,0,5,3972840321,baseline,22.9058,525796,2640,26373,26373,4279,9.105033,0.0001111052,6,1,0.0
layered,5000,10,power_law,0.001,5,3972840321,pruned,2.7903,43604,511,5121,552,305,inf,0.0,0,0,100.0
layered,5000,10,power_law,0.01,5,3972840321,pruned,0.3233,4336,54,533,53,29,inf,0.0,0,0,100.0
layered,5000,10,power_law,0.05,5,3972840321,pruned,0.0857,1408,15,150,14,10,inf,0.0,0,0,100.0
layered,5000,10,power_law,0.1,5,3972840321,pruned,0.0323,360,5,52,4,3,inf,0.0,0,0,100.0
layered,5000,10,power_law,0.5,5,3972840321,pruned,0.011,360,1,10,0,1,inf,0.0,0,0,100.0
layered,5000,10,power_law,0,6,3703124316,baseline,17.7171,519692,1770,17758,17758,4332,8.394283,0.0002261566,7,1,0.0
layered,5000,10,power_law,0.001,6,3703124316,pruned,2.6147,43508,539,5471,571,324,inf,0.0,0,0,100.0
layered,5000,10,power_law,0.01,6,3703124316,pruned,0.2574,4384,56,569,55,31,inf,0.0,0,0,100.0
layered,5000,10,power_law,0.05,6,3703124316,pruned,0.0423,776,10,105,9,6,inf,0.0,0,0,100.0
layered,5000,10,power_law,0.1,6,3703124316,pruned,0.0214,360,5,53,4,4,inf,0.0,0,0,100.0
layered,5000,10,power_law,0.5,6,3703124316,pruned,0.0064,360,1,11,0,1,inf,0.0,0,0,100.0
layered,5000,10,power_law,0,7,2869129180,baseline,41.4117,537708,3996,39939,39939,4413,10.186043,3.76927e-05,10,1,0.0
layered,5000,10,power_law,0.001,7,2869129180,pruned,2.3506,43508,522,5199,550,332,inf,0.0,0,0,100.0
layered,5000,10,power_law,0.01,7,2869129180,pruned,0.2299,4336,50,498,49,29,inf,0.0,0,0,100.0
layered,5000,10,power_law,0.05,7,2869129180,pruned,0.0422,776,10,101,9,5,inf,0.0,0,0,100.0
layered,5000,10,power_law,0.1,7,2869129180,pruned,0.0274,776,7,71,6,4,inf,0.0,0,0,100.0
layered,5000,10,power_law,0.5,7,2869129180,pruned,0.0108,360,2,20,1,1,inf,0.0,0,0,100.0
layered,5000,10,power_law,0,8,838314472,baseline,3.822,191300,347,3451,3451,2186,6.505057,0.0014958561,5,1,0.0
layered,5000,10,power_law,0.001,8,838314472,pruned,1.6389,43388,347,3451,543,311,6.505057,0.0014958561,5,1,0.0
layered,5000,10,power_law,0.01,8,838314472,pruned,0.24,4496,57,565,57,37,inf,0.0,0,0,100.0
layered,5000,10,power_law,0.05,8,838314472,pruned,0.0448,1152,11,112,10,5,inf,0.0,0,0,100.0
layered,5000,10,power_law,0.1,8,838314472,pruned,0.0283,776,7,72,6,3,inf,0.0,0,0,100.0
layered,5000,10,power_law,0.5,8,838314472,pruned,0.0111,360,2,23,1,1,inf,0.0,0,0,100.0
layered,5000,10,power_law,0,9,1752664525,baseline,6.1843,391636,559,5566,5566,2980,7.025383,0.0008890267,6,1,0.0
layered,5000,10,power_law,0.001,9,1752664525,pruned,2.3722,43628,508,5086,546,300,inf,0.0,0,0,100.0
layered,5000,10,power_law,0.01,9,1752664525,pruned,0.2893,4616,63,637,63,39,inf,0.0,0,0,100.0
layered,5000,10,power_law,0.05,9,1752664525,pruned,0.0338,776,8,79,7,3,inf,0.0,0,0,100.0
layered,5000,10,power_law,0.1,9,1752664525,pruned,0.0223,568,6,59,5,3,inf,0.0,0,0,100.0
layered,5000,10,power_law,0.5,9,1752664525,pruned,0.0112,360,3,26,2,1,inf,0.0,0,0,100.0
layered,5000,10,power_law,0,10,2438814786,baseline,23.9665,549764,2293,22905,22905,4614,8.742443,0.0001596633,8,1,0.0
layered,5000,10,power_law,0.001,10,2438814786,pruned,3.1607,43580,545,5441,577,319,inf,0.0,0,0,100.0
layered,5000,10,power_law,0.01,10,2438814786,pruned,0.294,4336,52,516,51,29,inf,0.0,0,0,100.0
layered,5000,10,power_law,0.05,10,2438814786,pruned,0.0618,1408,13,128,12,10,inf,0.0,0,0,100.0
layered,5000,10,power_law,0.1,10,2438814786,pruned,0.0204,360,4,35,3,3,inf,0.0,0,0,100.0
layered,5000,10,power_law,0.5,10,2438814786,pruned,0.0076,360,1,9,0,1,inf,0.0,0,0,100.0
layered,10000,2,uniform,0,1,365344373,baseline,25.406,665476,6537,16276,16276,1650,11.871109,6.9894e-06,11,1,0.0
layered,10000,2,uniform,0.001,1,365344373,pruned,2.8694,85180,916,2274,1055,365,inf,0.0,0,0,100.0
layered,10000,2,uniform,0.01,1,365344373,pruned,0.2784,10824,113,288,119,43,inf,0.0,0,0,100.0
layered,10000,2,uniform,0.05,1,365344373,pruned,0.0627,2272,23,61,22,10,inf,0.0,0,0,100.0
layered,10000,2,uniform,0.1,1,365344373,pruned,0.0214,776,10,27,9,4,inf,0.0,0,0,100.0
layered,10000,2,uniform,0.5,1,365344373,pruned,0.0076,360,2,4,1,1,inf,0.0,0,0,100.0
layered,10000,2,uniform,0,2,3819051679,baseline,8.2508,335524,1713,4257,4257,1278,7.757384,0.0004275735,13,1,0.0
layered,10000,2,uniform,0.001,2,3819051679,pruned,3.7178,85084,999,2470,1157,388,inf,0.0,0,0,100.0
layered,10000,2,uniform,0.01,2,3819051679,pruned,0.4166,10776,137,330,137,50,inf,0.0,0,0,100.0
layered,10000,2,uniform,0.05,2,3819051679,pruned,0.2013,2336,34,73,33,10,inf,0.0,0,0,100.0
layered,10000,2,uniform,0.1,2,3819051679,pruned,0.04,1344,16,36,15,6,inf,0.0,0,0,100.0
layered,10000,2,uniform,0.5,2,3819051679,pruned,0.0067,360,1,3,0,1,inf,0.0,0,0,100.0
layered,10000,2,uniform,0,3,3563239076,baseline,27.3918,665860,6111,15360,15360,1707,11.282398,1.25926e-05,17,1,0.0
layered,10000,2,uniform,0.001,3,3563239076,pruned,4.1794,85156,954,2461,1093,382,inf,0.0,0,0,100.0
layered,10000,2,uniform,0.01,3,3563239076,pruned,0.3746,10776,131,339,130,51,inf,0.0,0,0,100.0
layered,10000,2,uniform,0.05,3,3563239076,pruned,0.0619,2304,26,61,25,9,inf,0.0,0,0,100.0
layered,10000,2,uniform,0.1,3,3563239076,pruned,0.0371,1344,14,33,13,5,inf,0.0,0,0,100.0
layered,10000,2,uniform,0.5,3,3563239076,pruned,0.0078,360,2,4,1,1,inf,0.0,0,0,100.0
layered,10000,2,uniform,0,4,777851555,baseline,14.7711,349788,3686,9155,9155,1730,9.241671,9.69155e-05,12,1,0.0
layered,10000,2,uniform,0.001,4,777851555,pruned,2.9178,85060,1032,2529,1184,400,inf,0.0,0,0,100.0
layered,10000,2,uniform,0.01,4,777851555,pruned,0.3098,10800,119,307,120,46,inf,0.0,0,0,100.0
layered,10000,2,uniform,0.05,4,777851555,pruned,0.0632,2272,26,65,25,8,inf,0.0,0,0,100.0
layered,10000,2,uniform,0.1,4,777851555,pruned,0.0288,1152,11,36,10,7,inf,0.0,0,0,100.0
layered,10000,2,uniform,0.5,4,777851555,pruned,0.0057,360,1,3,0,1,inf,0.0,0,0,100.0
layered,10000,2,uniform,0,5,310228471,baseline,6.664,335428,1663,4199,4199,1245,7.792224,0.0004129334,17,1,0.0
layered,10000,2,uniform,0.001,5,310228471,pruned,2.6119,85132,926,2352,1088,364,inf,0.0,0,0,100.0
layered,10000,2,uniform,0.01,5,310228471,pruned,0.3164,10776,132,334,132,52,inf,0.0,0,0,100.0
layered,10000,2,uniform,0.05,5,310228471,pruned,0.0804,2272,38,74,37,10,inf,0.0,0,0,100.0
layered,10000,2,uniform,0.1,5,310228471,pruned,0.0486,2208,23,43,22,6,inf,0.0,0,0,100.0
layered,10000,2,uniform,0.5,5,310228471,pruned,0.0119,360,4,6,3,1,inf,0.0,0,0,100.0
layered,10000,2,uniform,0,6,2526194075,baseline,6.369,336684,1583,3972,3972,1297,7.539838,0.000531484,11,1,0.0
layered,10000,2,uniform,0.001,6,2526194075,pruned,3.4173,85108,1031,2581,1157,399,inf,0.0,0,0,100.0
layered,10000,2,uniform,0.01,6,2526194075,pruned,0.3523,10776,125,314,126,48,inf,0.0,0,0,100.0
layered,10000,2,uniform,0.05,6,2526194075,pruned,0.0603,2336,25,62,24,11,inf,0.0,0,0,100.0
layered,10000,2,uniform,0.1,6,2526194075,pruned,0.0287,1280,12,29,11,4,inf,0.0,0,0,100.0
layered,10000,2,uniform,0.5,6,2526194075,pruned,0.0079,360,3,5,2,1,inf,0.0,0,0,100.0
layered,10000,2,uniform,0,7,1235191400,baseline,19.5391,666220,4867,11978,11978,1678,9.953703,4.75512e-05,15,1,0.0
layered,10000,2,uniform,0.001,7,1235191400,pruned,3.726,84988,1107,2727,1209,416,inf,0.0,0,0,100.0
layered,10000,2,uniform,0.01,7,1235191400,pruned,0.4503,10776,140,345,141,57,inf,0.0,0,0,100.0
layered,10000,2,uniform,0.05,7,1235191400,pruned,0.1285,2336,30,75,29,11,inf,0.0,0,0,100.0
layered,10000,2,uniform,0.1,7,1235191400,pruned,0.0431,1344,14,33,13,7,inf,0.0,0,0,100.0
layered,10000,2,uniform,0.5,7,1235191400,pruned,0.0249,360,4,8,3,1,inf,0.0,0,0,100.0
layered,10000,2,uniform,0,8,1551951978,baseline,3.6437,168772,996,2488,2488,1019,6.892983,0.001014882,6,1,0.0
layered,10000,2,uniform,0.001,8,1551951978,pruned,2.9315,85180,996,2488,1143,386,6.892983,0.001014882,6,1,0.0
layered,10000,2,uniform,0.01,8,1551951978,pruned,0.3458,10800,131,334,132,51,inf,0.0,0,0,100.0
layered,10000,2,uniform,0.05,8,1551951978,pruned,0.0835,2336,28,70,27,12,inf,0.0,0,0,100.0
layered,10000,2,uniform,0.1,8,1551951978,pruned,0.0291,1312,12,27,11,4,inf,0.0,0,0,100.0
layered,10000,2,uniform,0.5,8,1551951978,pruned,0.0094,360,3,8,2,1,inf,0.0,0,0,100.0
layered,10000,2,uniform,0,9,3202747416,baseline,21.7626,665428,6128,15391,15391,1656,11.128279,1.46909e-05,13,1,0.0
layered,10000,2,uniform,0.001,9,3202747416,pruned,2.9095,85012,1025,2573,1172,401,inf,0.0,0,0,100.0
layered,10000,2,uniform,0.01,9,3202747416,pruned,0.2129,10776,133,335,133,48,inf,0.0,0,0,100.0
layered,10000,2,uniform,0.05,9,3202747416,pruned,0.0361,1344,20,52,19,9,inf,0.0,0,0,100.0
layered,10000,2,uniform,0.1,9,3202747416,pruned,0.0187,1344,13,38,12,6,inf,0.0,0,0,100.0
layered,10000,2,uniform,0.5,9,3202747416,pruned,0.0046,360,3,7,2,1,inf,0.0,0,0,100.0
layered,10000,2,uniform,0,10,4067929398,baseline,29.5746,665476,6174,15449,15449,1660,11.34818,1.17909e-05,18,1,0.0
layered,10000,2,uniform,0.001,10,4067929398,pruned,3.3381,85252,979,2458,1135,379,inf,0.0,0,0,100.0
layered,10000,2,uniform,0.01,10,4067929398,pruned,0.4241,10776,132,319,134,50,inf,0.0,0,0,100.0
layered,10000,2,uniform,0.05,10,4067929398,pruned,0.0622,2336,25,65,24,10,inf,0.0,0,0,100.0
layered,10000,2,uniform,0.1,10,4067929398,pruned,0.0246,776,10,27,9,4,inf,0.0,0,0,100.0
layered,10000,2,uniform,0.5,10,4067929398,pruned,0.0056,360,1,3,0,1,inf,0.0,0,0,100.0
layered,10000,2,power_law,0,1,4033083957,baseline,13.252,339012,2945,7320,7320,1890,8.402547,0.0002242954,16,1,0.0
layered,10000,2,power_law,0.001,1,4033083957,pruned,3.7508,84700,1204,2980,1341,367,inf,0.0,0,0,100.0
layered,10000,2,power_law,0.01,1,4033083957,pruned,0.5222,20848,176,428,176,47,inf,0.0,0,0,100.0
layered,10000,2,power_law,0.05,1,4033083957,pruned,0.0835,2336,36,82,35,9,inf,0.0,0,0,100.0
layered,10000,2,power_law,0.1,1,4033083957,pruned,0.0431,1344,20,45,19,6,inf,0.0,0,0,100.0
layered,10000,2,power_law,0.5,1,4033083957,pruned,0.0118,360,5,11,4,1,inf,0.0,0,0,100.0
layered,10000,2,power_law,0,2,1238618688,baseline,1.1039,44260,286,684,684,352,5.240148,0.0052994704,15,1,0.0
layered,10000,2,power_law,0.001,2,1238618688,pruned,0.9058,42568,286,684,596,273,5.240148,0.0052994704,15,1,0.0
layered,10000,2,power_law,0.01,2,1238618688,pruned,0.3778,11008,170,404,172,40,inf,0.0,0,0,100.0
layered,10000,2,power_law,0.05,2,1238618688,pruned,0.0657,2272,29,70,28,9,inf,0.0,0,0,100.0
layered,10000,2,power_law,0.1,2,1238618688,pruned,0.0415,1312,19,44,18,5,inf,0.0,0,0,100.0
layered,10000,2,power_law,0.5,2,1238618688,pruned,0.0101,360,4,6,3,1,inf,0.0,0,0,100.0
layered,10000,2,power_law,0,3,1634403498,baseline,23.1262,678948,5400,13492,13492,2069,10.102318,4.09845e-05,8,1,0.0
layered,10000,2,power_law,0.001,3,1634403498,pruned,4.3816,84532,1247,3153,1386,396,inf,0.0,0,0,100.0
layered,10000,2,power_law,0.01,3,1634403498,pruned,0.4554,10680,150,364,149,43,inf,0.0,0,0,100.0
layered,10000,2,power_law,0.05,3,1634403498,pruned,0.0767,2336,32,78,31,12,inf,0.0,0,0,100.0
layered,10000,2,power_law,0.1,3,1634403498,pruned,0.0322,1312,14,33,13,4,inf,0.0,0,0,100.0
layered,10000,2,power_law,0.5,3,1634403498,pruned,0.0097,360,3,7,2,1,inf,0.0,0,0,100.0
layered,10000,2,power_law,0,4,432430909,baseline,26.8666,685316,5950,15062,15062,2192,10.34049,3.22985e-05,12,1,0.0
layered,10000,2,power_law,0.001,4,432430909,pruned,3.5862,84700,1222,3069,1344,383,inf,0.0,0,0,100.0
layered,10000,2,power_law,0.01,4,432430909,pruned,0.6447,10960,162,404,162,50,inf,0.0,0,0,100.0
layered,10000,2,power_law,0.05,4,432430909,pruned,0.0728,2272,27,66,26,9,inf,0.0,0,0,100.0
layered,10000,2,power_law,0.1,4,432430909,pruned,0.033,1344,13,34,12,6,inf,0.0,0,0,100.0
layered,10000,2,power_law,0.5,4,432430909,pruned,0.0055,360,1,4,0,1,inf,0.0,0,0,100.0
layered,10000,2,power_law,0,5,2210838019,baseline,20.4941,677732,4900,12181,12181,2063,9.787167,5.61678e-05,17,1,0.0
layered,10000,2,power_law,0.001,5,2210838019,pruned,3.5614,84700,1161,2892,1301,363,inf,0.0,0,0,100.0
layered,10000,2,power_law,0.01,5,2210838019,pruned,0.4162,11024,169,405,170,41,inf,0.0,0,0,100.0
layered,10000,2,power_law,0.05,5,2210838019,pruned,0.0738,2272,34,75,33,7,inf,0.0,0,0,100.0
layered,10000,2,power_law,0.1,5,2210838019,pruned,0.0463,1872,22,50,21,7,inf,0.0,0,0,100.0
layered,10000,2,power_law,0.5,5,2210838019,pruned,0.0173,360,3,5,2,1,inf,0.0,0,0,100.0
layered,10000,2,power_law,0,6,1451450205,baseline,21.0181,672028,5447,13528,13528,1965,10.317206,3.30594e-05,25,1,0.0
layered,10000,2,power_law,0.001,6,1451450205,pruned,3.8106,84772,1226,3005,1372,372,inf,0.0,0,0,100.0
layered,10000,2,power_law,0.01,6,1451450205,pruned,0.4419,10688,154,379,155,44,inf,0.0,0,0,100.0
layered,10000,2,power_law,0.05,6,1451450205,pruned,0.099,2336,32,82,31,11,inf,0.0,0,0,100.0
layered,10000,2,power_law,0.1,6,1451450205,pruned,0.0355,1344,14,35,13,5,inf,0.0,0,0,100.0
layered,10000,2,power_law,0.5,6,1451450205,pruned,0.0086,360,2,4,1,1,inf,0.0,0,0,100.0
layered,10000,2,power_law,0,7,3613051971,baseline,20.2289,351204,3430,8612,8612,1967,8.91563,0.0001342738,19,1,0.0
layered,10000,2,power_law,0.001,7,3613051971,pruned,3.922,84748,1081,2759,1228,332,inf,0.0,0,0,100.0
layered,10000,2,power_law,0.01,7,3613051971,pruned,0.5734,10952,165,391,165,44,inf,0.0,0,0,100.0
layered,10000,2,power_law,0.05,7,3613051971,pruned,0.0856,2272,36,86,35,9,inf,0.0,0,0,100.0
layered,10000,2,power_law,0.1,7,3613051971,pruned,0.0506,2240,24,53,23,6,inf,0.0,0,0,100.0
layered,10000,2,power_law,0.5,7,3613051971,pruned,0.0077,360,2,4,1,1,inf,0.0,0,0,100.0
layered,10000,2,power_law,0,8,3927581545,baseline,6.7978,177828,1305,3268,3268,1392,7.026994,0.0008875955,12,1,0.0
layered,10000,2,power_law,0.001,8,3927581545,pruned,4.2931,84700,1189,2983,1318,380,inf,0.0,0,0,100.0
layered,10000,2,power_law,0.01,8,3927581545,pruned,0.5562,10816,159,379,160,50,inf,0.0,0,0,100.0
layered,10000,2,power_law,0.05,8,3927581545,pruned,0.1084,2336,37,91,36,11,inf,0.0,0,0,100.0
layered,10000,2,power_law,0.1,8,3927581545,pruned,0.0364,1312,12,30,11,4,inf,0.0,0,0,100.0
layered,10000,2,power_law,0.5,8,3927581545,pruned,0.012,360,2,4,1,1,inf,0.0,0,0,100.0
layered,10000,2,power_law,0,9,234929394,baseline,8.3266,337116,2036,5004,5004,1652,7.844174,0.0003920293,14,1,0.0
layered,10000,2,power_law,0.001,9,234929394,pruned,3.3241,84700,1082,2677,1226,334,inf,0.0,0,0,100.0
layered,10000,2,power_law,0.01,9,234929394,pruned,0.4089,10800,159,392,161,48,inf,0.0,0,0,100.0
layered,10000,2,power_law,0.05,9,234929394,pruned,0.0801,2336,32,73,31,10,inf,0.0,0,0,100.0
layered,10000,2,power_law,0.1,9,234929394,pruned,0.0431,1312,21,43,20,5,inf,0.0,0,0,100.0
layered,10000,2,power_law,0.5,9,234929394,pruned,0.0088,360,3,8,2,1,inf,0.0,0,0,100.0
layered,10000,2,power_law,0,10,3048898627,baseline,5.0295,171756,1176,2924,2924,1268,6.853628,0.0010556187,14,1,0.0
layered,10000,2,power_law,0.001,10,3048898627,pruned,3.8785,84700,1176,2924,1344,376,6.853628,0.0010556187,14,1,0.0
layered,10000,2,power_law,0.01,10,3048898627,pruned,0.5073,20704,173,425,173,49,inf,0.0,0,0,100.0
layered,10000,2,power_law,0.05,10,3048898627,pruned,0.0836,2272,37,89,36,8,inf,0.0,0,0,100.0
layered,10000,2,power_law,0.1,10,3048898627,pruned,0.0436,1312,20,51,19,4,inf,0.0,0,0,100.0
layered,10000,2,power_law,0.5,10,3048898627,pruned,0.0116,360,5,9,4,1,inf,0.0,0,0,100.0
layered,10000,5,uniform,0,1,3190861223,baseline,18.7041,798148,3352,16684,16684,4235,8.956834,0.0001288536,7,1,0.0
layered,10000,5,uniform,0.001,1,3190861223,pruned,2.1907,45132,628,3138,646,425,inf,0.0,0,0,100.0
layered,10000,5,uniform,0.01,1,3190861223,pruned,0.1939,4552,63,329,62,37,inf,0.0,0,0,100.0
layered,10000,5,uniform,0.05,1,3190861223,pruned,0.0447,1344,14,83,13,9,inf,0.0,0,0,100.0
layered,10000,5,uniform,0.1,1,3190861223,pruned,0.0154,360,5,25,4,4,inf,0.0,0,0,100.0
layered,10000,5,uniform,0.5,1,3190861223,pruned,0.0049,360,1,4,0,1,inf,0.0,0,0,100.0
layered,10000,5,uniform,0,2,380814860,baseline,22.3869,784908,2791,13893,13893,3936,8.771882,0.0001550315,7,1,0.0
layered,10000,5,uniform,0.001,2,380814860,pruned,2.0673,44916,619,3099,655,412,inf,0.0,0,0,100.0
layered,10000,5,uniform,0.01,2,380814860,pruned,0.2203,4664,66,336,65,47,inf,0.0,0,0,100.0
layered,10000,5,uniform,0.05,2,380814860,pruned,0.0381,1344,12,62,11,8,inf,0.0,0,0,100.0
layered,10000,5,uniform,0.1,2,380814860,pruned,0.0222,776,7,39,6,6,inf,0.0,0,0,100.0
layered,10000,5,uniform,0.5,2,380814860,pruned,0.0057,360,1,7,0,1,inf,0.0,0,0,100.0
layered,10000,5,uniform,0,3,2925352190,baseline,4.6867,179004,604,3032,3032,1931,6.880859,0.0010272611,6,1,0.0
layered,10000,5,uniform,0.001,3,2925352190,pruned,2.5595,44892,604,3032,645,402,6.880859,0.0010272611,6,1,0.0
layered,10000,5,uniform,0.01,3,2925352190,pruned,0.4155,4808,71,352,70,47,inf,0.0,0,0,100.0
layered,10000,5,uniform,0.05,3,2925352190,pruned,0.0384,1344,16,81,15,12,inf,0.0,0,0,100.0
layered,10000,5,uniform,0.1,3,2925352190,pruned,0.0133,360,4,21,3,3,inf,0.0,0,0,100.0
layered,10000,5,uniform,0.5,3,2925352190,pruned,0.0066,360,1,3,0,1,inf,0.0,0,0,100.0
layered,10000,5,uniform,0,4,2505169104,baseline,19.0796,771156,3353,16828,16828,3796,9.26463,9.47158e-05,7,1,0.0
layered,10000,5,uniform,0.001,4,2505169104,pruned,2.1077,44628,607,3084,652,416,inf,0.0,0,0,100.0
layered,10000,5,uniform,0.01,4,2505169104,pruned,0.1973,4568,62,315,61,40,inf,0.0,0,0,100.0
layered,10000,5,uniform,0.05,4,2505169104,pruned,0.0409,1344,13,69,12,8,inf,0.0,0,0,100.0
layered,10000,5,uniform,0.1,4,2505169104,pruned,0.0185,568,6,28,5,5,inf,0.0,0,0,100.0
layered,10000,5,uniform,0.5,4,2505169104,pruned,0.0051,360,1,5,0,1,inf,0.0,0,0,100.0
layered,10000,5,uniform,0,5,2446366893,baseline,3.2395,170892,501,2489,2489,1593,6.643171,0.0013028895,6,1,0.0
layered,10000,5,uniform,0.001,5,2446366893,pruned,1.7903,44420,501,2489,650,396,6.643171,0.0013028895,6,1,0.0
layered,10000,5,uniform,0.01,5,2446366893,pruned,0.1815,4568,61,302,60,37,inf,0.0,0,0,100.0
layered,10000,5,uniform,0.05,5,2446366893,pruned,0.054,1344,12,62,11,8,inf,0.0,0,0,100.0
layered,10000,5,uniform,0.1,5,2446366893,pruned,0.0255,776,8,39,7,5,inf,0.0,0,0,100.0
layered,10000,5,uniform,0.5,5,2446366893,pruned,0.0059,360,1,4,0,1,inf,0.0,0,0,100.0
layered,10000,5,uniform,0,6,720788878,baseline,11.6089,432740,1889,9453,9453,3306,8.266176,0.0002570663,9,1,0.0
layered,10000,5,uniform,0.001,6,720788878,pruned,2.1526,45132,628,3153,671,409,inf,0.0,0,0,100.0
layered,10000,5,uniform,0.01,6,720788878,pruned,0.2736,4808,71,339,70,46,inf,0.0,0,0,100.0
layered,10000,5,uniform,0.05,6,720788878,pruned,0.0435,1344,14,67,13,8,inf,0.0,0,0,100.0
layered,10000,5,uniform,0.1,6,720788878,pruned,0.0215,776,7,29,6,5,inf,0.0,0,0,100.0
layered,10000,5,uniform,0.5,6,720788878,pruned,0.0071,360,1,4,0,1,inf,0.0,0,0,100.0
layered,10000,5,uniform,0,7,100246039,baseline,1.2939,86156,195,956,956,716,5.664776,0.0034659231,5,1,0.0
layered,10000,5,uniform,0.001,7,100246039,pruned,0.8658,44508,195,956,624,424,5.664776,0.0034659231,5,1,0.0
layered,10000,5,uniform,0.01,7,100246039,pruned,0.1698,4664,66,332,65,47,inf,0.0,0,0,100.0
layered,10000,5,uniform,0.05,7,100246039,pruned,0.0359,1344,12,63,11,9,inf,0.0,0,0,100.0
layered,10000,5,uniform,0.1,7,100246039,pruned,0.02,568,6,35,5,5,inf,0.0,0,0,100.0
layered,10000,5,uniform,0.5,7,100246039,pruned,0.0055,360,1,7,0,1,inf,0.0,0,0,100.0
layered,10000,5,uniform,0,8,2996855199,baseline,3.3409,170772,517,2546,2546,1645,6.68569,0.0012486535,5,1,0.0
layered,10000,5,uniform,0.001,8,2996855199,pruned,1.7986,45324,517,2546,671,427,6.68569,0.0012486535,5,1,0.0
layered,10000,5,uniform,0.01,8,2996855199,pruned,0.4154,4712,68,345,67,45,inf,0.0,0,0,100.0
layered,10000,5,uniform,0.05,8,2996855199,pruned,0.0386,1152,11,59,10,7,inf,0.0,0,0,100.0
layered,10000,5,uniform,0.1,8,2996855199,pruned,0.0204,568,6,32,5,4,inf,0.0,0,0,100.0
layered,10000,5,uniform,0.5,8,2996855199,pruned,0.0053,360,1,4,0,1,inf,0.0,0,0,100.0
layered,10000,5,uniform,0,9,1069973366,baseline,22.4344,791396,4013,20101,20101,4067,9.410824,8.18335e-05,8,1,0.0
layered,10000,5,uniform,0.001,9,1069973366,pruned,1.7745,45060,625,3189,652,410,inf,0.0,0,0,100.0
layered,10000,5,uniform,0.01,9,1069973366,pruned,0.1938,4640,65,315,64,40,inf,0.0,0,0,100.0
layered,10000,5,uniform,0.05,9,1069973366,pruned,0.0838,776,9,48,8,5,inf,0.0,0,0,100.0
layered,10000,5,uniform,0.1,9,1069973366,pruned,0.0171,568,6,34,5,5,inf,0.0,0,0,100.0
layered,10000,5,uniform,0.5,9,1069973366,pruned,0.005,360,1,5,0,1,inf,0.0,0,0,100.0
layered,10000,5,uniform,0,10,2920403638,baseline,7.0484,450788,1840,9213,9213,3546,8.166446,0.0002840257,6,1,0.0
layered,10000,5,uniform,0.001,10,2920403638,pruned,3.5638,45420,640,3196,672,421,inf,0.0,0,0,100.0
layered,10000,5,uniform,0.01,10,2920403638,pruned,0.1799,4736,68,332,67,46,inf,0.0,0,0,100.0
layered,10000,5,uniform,0.05,10,2920403638,pruned,0.0301,1344,13,69,12,8,inf,0.0,0,0,100.0
layered,10000,5,uniform,0.1,10,2920403638,pruned,0.0137,568,6,30,5,4,inf,0.0,0,0,100.0
layered,10000,5,uniform,0.5,10,2920403638,pruned,0.0039,360,1,4,0,1,inf,0.0,0,0,100.0
layered,10000,5,power_law,0,1,333273862,baseline,11.1289,477452,1703,8532,8532,3874,7.872223,0.0003811859,7,1,0.0
layered,10000,5,power_law,0.001,1,333273862,pruned,2.5763,85012,760,3830,801,369,inf,0.0,0,0,100.0
layered,10000,5,power_law,0.01,1,333273862,pruned,0.1606,5232,81,420,80,40,inf,0.0,0,0,100.0
layered,10000,5,power_law,0.05,1,333273862,pruned,0.0281,1344,18,94,17,11,inf,0.0,0,0,100.0
layered,10000,5,power_law,0.1,1,333273862,pruned,0.0092,360,5,26,4,2,inf,0.0,0,0,100.0
layered,10000,5,power_law,0.5,1,333273862,pruned,0.0044,360,2,12,1,1,inf,0.0,0,0,100.0
layered,10000,5,power_law,0,2,1687511828,baseline,6.1043,435540,1308,6595,6595,3515,7.477214,0.0005658319,7,1,0.0
layered,10000,5,power_law,0.001,2,1687511828,pruned,1.8699,85036,743,3752,774,377,inf,0.0,0,0,100.0
layered,10000,5,power_law,0.01,2,1687511828,pruned,0.1689,4848,73,364,72,35,inf,0.0,0,0,100.0
layered,10000,5,power_law,0.05,2,1687511828,pruned,0.0285,1344,17,92,16,7,inf,0.0,0,0,100.0
layered,10000,5,power_law,0.1,2,1687511828,pruned,0.0188,1344,12,63,11,5,inf,0.0,0,0,100.0
layered,10000,5,power_law,0.5,2,1687511828,pruned,0.0033,360,1,5,0,1,inf,0.0,0,0,100.0
layered,10000,5,power_law,0,3,3317673538,baseline,7.5928,486868,1802,9053,9053,3962,7.975271,0.0003438619,7,1,0.0
layered,10000,5,power_law,0.001,3,3317673538,pruned,1.514,85084,732,3657,780,375,inf,0.0,0,0,100.0
layered,10000,5,power_law,0.01,3,3317673538,pruned,0.1702,4944,76,381,75,35,inf,0.0,0,0,100.0
layered,10000,5,power_law,0.05,3,3317673538,pruned,0.0287,1344,19,89,18,10,inf,0.0,0,0,100.0
layered,10000,5,power_law,0.1,3,3317673538,pruned,0.0123,776,7,35,6,4,inf,0.0,0,0,100.0
layered,10000,5,power_law,0.5,3,3317673538,pruned,0.0042,360,2,8,1,1,inf,0.0,0,0,100.0
layered,10000,5,power_law,0,4,2117545190,baseline,15.7767,860892,4389,21958,21958,5167,9.292659,9.20979e-05,8,1,0.0
layered,10000,5,power_law,0.001,4,2117545190,pruned,2.0506,85012,765,3825,807,363,inf,0.0,0,0,100.0
layered,10000,5,power_law,0.01,4,2117545190,pruned,0.3192,5328,83,388,82,40,inf,0.0,0,0,100.0
layered,10000,5,power_law,0.05,4,2117545190,pruned,0.0569,1408,18,89,17,9,inf,0.0,0,0,100.0
layered,10000,5,power_law,0.1,4,2117545190,pruned,0.0219,360,5,29,4,3,inf,0.0,0,0,100.0
layered,10000,5,power_law,0.5,4,2117545190,pruned,0.0097,360,2,13,1,1,inf,0.0,0,0,100.0
layered,10000,5,power_law,0,5,1283280528,baseline,0.2041,21848,43,197,197,154,3.965357,0.0189612655,3,1,0.0
layered,10000,5,power_law,0.001,5,1283280528,pruned,0.1309,21848,43,197,187,144,3.965357,0.0189612655,3,1,0.0
layered,10000,5,power_law,0.01,5,1283280528,pruned,0.0774,5376,43,197,80,45,3.965357,0.0189612655,3,1,0.0
layered,10000,5,power_law,0.05,5,1283280528,pruned,0.0263,1344,17,81,16,9,inf,0.0,0,0,100.0
layered,10000,5,power_law,0.1,5,1283280528,pruned,0.0092,360,5,25,4,4,inf,0.0,0,0,100.0
layered,10000,5,power_law,0.5,5,1283280528,pruned,0.0031,360,1,6,0,1,inf,0.0,0,0,100.0
layered,10000,5,power_law,0,6,1717902174,baseline,7.7119,463932,1503,7498,7498,3765,7.699249,0.0004531675,8,1,0.0
layered,10000,5,power_law,0.001,6,1717902174,pruned,2.2404,85012,765,3809,806,365,inf,0.0,0,0,100.0
layered,10000,5,power_law,0.01,6,1717902174,pruned,0.2273,5016,76,391,75,38,inf,0.0,0,0,100.0
layered,10000,5,power_law,0.05,6,1717902174,pruned,0.0526,1344,18,95,17,8,inf,0.0,0,0,100.0
layered,10000,5,power_law,0.1,6,1717902174,pruned,0.0186,776,8,39,7,5,inf,0.0,0,0,100.0
layered,10000,5,power_law,0.5,6,1717902174,pruned,0.0053,360,1,5,0,1,inf,0.0,0,0,100.0
layered,10000,5,power_law,0,7,1380206903,baseline,17.1798,832124,3015,15133,15133,5163,8.629575,0.0001787405,11,1,0.0
layered,10000,5,power_law,0.001,7,1380206903,pruned,3.7912,84676,716,3570,756,343,inf,0.0,0,0,100.0
layered,10000,5,power_law,0.01,7,1380206903,pruned,0.1956,5352,83,421,82,41,inf,0.0,0,0,100.0
layered,10000,5,power_law,0.05,7,1380206903,pruned,0.0323,1344,14,71,13,6,inf,0.0,0,0,100.0
layered,10000,5,power_law,0.1,7,1380206903,pruned,0.0183,776,7,35,6,3,inf,0.0,0,0,100.0
layered,10000,5,power_law,0.5,7,1380206903,pruned,0.0087,360,2,8,1,1,inf,0.0,0,0,100.0
layered,10000,5,power_law,0,8,3262049637,baseline,10.4098,830428,2505,12578,12578,4821,8.367384,0.0002323225,6,1,0.0
layered,10000,5,power_law,0.001,8,3262049637,pruned,1.5779,85036,759,3808,790,369,inf,0.0,0,0,100.0
layered,10000,5,power_law,0.01,8,3262049637,pruned,0.1352,5400,83,402,82,44,inf,0.0,0,0,100.0
layered,10000,5,power_law,0.05,8,3262049637,pruned,0.0258,1408,17,76,16,10,inf,0.0,0,0,100.0
layered,10000,5,power_law,0.1,8,3262049637,pruned,0.0129,776,8,37,7,5,inf,0.0,0,0,100.0
layered,10000,5,power_law,0.5,8,3262049637,pruned,0.0056,360,2,13,1,1,inf,0.0,0,0,100.0
layered,10000,5,power_law,0,9,2300936422,baseline,8.2027,469124,1697,8479,8479,3772,7.868039,0.0003827841,6,1,0.0
layered,10000,5,power_law,0.001,9,2300936422,pruned,2.3098,85084,738,3667,779,388,inf,0.0,0,0,100.0
layered,10000,5,power_law,0.01,9,2300936422,pruned,0.1769,5328,81,409,80,41,inf,0.0,0,0,100.0
layered,10000,5,power_law,0.05,9,2300936422,pruned,0.0445,1344,19,100,18,10,inf,0.0,0,0,100.0
layered,10000,5,power_law,0.1,9,2300936422,pruned,0.0106,360,5,32,4,2,inf,0.0,0,0,100.0
layered,10000,5,power_law,0.5,9,2300936422,pruned,0.0062,360,3,18,2,1,inf,0.0,0,0,100.0
layered,10000,5,power_law,0,10,732653601,baseline,20.9092,877580,6025,30109,30109,5057,10.224208,3.62813e-05,12,1,0.0
layered,10000,5,power_law,0.001,10,732653601,pruned,1.7749,84628,721,3639,766,340,inf,0.0,0,0,100.0
layered,10000,5,power_law,0.01,10,732653601,pruned,0.1473,5400,84,419,84,38,inf,0.0,0,0,100.0
layered,10000,5,power_law,0.05,10,732653601,pruned,0.0267,1344,16,75,15,7,inf,0.0,0,0,100.0
layered,10000,5,power_law,0.1,10,732653601,pruned,0.0135,776,8,38,7,4,inf,0.0,0,0,100.0
layered,10000,5,power_law,0.5,10,732653601,pruned,0.003,360,1,4,0,1,inf,0.0,0,0,100.0
layered,10000,10,uniform,0,1,3825812381,baseline,17.8321,895380,1794,17974,17974,6227,8.572594,0.0001892211,5,1,0.0
layered,10000,10,uniform,0.001,1,3825812381,pruned,1.9296,43484,507,5060,514,414,inf,0.0,0,0,100.0
layered,10000,10,uniform,0.01,1,3825812381,pruned,0.1696,4400,47,484,46,38,inf,0.0,0,0,100.0
layered,10000,10,uniform,0.05,1,3825812381,pruned,0.0415,1408,13,135,12,12,inf,0.0,0,0,100.0
layered,10000,10,uniform,0.1,1,3825812381,pruned,0.0166,360,4,41,3,3,inf,0.0,0,0,100.0
layered,10000,10,uniform,0.5,1,3825812381,pruned,0.0076,360,1,12,0,1,inf,0.0,0,0,100.0
layered,10000,10,uniform,0,2,1359886777,baseline,1.8108,179028,260,2612,2612,2044,6.450738,0.0015793562,4,1,0.0
layered,10000,10,uniform,0.001,2,1359886777,pruned,0.6849,43508,260,2612,457,367,6.450738,0.0015793562,4,1,0.0
layered,10000,10,uniform,0.01,2,1359886777,pruned,0.0971,4400,46,449,46,36,inf,0.0,0,0,100.0
layered,10000,10,uniform,0.05,2,1359886777,pruned,0.026,1408,13,124,12,12,inf,0.0,0,0,100.0
layered,10000,10,uniform,0.1,2,1359886777,pruned,0.0081,360,3,28,2,2,inf,0.0,0,0,100.0
layered,10000,10,uniform,0.5,2,1359886777,pruned,0.004,360,1,12,0,1,inf,0.0,0,0,100.0
layered,10000,10,uniform,0,3,25765402,baseline,17.9353,945636,2921,29265,29265,6518,8.986954,0.0001250304,5,1,0.0
layered,10000,10,uniform,0.001,3,25765402,pruned,1.927,43508,516,5123,525,422,inf,0.0,0,0,100.0
layered,10000,10,uniform,0.01,3,25765402,pruned,0.1832,4424,55,539,54,45,inf,0.0,0,0,100.0
layered,10000,10,uniform,0.05,3,25765402,pruned,0.0393,1408,12,118,11,11,inf,0.0,0,0,100.0
layered,10000,10,uniform,0.1,3,25765402,pruned,0.0212,568,6,58,5,5,inf,0.0,0,0,100.0
layered,10000,10,uniform,0.5,3,25765402,pruned,0.0068,360,1,11,0,1,inf,0.0,0,0,100.0
layered,10000,10,uniform,0,4,789776185,baseline,54.4488,1021236,6205,62080,62080,6922,10.389883,3.07419e-05,6,1,0.0
layered,10000,10,uniform,0.001,4,789776185,pruned,2.7268,43436,541,5404,549,453,inf,0.0,0,0,100.0
layered,10000,10,uniform,0.01,4,789776185,pruned,0.2514,4496,58,598,57,49,inf,0.0,0,0,100.0
layered,10000,10,uniform,0.05,4,789776185,pruned,0.1245,816,10,105,9,9,inf,0.0,0,0,100.0
layered,10000,10,uniform,0.1,4,789776185,pruned,0.0321,776,8,82,7,7,inf,0.0,0,0,100.0
layered,10000,10,uniform,0.5,4,789776185,pruned,0.0067,360,1,9,0,1,inf,0.0,0,0,100.0
layered,10000,10,uniform,0,5,682889193,baseline,2.285,172540,194,1912,1912,1565,6.37073,0.00171091,4,1,0.0
layered,10000,10,uniform,0.001,5,682889193,pruned,1.1588,43532,194,1912,532,422,6.37073,0.00171091,4,1,0.0
layered,10000,10,uniform,0.01,5,682889193,pruned,0.2044,4400,48,487,47,38,inf,0.0,0,0,100.0
layered,10000,10,uniform,0.05,5,682889193,pruned,0.05,1408,12,134,11,11,inf,0.0,0,0,100.0
layered,10000,10,uniform,0.1,5,682889193,pruned,0.0255,568,6,64,5,5,inf,0.0,0,0,100.0
layered,10000,10,uniform,0.5,5,682889193,pruned,0.0065,360,1,11,0,1,inf,0.0,0,0,100.0
layered,10000,10,uniform,0,6,3475509619,baseline,62.4018,1028908,7362,73455,73455,7072,10.772971,2.09584e-05,6,1,0.0
layered,10000,10,uniform,0.001,6,3475509619,pruned,2.6075,43508,494,4916,500,408,inf,0.0,0,0,100.0
layered,10000,10,uniform,0.01,6,3475509619,pruned,0.2809,4400,47,462,46,38,inf,0.0,0,0,100.0
layered,10000,10,uniform,0.05,6,3475509619,pruned,0.0543,1408,12,120,11,11,inf,0.0,0,0,100.0
layered,10000,10,uniform,0.1,6,3475509619,pruned,0.034,568,6,59,5,5,inf,0.0,0,0,100.0
layered,10000,10,uniform,0.5,6,3475509619,pruned,0.0092,360,1,11,0,1,inf,0.0,0,0,100.0
layered,10000,10,uniform,0,7,3939271515,baseline,29.5481,953340,3287,32873,32873,6503,9.118272,0.0001096439,5,1,0.0
layered,10000,10,uniform,0.001,7,3939271515,pruned,2.473,43460,526,5293,550,451,inf,0.0,0,0,100.0
layered,10000,10,uniform,0.01,7,3939271515,pruned,0.2516,4520,60,604,59,51,inf,0.0,0,0,100.0
layered,10000,10,uniform,0.05,7,3939271515,pruned,0.0403,776,9,95,8,8,inf,0.0,0,0,100.0
layered,10000,10,uniform,0.1,7,3939271515,pruned,0.0325,776,8,87,7,7,inf,0.0,0,0,100.0
layered,10000,10,uniform,0.5,7,3939271515,pruned,0.0067,360,1,8,0,1,inf,0.0,0,0,100.0
layered,10000,10,uniform,0,8,2161934682,baseline,36.2867,996972,4000,39877,39877,6790,9.484059,7.60546e-05,6,1,0.0
layered,10000,10,uniform,0.001,8,2161934682,pruned,2.4151,43484,499,5008,515,425,inf,0.0,0,0,100.0
layered,10000,10,uniform,0.01,8,2161934682,pruned,0.2284,4424,56,555,55,47,inf,0.0,0,0,100.0
layered,10000,10,uniform,0.05,8,2161934682,pruned,0.0351,776,9,87,8,8,inf,0.0,0,0,100.0
layered,10000,10,uniform,0.1,8,2161934682,pruned,0.0232,568,6,55,5,5,inf,0.0,0,0,100.0
layered,10000,10,uniform,0.5,8,2161934682,pruned,0.006,360,1,8,0,1,inf,0.0,0,0,100.0
layered,10000,10,uniform,0,9,3612231032,baseline,18.0663,922900,1881,18887,18887,6544,8.579052,0.0001880031,5,1,0.0
layered,10000,10,uniform,0.001,9,3612231032,pruned,2.3338,43460,478,4805,492,389,inf,0.0,0,0,100.0
layered,10000,10,uniform,0.01,9,3612231032,pruned,0.2398,4424,56,558,55,45,inf,0.0,0,0,100.0
layered,10000,10,uniform,0.05,9,3612231032,pruned,0.0451,1216,11,108,10,10,inf,0.0,0,0,100.0
layered,10000,10,uniform,0.1,9,3612231032,pruned,0.0358,360,3,34,2,2,inf,0.0,0,0,100.0
layered,10000,10,uniform,0.5,9,3612231032,pruned,0.0087,360,1,12,0,1,inf,0.0,0,0,100.0
layered,10000,10,uniform,0,10,47366368,baseline,14.5851,858332,1085,10855,10855,4927,8.082575,0.0003088746,5,1,0.0
layered,10000,10,uniform,0.001,10,47366368,pruned,2.8697,43508,515,5136,535,439,inf,0.0,0,0,100.0
layered,10000,10,uniform,0.01,10,47366368,pruned,0.2699,4616,63,617,63,54,inf,0.0,0,0,100.0
layered,10000,10,uniform,0.05,10,47366368,pruned,0.0363,776,9,91,8,8,inf,0.0,0,0,100.0
layered,10000,10,uniform,0.1,10,47366368,pruned,0.0272,776,7,68,6,6,inf,0.0,0,0,100.0
layered,10000,10,uniform,0.5,10,47366368,pruned,0.006,360,1,8,0,1,inf,0.0,0,0,100.0
layered,10000,10,power_law,0,1,2331280731,baseline,47.6084,1158276,5377,53601,53601,8401,9.920284,4.91672e-05,6,1,0.0
layered,10000,10,power_law,0.001,1,2331280731,pruned,2.6001,43484,559,5520,574,306,inf,0.0,0,0,100.0
layered,10000,10,power_law,0.01,1,2331280731,pruned,0.229,4424,55,551,54,33,inf,0.0,0,0,100.0
layered,10000,10,power_law,0.05,1,2331280731,pruned,0.0465,1152,11,110,10,8,inf,0.0,0,0,100.0
layered,10000,10,power_law,0.1,1,2331280731,pruned,0.0187,360,4,40,3,3,inf,0.0,0,0,100.0
layered,10000,10,power_law,0.5,1,2331280731,pruned,0.0062,360,1,9,0,1,inf,0.0,0,0,100.0
layered,10000,10,power_law,0,2,948881519,baseline,46.4631,1162540,5329,53340,53340,8448,9.902986,5.00251e-05,6,1,0.0
layered,10000,10,power_law,0.001,2,948881519,pruned,2.5951,43556,496,4933,514,294,inf,0.0,0,0,100.0
layered,10000,10,power_law,0.01,2,948881519,pruned,0.2694,4496,57,575,58,36,inf,0.0,0,0,100.0
layered,10000,10,power_law,0.05,2,948881519,pruned,0.0585,776,9,94,8,6,inf,0.0,0,0,100.0
layered,10000,10,power_law,0.1,2,948881519,pruned,0.0271,568,6,62,5,4,inf,0.0,0,0,100.0
layered,10000,10,power_law,0.5,2,948881519,pruned,0.0096,360,2,19,1,1,inf,0.0,0,0,100.0
layered,10000,10,power_law,0,3,2270622562,baseline,2.9002,172980,237,2335,2335,1864,6.052722,0.0023514523,6,1,0.0
layered,10000,10,power_law,0.001,3,2270622562,pruned,1.2225,43484,237,2335,539,335,6.052722,0.0023514523,6,1,0.0
layered,10000,10,power_law,0.01,3,2270622562,pruned,0.2212,4360,55,535,54,29,inf,0.0,0,0,100.0
layered,10000,10,power_law,0.05,3,2270622562,pruned,0.0464,1344,12,117,11,6,inf,0.0,0,0,100.0
layered,10000,10,power_law,0.1,3,2270622562,pruned,0.02,360,5,45,4,2,inf,0.0,0,0,100.0
layered,10000,10,power_law,0.5,3,2270622562,pruned,0.0091,360,2,20,1,1,inf,0.0,0,0,100.0
layered,10000,10,power_law,0,4,3008819570,baseline,5.7142,398484,463,4623,4623,3305,6.700522,0.001230269,6,1,0.0
layered,10000,10,power_law,0.001,4,3008819570,pruned,2.1105,43508,463,4623,574,324,6.700522,0.001230269,6,1,0.0
layered,10000,10,power_law,0.01,4,3008819570,pruned,0.2289,4424,55,541,54,33,inf,0.0,0,0,100.0
layered,10000,10,power_law,0.05,4,3008819570,pruned,0.0477,1344,12,109,11,6,inf,0.0,0,0,100.0
layered,10000,10,power_law,0.1,4,3008819570,pruned,0.0239,568,6,56,5,3,inf,0.0,0,0,100.0
layered,10000,10,power_law,0.5,4,3008819570,pruned,0.0091,360,2,20,1,1,inf,0.0,0,0,100.0
layered,10000,10,power_law,0,5,588992125,baseline,48.0555,1175340,4533,45255,45255,8734,9.461737,7.77714e-05,7,1,0.0
layered,10000,10,power_law,0.001,5,588992125,pruned,2.348,43532,541,5400,553,318,inf,0.0,0,0,100.0
layered,10000,10,power_law,0.01,5,588992125,pruned,0.2676,4336,49,502,48,28,inf,0.0,0,0,100.0
layered,10000,10,power_law,0.05,5,588992125,pruned,0.0598,1408,15,147,14,9,inf,0.0,0,0,100.0
layered,10000,10,power_law,0.1,5,588992125,pruned,0.0245,568,6,57,5,3,inf,0.0,0,0,100.0
layered,10000,10,power_law,0.5,5,588992125,pruned,0.0068,360,1,11,0,1,inf,0.0,0,0,100.0
layered,10000,10,power_law,0,6,839031511,baseline,69.5641,1191780,7490,75165,75165,8843,10.612206,2.46137e-05,6,1,0.0
layered,10000,10,power_law,0.001,6,839031511,pruned,2.8855,43556,576,5762,592,338,inf,0.0,0,0,100.0
layered,10000,10,power_law,0.01,6,839031511,pruned,0.3231,4640,64,640,64,39,inf,0.0,0,0,100.0
layered,10000,10,power_law,0.05,6,839031511,pruned,0.0346,776,8,80,7,3,inf,0.0,0,0,100.0
layered,10000,10,power_law,0.1,6,839031511,pruned,0.0219,360,5,50,4,2,inf,0.0,0,0,100.0
layered,10000,10,power_law,0.5,6,839031511,pruned,0.0097,360,2,19,1,1,inf,0.0,0,0,100.0
layered,10000,10,power_law,0,7,1050321045,baseline,26.7726,1108468,2466,24765,24765,8406,8.590358,0.0001858895,6,1,0.0
layered,10000,10,power_law,0.001,7,1050321045,pruned,3.098,43508,550,5578,561,321,inf,0.0,0,0,100.0
layered,10000,10,power_law,0.01,7,1050321045,pruned,0.2543,4336,53,536,52,33,inf,0.0,0,0,100.0
layered,10000,10,power_law,0.05,7,1050321045,pruned,0.0578,1344,14,140,13,8,inf,0.0,0,0,100.0
layered,10000,10,power_law,0.1,7,1050321045,pruned,0.0216,360,4,38,3,3,inf,0.0,0,0,100.0
layered,10000,10,power_law,0.5,7,1050321045,pruned,0.0126,360,1,12,0,1,inf,0.0,0,0,100.0
layered,10000,10,power_law,0,8,1341806418,baseline,14.4621,910740,1292,12952,12952,6569,7.831322,0.0003971003,7,1,0.0
layered,10000,10,power_law,0.001,8,1341806418,pruned,2.5887,43580,542,5417,562,329,inf,0.0,0,0,100.0
layered,10000,10,power_law,0.01,8,1341806418,pruned,0.2542,4568,61,619,60,37,inf,0.0,0,0,100.0
layered,10000,10,power_law,0.05,8,1341806418,pruned,0.0423,776,10,96,9,4,inf,0.0,0,0,100.0
layered,10000,10,power_law,0.1,8,1341806418,pruned,0.0204,360,5,45,4,3,inf,0.0,0,0,100.0
layered,10000,10,power_law,0.5,8,1341806418,pruned,0.0063,360,1,9,0,1,inf,0.0,0,0,100.0
layered,10000,10,power_law,0,9,4182715436,baseline,12.1952,898204,996,10042,10042,5880,7.536772,0.0005331156,6,1,0.0
layered,10000,10,power_law,0.001,9,4182715436,pruned,3.169,43508,534,5352,550,317,inf,0.0,0,0,100.0
layered,10000,10,power_law,0.01,9,4182715436,pruned,0.2868,4496,58,586,57,38,inf,0.0,0,0,100.0
layered,10000,10,power_law,0.05,9,4182715436,pruned,0.0408,776,10,97,9,6,inf,0.0,0,0,100.0
layered,10000,10,power_law,0.1,9,4182715436,pruned,0.0228,360,5,46,4,3,inf,0.0,0,0,100.0
layered,10000,10,power_law,0.5,9,4182715436,pruned,0.0072,360,1,10,0,1,inf,0.0,0,0,100.0
layered,10000,10,power_law,0,10,3117548500,baseline,16.3419,905252,963,9584,9584,5457,7.522656,0.0005406944,5,1,0.0
layered,10000,10,power_law,0.001,10,3117548500,pruned,4.5577,43484,542,5362,560,327,inf,0.0,0,0,100.0
layered,10000,10,power_law,0.01,10,3117548500,pruned,0.4045,4520,59,586,58,34,inf,0.0,0,0,100.0
layered,10000,10,power_law,0.05,10,3117548500,pruned,0.0547,776,9,93,8,4,inf,0.0,0,0,100.0
layered,10000,10,power_law,0.1,10,3117548500,pruned,0.0301,360,5,55,4,3,inf,0.0,0,0,100.0
layered,10000,10,power_law,0.5,10,3117548500,pruned,0.0114,360,1,9,0,1,inf,0.0,0,0,100.0
