dataset,nodes,edges,source,target,tau,tau_mode,baseline_cost,baseline_prob,baseline_nodes_explored,baseline_edges_examined,baseline_edges_relaxed,baseline_ms,pruned_cost,pruned_prob,pruned_nodes_explored,pruned_edges_examined,pruned_edges_relaxed,pruned_ms,path_found,speedup,optimality_gap_pct
RetailRocket-event,3,9,transaction,view,0.0001,fixed,0.387954,0.6784437045,2,3,3,0.017,0.387954,0.6784437045,2,3,3,0.029,True,0.58,0.0
RetailRocket-event,3,9,transaction,view,0.001,fixed,0.387954,0.6784437045,2,3,3,0.017,0.387954,0.6784437045,2,3,3,0.011,True,1.58,0.0
RetailRocket-event,3,9,transaction,view,0.01,fixed,0.387954,0.6784437045,2,3,3,0.017,0.387954,0.6784437045,2,3,3,0.005,True,3.15,0.0
RetailRocket-event,3,9,transaction,view,0.1,fixed,0.387954,0.6784437045,2,3,3,0.017,0.387954,0.6784437045,2,3,2,0.005,True,3.34,0.0
RetailRocket-event,3,9,transaction,view,0.5,fixed,0.387954,0.6784437045,2,3,3,0.017,0.387954,0.6784437045,2,3,1,0.004,True,4.18,0.0
RetailRocket-event,3,9,transaction,view,0.067844370453,adaptive,0.387954,0.6784437045,2,3,3,0.017,0.387954,0.6784437045,2,3,2,0.005,True,3.15,0.0
RetailRocket-event,3,9,transaction,view,0.203533111358,adaptive,0.387954,0.6784437045,2,3,3,0.017,0.387954,0.6784437045,2,3,2,0.004,True,4.77,0.0
RetailRocket-event,3,9,transaction,view,0.339221852263,adaptive,0.387954,0.6784437045,2,3,3,0.017,0.387954,0.6784437045,2,3,1,0.003,True,4.77,0.0
RetailRocket-event,3,9,transaction,view,0.474910593168,adaptive,0.387954,0.6784437045,2,3,3,0.017,0.387954,0.6784437045,2,3,1,0.003,True,5.06,0.0
RetailRocket-event,3,9,transaction,view,0.610599334073,adaptive,0.387954,0.6784437045,2,3,3,0.017,0.387954,0.6784437045,2,3,1,0.005,True,3.63,0.0
RetailRocket-event,3,9,transaction,view,0.6445215193,adaptive,0.387954,0.6784437045,2,3,3,0.017,0.387954,0.6784437045,2,3,1,0.003,True,5.76,0.0
RetailRocket-event,3,9,transaction,view,0.671659267481,adaptive,0.387954,0.6784437045,2,3,3,0.017,0.387954,0.6784437045,2,3,1,0.003,True,5.22,0.0
RetailRocket-event,3,9,transaction,view,0.678443704526,adaptive,0.387954,0.6784437045,2,3,3,0.017,,,1,3,0,0.003,False,6.19,
RetailRocket-event,3,9,transaction,view,0.746288074978,adaptive,0.387954,0.6784437045,2,3,3,0.017,,,1,3,0,0.003,False,6.19,
RetailRocket-event,3,9,view,transaction,0.0001,fixed,4.689428,0.0091919426,3,6,6,0.008,4.689428,0.0091919426,3,6,6,0.006,True,1.22,0.0
RetailRocket-event,3,9,view,transaction,0.001,fixed,4.689428,0.0091919426,3,6,6,0.008,4.689428,0.0091919426,3,6,6,0.006,True,1.33,0.0
RetailRocket-event,3,9,view,transaction,0.01,fixed,4.689428,0.0091919426,3,6,6,0.008,,,2,6,3,0.004,False,1.75,
RetailRocket-event,3,9,view,transaction,0.1,fixed,4.689428,0.0091919426,3,6,6,0.008,,,1,3,1,0.003,False,2.85,
RetailRocket-event,3,9,view,transaction,0.5,fixed,4.689428,0.0091919426,3,6,6,0.008,,,1,3,1,0.002,False,3.35,
RetailRocket-event,3,9,view,transaction,0.000919194265,adaptive,4.689428,0.0091919426,3,6,6,0.008,4.689428,0.0091919426,3,6,6,0.006,True,1.24,0.0
RetailRocket-event,3,9,view,transaction,0.002757582795,adaptive,4.689428,0.0091919426,3,6,6,0.008,4.689428,0.0091919426,3,6,6,0.005,True,1.51,0.0
RetailRocket-event,3,9,view,transaction,0.004595971325,adaptive,4.689428,0.0091919426,3,6,6,0.008,4.689428,0.0091919426,3,6,5,0.005,True,1.67,0.0
RetailRocket-event,3,9,view,transaction,0.006434359855,adaptive,4.689428,0.0091919426,3,6,6,0.008,4.689428,0.0091919426,3,6,5,0.005,True,1.67,0.0
RetailRocket-event,3,9,view,transaction,0.008272748385,adaptive,4.689428,0.0091919426,3,6,6,0.008,4.689428,0.0091919426,3,6,5,0.004,True,1.83,0.0
RetailRocket-event,3,9,view,transaction,0.008732345517,adaptive,4.689428,0.0091919426,3,6,6,0.008,4.689428,0.0091919426,3,6,4,0.005,True,1.71,0.0
RetailRocket-event,3,9,view,transaction,0.009100023223,adaptive,4.689428,0.0091919426,3,6,6,0.008,4.689428,0.0091919426,3,6,4,0.004,True,1.83,0.0
RetailRocket-event,3,9,view,transaction,0.00919194265,adaptive,4.689428,0.0091919426,3,6,6,0.008,,,2,6,3,0.004,False,1.97,
RetailRocket-event,3,9,view,transaction,0.010111136915,adaptive,4.689428,0.0091919426,3,6,6,0.008,,,2,6,3,0.004,False,2.14,
RetailRocket-event,3,9,addtocart,view,0.0001,fixed,0.57058,0.5651977360,2,3,3,0.004,0.57058,0.5651977360,2,3,3,0.004,True,1.11,0.0
RetailRocket-event,3,9,addtocart,view,0.001,fixed,0.57058,0.5651977360,2,3,3,0.004,0.57058,0.5651977360,2,3,3,0.005,True,0.87,0.0
RetailRocket-event,3,9,addtocart,view,0.01,fixed,0.57058,0.5651977360,2,3,3,0.004,0.57058,0.5651977360,2,3,3,0.003,True,1.25,0.0
RetailRocket-event,3,9,addtocart,view,0.1,fixed,0.57058,0.5651977360,2,3,3,0.004,0.57058,0.5651977360,2,3,3,0.003,True,1.25,0.0
RetailRocket-event,3,9,addtocart,view,0.5,fixed,0.57058,0.5651977360,2,3,3,0.004,0.57058,0.5651977360,2,3,1,0.003,True,1.33,0.0
RetailRocket-event,3,9,addtocart,view,0.056519773603,adaptive,0.57058,0.5651977360,2,3,3,0.004,0.57058,0.5651977360,2,3,3,0.005,True,0.82,0.0
RetailRocket-event,3,9,addtocart,view,0.169559320808,adaptive,0.57058,0.5651977360,2,3,3,0.004,0.57058,0.5651977360,2,3,3,0.004,True,1.03,0.0
RetailRocket-event,3,9,addtocart,view,0.282598868013,adaptive,0.57058,0.5651977360,2,3,3,0.004,0.57058,0.5651977360,2,3,1,0.003,True,1.43,0.0
RetailRocket-event,3,9,addtocart,view,0.395638415219,adaptive,0.57058,0.5651977360,2,3,3,0.004,0.57058,0.5651977360,2,3,1,0.003,True,1.33,0.0
RetailRocket-event,3,9,addtocart,view,0.508677962424,adaptive,0.57058,0.5651977360,2,3,3,0.004,0.57058,0.5651977360,2,3,1,0.004,True,1.0,0.0
RetailRocket-event,3,9,addtocart,view,0.536937849225,adaptive,0.57058,0.5651977360,2,3,3,0.004,0.57058,0.5651977360,2,3,1,0.003,True,1.21,0.0
RetailRocket-event,3,9,addtocart,view,0.559545758666,adaptive,0.57058,0.5651977360,2,3,3,0.004,0.57058,0.5651977360,2,3,1,0.003,True,1.38,0.0
RetailRocket-event,3,9,addtocart,view,0.565197736026,adaptive,0.57058,0.5651977360,2,3,3,0.004,0.57058,0.5651977360,2,3,1,0.002,True,1.6,0.0
RetailRocket-event,3,9,addtocart,view,0.621717509629,adaptive,0.57058,0.5651977360,2,3,3,0.004,,,1,3,0,0.002,False,1.67,
RetailRocket-event,3,9,transaction,view,0.0001,fixed,0.387954,0.6784437045,2,3,3,0.004,0.387954,0.6784437045,2,3,3,0.003,True,1.13,0.0
RetailRocket-event,3,9,transaction,view,0.001,fixed,0.387954,0.6784437045,2,3,3,0.004,0.387954,0.6784437045,2,3,3,0.003,True,1.09,0.0
RetailRocket-event,3,9,transaction,view,0.01,fixed,0.387954,0.6784437045,2,3,3,0.004,0.387954,0.6784437045,2,3,3,0.003,True,1.17,0.0
RetailRocket-event,3,9,transaction,view,0.1,fixed,0.387954,0.6784437045,2,3,3,0.004,0.387954,0.6784437045,2,3,2,0.003,True,1.17,0.0
RetailRocket-event,3,9,transaction,view,0.5,fixed,0.387954,0.6784437045,2,3,3,0.004,0.387954,0.6784437045,2,3,1,0.003,True,1.35,0.0
RetailRocket-event,3,9,transaction,view,0.067844370453,adaptive,0.387954,0.6784437045,2,3,3,0.004,0.387954,0.6784437045,2,3,2,0.003,True,1.17,0.0
RetailRocket-event,3,9,transaction,view,0.203533111358,adaptive,0.387954,0.6784437045,2,3,3,0.004,0.387954,0.6784437045,2,3,2,0.003,True,1.35,0.0
RetailRocket-event,3,9,transaction,view,0.339221852263,adaptive,0.387954,0.6784437045,2,3,3,0.004,0.387954,0.6784437045,2,3,1,0.004,True,0.88,0.0
RetailRocket-event,3,9,transaction,view,0.474910593168,adaptive,0.387954,0.6784437045,2,3,3,0.004,0.387954,0.6784437045,2,3,1,0.003,True,1.35,0.0
RetailRocket-event,3,9,transaction,view,0.610599334073,adaptive,0.387954,0.6784437045,2,3,3,0.004,0.387954,0.6784437045,2,3,1,0.003,True,1.25,0.0
RetailRocket-event,3,9,transaction,view,0.6445215193,adaptive,0.387954,0.6784437045,2,3,3,0.004,0.387954,0.6784437045,2,3,1,0.003,True,1.25,0.0
RetailRocket-event,3,9,transaction,view,0.671659267481,adaptive,0.387954,0.6784437045,2,3,3,0.004,0.387954,0.6784437045,2,3,1,0.003,True,1.25,0.0
RetailRocket-event,3,9,transaction,view,0.678443704526,adaptive,0.387954,0.6784437045,2,3,3,0.004,,,1,3,0,0.003,False,1.03,
RetailRocket-event,3,9,transaction,view,0.746288074978,adaptive,0.387954,0.6784437045,2,3,3,0.004,,,1,3,0,0.002,False,1.59,
RetailRocket-event,3,9,transaction,view,0.0001,fixed,0.387954,0.6784437045,2,3,3,0.004,0.387954,0.6784437045,2,3,3,0.003,True,1.09,0.0
RetailRocket-event,3,9,transaction,view,0.001,fixed,0.387954,0.6784437045,2,3,3,0.004,0.387954,0.6784437045,2,3,3,0.004,True,0.97,0.0
RetailRocket-event,3,9,transaction,view,0.01,fixed,0.387954,0.6784437045,2,3,3,0.004,0.387954,0.6784437045,2,3,3,0.003,True,1.13,0.0
RetailRocket-event,3,9,transaction,view,0.1,fixed,0.387954,0.6784437045,2,3,3,0.004,0.387954,0.6784437045,2,3,2,0.004,True,0.9,0.0
RetailRocket-event,3,9,transaction,view,0.5,fixed,0.387954,0.6784437045,2,3,3,0.004,0.387954,0.6784437045,2,3,1,0.003,True,1.24,0.0
RetailRocket-event,3,9,transaction,view,0.067844370453,adaptive,0.387954,0.6784437045,2,3,3,0.004,0.387954,0.6784437045,2,3,2,0.003,True,1.16,0.0
RetailRocket-event,3,9,transaction,view,0.203533111358,adaptive,0.387954,0.6784437045,2,3,3,0.004,0.387954,0.6784437045,2,3,2,0.003,True,1.2,0.0
RetailRocket-event,3,9,transaction,view,0.339221852263,adaptive,0.387954,0.6784437045,2,3,3,0.004,0.387954,0.6784437045,2,3,1,0.003,True,1.38,0.0
RetailRocket-event,3,9,transaction,view,0.474910593168,adaptive,0.387954,0.6784437045,2,3,3,0.004,0.387954,0.6784437045,2,3,1,0.002,True,1.44,0.0
RetailRocket-event,3,9,transaction,view,0.610599334073,adaptive,0.387954,0.6784437045,2,3,3,0.004,0.387954,0.6784437045,2,3,1,0.004,True,0.97,0.0
RetailRocket-event,3,9,transaction,view,0.6445215193,adaptive,0.387954,0.6784437045,2,3,3,0.004,0.387954,0.6784437045,2,3,1,0.003,True,1.38,0.0
RetailRocket-event,3,9,transaction,view,0.671659267481,adaptive,0.387954,0.6784437045,2,3,3,0.004,0.387954,0.6784437045,2,3,1,0.003,True,1.09,0.0
RetailRocket-event,3,9,transaction,view,0.678443704526,adaptive,0.387954,0.6784437045,2,3,3,0.004,,,1,3,0,0.002,False,1.44,
RetailRocket-event,3,9,transaction,view,0.746288074978,adaptive,0.387954,0.6784437045,2,3,3,0.004,,,1,3,0,0.002,False,1.5,
RetailRocket-event,3,9,transaction,addtocart,0.0001,fixed,3.589519,0.0276116061,3,6,6,0.006,3.589519,0.0276116061,3,6,6,0.005,True,1.19,0.0
RetailRocket-event,3,9,transaction,addtocart,0.001,fixed,3.589519,0.0276116061,3,6,6,0.006,3.589519,0.0276116061,3,6,6,0.005,True,1.23,0.0
RetailRocket-event,3,9,transaction,addtocart,0.01,fixed,3.589519,0.0276116061,3,6,6,0.006,3.589519,0.0276116061,3,6,5,0.006,True,1.08,0.0
RetailRocket-event,3,9,transaction,addtocart,0.1,fixed,3.589519,0.0276116061,3,6,6,0.006,,,2,6,3,0.004,False,1.64,
RetailRocket-event,3,9,transaction,addtocart,0.5,fixed,3.589519,0.0276116061,3,6,6,0.006,,,2,6,2,0.004,False,1.83,
RetailRocket-event,3,9,transaction,addtocart,0.00276116061,adaptive,3.589519,0.0276116061,3,6,6,0.006,3.589519,0.0276116061,3,6,5,0.005,True,1.31,0.0
RetailRocket-event,3,9,transaction,addtocart,0.00828348183,adaptive,3.589519,0.0276116061,3,6,6,0.006,3.589519,0.0276116061,3,6,5,0.006,True,1.1,0.0
RetailRocket-event,3,9,transaction,addtocart,0.013805803049,adaptive,3.589519,0.0276116061,3,6,6,0.006,3.589519,0.0276116061,3,6,5,0.005,True,1.33,0.0
RetailRocket-event,3,9,transaction,addtocart,0.019328124269,adaptive,3.589519,0.0276116061,3,6,6,0.006,3.589519,0.0276116061,3,6,5,0.004,True,1.42,0.0
RetailRocket-event,3,9,transaction,addtocart,0.024850445489,adaptive,3.589519,0.0276116061,3,6,6,0.006,3.589519,0.0276116061,3,6,4,0.004,True,1.56,0.0
RetailRocket-event,3,9,transaction,addtocart,0.026231025794,adaptive,3.589519,0.0276116061,3,6,6,0.006,3.589519,0.0276116061,3,6,4,0.005,True,1.25,0.0
RetailRocket-event,3,9,transaction,addtocart,0.027335490038,adaptive,3.589519,0.0276116061,3,6,6,0.006,3.589519,0.0276116061,3,6,4,0.004,True,1.6,0.0
RetailRocket-event,3,9,transaction,addtocart,0.027611606099,adaptive,3.589519,0.0276116061,3,6,6,0.006,,,2,6,3,0.003,False,1.88,
RetailRocket-event,3,9,transaction,addtocart,0.030372766709,adaptive,3.589519,0.0276116061,3,6,6,0.006,,,2,6,3,0.004,False,1.73,
RetailRocket-event,3,9,view,transaction,0.0001,fixed,4.689428,0.0091919426,3,6,6,0.014,4.689428,0.0091919426,3,6,6,0.005,True,2.5,0.0
RetailRocket-event,3,9,view,transaction,0.001,fixed,4.689428,0.0091919426,3,6,6,0.014,4.689428,0.0091919426,3,6,6,0.005,True,2.7,0.0
RetailRocket-event,3,9,view,transaction,0.01,fixed,4.689428,0.0091919426,3,6,6,0.014,,,2,6,3,0.004,False,3.55,
RetailRocket-event,3,9,view,transaction,0.1,fixed,4.689428,0.0091919426,3,6,6,0.014,,,1,3,1,0.003,False,5.4,
RetailRocket-event,3,9,view,transaction,0.5,fixed,4.689428,0.0091919426,3,6,6,0.014,,,1,3,1,0.002,False,6.14,
RetailRocket-event,3,9,view,transaction,0.000919194265,adaptive,4.689428,0.0091919426,3,6,6,0.014,4.689428,0.0091919426,3,6,6,0.005,True,2.81,0.0
RetailRocket-event,3,9,view,transaction,0.002757582795,adaptive,4.689428,0.0091919426,3,6,6,0.014,4.689428,0.0091919426,3,6,6,0.005,True,2.65,0.0
RetailRocket-event,3,9,view,transaction,0.004595971325,adaptive,4.689428,0.0091919426,3,6,6,0.014,4.689428,0.0091919426,3,6,5,0.004,True,3.14,0.0
RetailRocket-event,3,9,view,transaction,0.006434359855,adaptive,4.689428,0.0091919426,3,6,6,0.014,4.689428,0.0091919426,3,6,5,0.004,True,3.55,0.0
RetailRocket-event,3,9,view,transaction,0.008272748385,adaptive,4.689428,0.0091919426,3,6,6,0.014,4.689428,0.0091919426,3,6,5,0.004,True,3.14,0.0
RetailRocket-event,3,9,view,transaction,0.008732345517,adaptive,4.689428,0.0091919426,3,6,6,0.014,4.689428,0.0091919426,3,6,4,0.004,True,3.14,0.0
RetailRocket-event,3,9,view,transaction,0.009100023223,adaptive,4.689428,0.0091919426,3,6,6,0.014,4.689428,0.0091919426,3,6,4,0.004,True,3.46,0.0
RetailRocket-event,3,9,view,transaction,0.00919194265,adaptive,4.689428,0.0091919426,3,6,6,0.014,,,2,6,3,0.003,False,3.86,
RetailRocket-event,3,9,view,transaction,0.010111136915,adaptive,4.689428,0.0091919426,3,6,6,0.014,,,2,6,3,0.004,False,3.75,
RetailRocket-event,3,9,transaction,view,0.0001,fixed,0.387954,0.6784437045,2,3,3,0.004,0.387954,0.6784437045,2,3,3,0.003,True,1.12,0.0
RetailRocket-event,3,9,transaction,view,0.001,fixed,0.387954,0.6784437045,2,3,3,0.004,0.387954,0.6784437045,2,3,3,0.003,True,1.12,0.0
RetailRocket-event,3,9,transaction,view,0.01,fixed,0.387954,0.6784437045,2,3,3,0.004,0.387954,0.6784437045,2,3,3,0.003,True,1.09,0.0
RetailRocket-event,3,9,transaction,view,0.1,fixed,0.387954,0.6784437045,2,3,3,0.004,0.387954,0.6784437045,2,3,2,0.003,True,1.32,0.0
RetailRocket-event,3,9,transaction,view,0.5,fixed,0.387954,0.6784437045,2,3,3,0.004,0.387954,0.6784437045,2,3,1,0.003,True,1.42,0.0
RetailRocket-event,3,9,transaction,view,0.067844370453,adaptive,0.387954,0.6784437045,2,3,3,0.004,0.387954,0.6784437045,2,3,2,0.003,True,1.16,0.0
RetailRocket-event,3,9,transaction,view,0.203533111358,adaptive,0.387954,0.6784437045,2,3,3,0.004,0.387954,0.6784437045,2,3,2,0.003,True,1.32,0.0
RetailRocket-event,3,9,transaction,view,0.339221852263,adaptive,0.387954,0.6784437045,2,3,3,0.004,0.387954,0.6784437045,2,3,1,0.003,True,1.42,0.0
RetailRocket-event,3,9,transaction,view,0.474910593168,adaptive,0.387954,0.6784437045,2,3,3,0.004,0.387954,0.6784437045,2,3,1,0.003,True,1.42,0.0
RetailRocket-event,3,9,transaction,view,0.610599334073,adaptive,0.387954,0.6784437045,2,3,3,0.004,0.387954,0.6784437045,2,3,1,0.003,True,1.42,0.0
RetailRocket-event,3,9,transaction,view,0.6445215193,adaptive,0.387954,0.6784437045,2,3,3,0.004,0.387954,0.6784437045,2,3,1,0.003,True,1.37,0.0
RetailRocket-event,3,9,transaction,view,0.671659267481,adaptive,0.387954,0.6784437045,2,3,3,0.004,0.387954,0.6784437045,2,3,1,0.002,True,1.48,0.0
RetailRocket-event,3,9,transaction,view,0.678443704526,adaptive,0.387954,0.6784437045,2,3,3,0.004,,,1,3,0,0.002,False,1.76,
RetailRocket-event,3,9,transaction,view,0.746288074978,adaptive,0.387954,0.6784437045,2,3,3,0.004,,,1,3,0,0.002,False,1.54,
RetailRocket-event,3,9,transaction,view,0.0001,fixed,0.387954,0.6784437045,2,3,3,0.003,0.387954,0.6784437045,2,3,3,0.003,True,1.0,0.0
RetailRocket-event,3,9,transaction,view,0.001,fixed,0.387954,0.6784437045,2,3,3,0.003,0.387954,0.6784437045,2,3,3,0.004,True,0.7,0.0
RetailRocket-event,3,9,transaction,view,0.01,fixed,0.387954,0.6784437045,2,3,3,0.003,0.387954,0.6784437045,2,3,3,0.003,True,0.97,0.0
RetailRocket-event,3,9,transaction,view,0.1,fixed,0.387954,0.6784437045,2,3,3,0.003,0.387954,0.6784437045,2,3,2,0.003,True,1.07,0.0
RetailRocket-event,3,9,transaction,view,0.5,fixed,0.387954,0.6784437045,2,3,3,0.003,0.387954,0.6784437045,2,3,1,0.003,True,1.15,0.0
RetailRocket-event,3,9,transaction,view,0.067844370453,adaptive,0.387954,0.6784437045,2,3,3,0.003,0.387954,0.6784437045,2,3,2,0.01,True,0.3,0.0
RetailRocket-event,3,9,transaction,view,0.203533111358,adaptive,0.387954,0.6784437045,2,3,3,0.003,0.387954,0.6784437045,2,3,2,0.003,True,0.89,0.0
RetailRocket-event,3,9,transaction,view,0.339221852263,adaptive,0.387954,0.6784437045,2,3,3,0.003,0.387954,0.6784437045,2,3,1,0.003,True,1.15,0.0
RetailRocket-event,3,9,transaction,view,0.474910593168,adaptive,0.387954,0.6784437045,2,3,3,0.003,0.387954,0.6784437045,2,3,1,0.003,True,1.07,0.0
RetailRocket-event,3,9,transaction,view,0.610599334073,adaptive,0.387954,0.6784437045,2,3,3,0.003,0.387954,0.6784437045,2,3,1,0.003,True,1.19,0.0
RetailRocket-event,3,9,transaction,view,0.6445215193,adaptive,0.387954,0.6784437045,2,3,3,0.003,0.387954,0.6784437045,2,3,1,0.003,True,1.19,0.0
RetailRocket-event,3,9,transaction,view,0.671659267481,adaptive,0.387954,0.6784437045,2,3,3,0.003,0.387954,0.6784437045,2,3,1,0.003,True,1.15,0.0
RetailRocket-event,3,9,transaction,view,0.678443704526,adaptive,0.387954,0.6784437045,2,3,3,0.003,,,1,3,0,0.002,False,1.41,
RetailRocket-event,3,9,transaction,view,0.746288074978,adaptive,0.387954,0.6784437045,2,3,3,0.003,,,1,3,0,0.002,False,1.41,
RetailRocket-event,3,9,addtocart,view,0.0001,fixed,0.57058,0.5651977360,2,3,3,0.004,0.57058,0.5651977360,2,3,3,0.003,True,1.18,0.0
RetailRocket-event,3,9,addtocart,view,0.001,fixed,0.57058,0.5651977360,2,3,3,0.004,0.57058,0.5651977360,2,3,3,0.003,True,1.18,0.0
RetailRocket-event,3,9,addtocart,view,0.01,fixed,0.57058,0.5651977360,2,3,3,0.004,0.57058,0.5651977360,2,3,3,0.003,True,1.22,0.0
RetailRocket-event,3,9,addtocart,view,0.1,fixed,0.57058,0.5651977360,2,3,3,0.004,0.57058,0.5651977360,2,3,3,0.004,True,1.03,0.0
RetailRocket-event,3,9,addtocart,view,0.5,fixed,0.57058,0.5651977360,2,3,3,0.004,0.57058,0.5651977360,2,3,1,0.003,True,1.5,0.0
RetailRocket-event,3,9,addtocart,view,0.056519773603,adaptive,0.57058,0.5651977360,2,3,3,0.004,0.57058,0.5651977360,2,3,3,0.004,True,1.11,0.0
RetailRocket-event,3,9,addtocart,view,0.169559320808,adaptive,0.57058,0.5651977360,2,3,3,0.004,0.57058,0.5651977360,2,3,3,0.003,True,1.22,0.0
RetailRocket-event,3,9,addtocart,view,0.282598868013,adaptive,0.57058,0.5651977360,2,3,3,0.004,0.57058,0.5651977360,2,3,1,0.003,True,1.44,0.0
RetailRocket-event,3,9,addtocart,view,0.395638415219,adaptive,0.57058,0.5651977360,2,3,3,0.004,0.57058,0.5651977360,2,3,1,0.003,True,1.5,0.0
RetailRocket-event,3,9,addtocart,view,0.508677962424,adaptive,0.57058,0.5651977360,2,3,3,0.004,0.57058,0.5651977360,2,3,1,0.003,True,1.5,0.0
RetailRocket-event,3,9,addtocart,view,0.536937849225,adaptive,0.57058,0.5651977360,2,3,3,0.004,0.57058,0.5651977360,2,3,1,0.003,True,1.44,0.0
RetailRocket-event,3,9,addtocart,view,0.559545758666,adaptive,0.57058,0.5651977360,2,3,3,0.004,0.57058,0.5651977360,2,3,1,0.003,True,1.5,0.0
RetailRocket-event,3,9,addtocart,view,0.565197736026,adaptive,0.57058,0.5651977360,2,3,3,0.004,0.57058,0.5651977360,2,3,1,0.002,True,1.56,0.0
RetailRocket-event,3,9,addtocart,view,0.621717509629,adaptive,0.57058,0.5651977360,2,3,3,0.004,,,1,3,0,0.002,False,1.86,
RetailRocket-event,3,9,addtocart,transaction,0.0001,fixed,1.487863,0.2258548670,3,6,6,0.005,1.487863,0.2258548670,3,6,6,0.005,True,1.11,0.0
RetailRocket-event,3,9,addtocart,transaction,0.001,fixed,1.487863,0.2258548670,3,6,6,0.005,1.487863,0.2258548670,3,6,6,0.004,True,1.13,0.0
RetailRocket-event,3,9,addtocart,transaction,0.01,fixed,1.487863,0.2258548670,3,6,6,0.005,1.487863,0.2258548670,3,6,5,0.004,True,1.19,0.0
RetailRocket-event,3,9,addtocart,transaction,0.1,fixed,1.487863,0.2258548670,3,6,6,0.005,1.487863,0.2258548670,3,6,4,0.004,True,1.24,0.0
RetailRocket-event,3,9,addtocart,transaction,0.5,fixed,1.487863,0.2258548670,3,6,6,0.005,,,2,6,2,0.004,False,1.42,
RetailRocket-event,3,9,addtocart,transaction,0.0225854867,adaptive,1.487863,0.2258548670,3,6,6,0.005,1.487863,0.2258548670,3,6,5,0.004,True,1.16,0.0
RetailRocket-event,3,9,addtocart,transaction,0.0677564601,adaptive,1.487863,0.2258548670,3,6,6,0.005,1.487863,0.2258548670,3,6,4,0.004,True,1.24,0.0
RetailRocket-event,3,9,addtocart,transaction,0.1129274335,adaptive,1.487863,0.2258548670,3,6,6,0.005,1.487863,0.2258548670,3,6,4,0.004,True,1.21,0.0
RetailRocket-event,3,9,addtocart,transaction,0.1580984069,adaptive,1.487863,0.2258548670,3,6,6,0.005,1.487863,0.2258548670,3,6,4,0.004,True,1.21,0.0
RetailRocket-event,3,9,addtocart,transaction,0.203269380301,adaptive,1.487863,0.2258548670,3,6,6,0.005,1.487863,0.2258548670,3,6,4,0.017,True,0.31,0.0
RetailRocket-event,3,9,addtocart,transaction,0.214562123651,adaptive,1.487863,0.2258548670,3,6,6,0.005,1.487863,0.2258548670,3,6,3,0.004,True,1.31,0.0
RetailRocket-event,3,9,addtocart,transaction,0.223596318331,adaptive,1.487863,0.2258548670,3,6,6,0.005,1.487863,0.2258548670,3,6,3,0.017,True,0.31,0.0
RetailRocket-event,3,9,addtocart,transaction,0.225854867001,adaptive,1.487863,0.2258548670,3,6,6,0.005,,,2,6,2,0.004,False,1.34,
RetailRocket-event,3,9,addtocart,transaction,0.248440353701,adaptive,1.487863,0.2258548670,3,6,6,0.005,,,2,6,2,0.004,False,1.38,
RetailRocket-event,3,9,addtocart,view,0.0001,fixed,0.57058,0.5651977360,2,3,3,0.004,0.57058,0.5651977360,2,3,3,0.003,True,1.17,0.0
RetailRocket-event,3,9,addtocart,view,0.001,fixed,0.57058,0.5651977360,2,3,3,0.004,0.57058,0.5651977360,2,3,3,0.003,True,1.06,0.0
RetailRocket-event,3,9,addtocart,view,0.01,fixed,0.57058,0.5651977360,2,3,3,0.004,0.57058,0.5651977360,2,3,3,0.003,True,1.09,0.0
RetailRocket-event,3,9,addtocart,view,0.1,fixed,0.57058,0.5651977360,2,3,3,0.004,0.57058,0.5651977360,2,3,3,0.003,True,1.13,0.0
RetailRocket-event,3,9,addtocart,view,0.5,fixed,0.57058,0.5651977360,2,3,3,0.004,0.57058,0.5651977360,2,3,1,0.002,True,1.4,0.0
RetailRocket-event,3,9,addtocart,view,0.056519773603,adaptive,0.57058,0.5651977360,2,3,3,0.004,0.57058,0.5651977360,2,3,3,0.003,True,1.03,0.0
RetailRocket-event,3,9,addtocart,view,0.169559320808,adaptive,0.57058,0.5651977360,2,3,3,0.004,0.57058,0.5651977360,2,3,3,0.003,True,1.06,0.0
RetailRocket-event,3,9,addtocart,view,0.282598868013,adaptive,0.57058,0.5651977360,2,3,3,0.004,0.57058,0.5651977360,2,3,1,0.003,True,1.25,0.0
RetailRocket-event,3,9,addtocart,view,0.395638415219,adaptive,0.57058,0.5651977360,2,3,3,0.004,0.57058,0.5651977360,2,3,1,0.002,True,1.4,0.0
RetailRocket-event,3,9,addtocart,view,0.508677962424,adaptive,0.57058,0.5651977360,2,3,3,0.004,0.57058,0.5651977360,2,3,1,0.003,True,1.3,0.0
RetailRocket-event,3,9,addtocart,view,0.536937849225,adaptive,0.57058,0.5651977360,2,3,3,0.004,0.57058,0.5651977360,2,3,1,0.003,True,1.35,0.0
RetailRocket-event,3,9,addtocart,view,0.559545758666,adaptive,0.57058,0.5651977360,2,3,3,0.004,0.57058,0.5651977360,2,3,1,0.003,True,1.35,0.0
RetailRocket-event,3,9,addtocart,view,0.565197736026,adaptive,0.57058,0.5651977360,2,3,3,0.004,0.57058,0.5651977360,2,3,1,0.002,True,1.46,0.0
RetailRocket-event,3,9,addtocart,view,0.621717509629,adaptive,0.57058,0.5651977360,2,3,3,0.004,,,1,3,0,0.002,False,1.67,
RetailRocket-event,3,9,view,transaction,0.0001,fixed,4.689428,0.0091919426,3,6,6,0.005,4.689428,0.0091919426,3,6,6,0.005,True,1.04,0.0
RetailRocket-event,3,9,view,transaction,0.001,fixed,4.689428,0.0091919426,3,6,6,0.005,4.689428,0.0091919426,3,6,6,0.005,True,1.04,0.0
RetailRocket-event,3,9,view,transaction,0.01,fixed,4.689428,0.0091919426,3,6,6,0.005,,,2,6,3,0.004,False,1.46,
RetailRocket-event,3,9,view,transaction,0.1,fixed,4.689428,0.0091919426,3,6,6,0.005,,,1,3,1,0.002,False,2.13,
RetailRocket-event,3,9,view,transaction,0.5,fixed,4.689428,0.0091919426,3,6,6,0.005,,,1,3,1,0.002,False,2.22,
RetailRocket-event,3,9,view,transaction,0.000919194265,adaptive,4.689428,0.0091919426,3,6,6,0.005,4.689428,0.0091919426,3,6,6,0.005,True,1.02,0.0
RetailRocket-event,3,9,view,transaction,0.002757582795,adaptive,4.689428,0.0091919426,3,6,6,0.005,4.689428,0.0091919426,3,6,6,0.005,True,1.06,0.0
RetailRocket-event,3,9,view,transaction,0.004595971325,adaptive,4.689428,0.0091919426,3,6,6,0.005,4.689428,0.0091919426,3,6,5,0.004,True,1.21,0.0
RetailRocket-event,3,9,view,transaction,0.006434359855,adaptive,4.689428,0.0091919426,3,6,6,0.005,4.689428,0.0091919426,3,6,5,0.004,True,1.24,0.0
RetailRocket-event,3,9,view,transaction,0.008272748385,adaptive,4.689428,0.0091919426,3,6,6,0.005,4.689428,0.0091919426,3,6,5,0.004,True,1.28,0.0
RetailRocket-event,3,9,view,transaction,0.008732345517,adaptive,4.689428,0.0091919426,3,6,6,0.005,4.689428,0.0091919426,3,6,4,0.004,True,1.34,0.0
RetailRocket-event,3,9,view,transaction,0.009100023223,adaptive,4.689428,0.0091919426,3,6,6,0.005,4.689428,0.0091919426,3,6,4,0.004,True,1.38,0.0
RetailRocket-event,3,9,view,transaction,0.00919194265,adaptive,4.689428,0.0091919426,3,6,6,0.005,,,2,6,3,0.003,False,1.5,
RetailRocket-event,3,9,view,transaction,0.010111136915,adaptive,4.689428,0.0091919426,3,6,6,0.005,,,2,6,3,0.003,False,1.5,
RetailRocket-event,3,9,addtocart,view,0.0001,fixed,0.57058,0.5651977360,2,3,3,0.003,0.57058,0.5651977360,2,3,3,0.003,True,1.1,0.0
RetailRocket-event,3,9,addtocart,view,0.001,fixed,0.57058,0.5651977360,2,3,3,0.003,0.57058,0.5651977360,2,3,3,0.003,True,0.97,0.0
RetailRocket-event,3,9,addtocart,view,0.01,fixed,0.57058,0.5651977360,2,3,3,0.003,0.57058,0.5651977360,2,3,3,0.003,True,1.06,0.0
RetailRocket-event,3,9,addtocart,view,0.1,fixed,0.57058,0.5651977360,2,3,3,0.003,0.57058,0.5651977360,2,3,3,0.004,True,0.94,0.0
RetailRocket-event,3,9,addtocart,view,0.5,fixed,0.57058,0.5651977360,2,3,3,0.003,0.57058,0.5651977360,2,3,1,0.003,True,1.26,0.0
RetailRocket-event,3,9,addtocart,view,0.056519773603,adaptive,0.57058,0.5651977360,2,3,3,0.003,0.57058,0.5651977360,2,3,3,0.003,True,1.03,0.0
RetailRocket-event,3,9,addtocart,view,0.169559320808,adaptive,0.57058,0.5651977360,2,3,3,0.003,0.57058,0.5651977360,2,3,3,0.003,True,1.13,0.0
RetailRocket-event,3,9,addtocart,view,0.282598868013,adaptive,0.57058,0.5651977360,2,3,3,0.003,0.57058,0.5651977360,2,3,1,0.003,True,1.26,0.0
RetailRocket-event,3,9,addtocart,view,0.395638415219,adaptive,0.57058,0.5651977360,2,3,3,0.003,0.57058,0.5651977360,2,3,1,0.003,True,1.26,0.0
RetailRocket-event,3,9,addtocart,view,0.508677962424,adaptive,0.57058,0.5651977360,2,3,3,0.003,0.57058,0.5651977360,2,3,1,0.002,True,1.36,0.0
RetailRocket-event,3,9,addtocart,view,0.536937849225,adaptive,0.57058,0.5651977360,2,3,3,0.003,0.57058,0.5651977360,2,3,1,0.003,True,1.31,0.0
RetailRocket-event,3,9,addtocart,view,0.559545758666,adaptive,0.57058,0.5651977360,2,3,3,0.003,0.57058,0.5651977360,2,3,1,0.003,True,1.31,0.0
RetailRocket-event,3,9,addtocart,view,0.565197736026,adaptive,0.57058,0.5651977360,2,3,3,0.003,0.57058,0.5651977360,2,3,1,0.002,True,1.36,0.0
RetailRocket-event,3,9,addtocart,view,0.621717509629,adaptive,0.57058,0.5651977360,2,3,3,0.003,,,1,3,0,0.002,False,1.55,
RetailRocket-event,3,9,view,addtocart,0.0001,fixed,3.201565,0.0406984484,2,3,3,0.003,3.201565,0.0406984484,2,3,3,0.003,True,1.06,0.0
RetailRocket-event,3,9,view,addtocart,0.001,fixed,3.201565,0.0406984484,2,3,3,0.003,3.201565,0.0406984484,2,3,3,0.003,True,1.0,0.0
RetailRocket-event,3,9,view,addtocart,0.01,fixed,3.201565,0.0406984484,2,3,3,0.003,3.201565,0.0406984484,2,3,2,0.003,True,1.18,0.0
RetailRocket-event,3,9,view,addtocart,0.1,fixed,3.201565,0.0406984484,2,3,3,0.003,,,1,3,1,0.002,False,1.38,
RetailRocket-event,3,9,view,addtocart,0.5,fixed,3.201565,0.0406984484,2,3,3,0.003,,,1,3,1,0.002,False,1.32,
RetailRocket-event,3,9,view,addtocart,0.00406984484,adaptive,3.201565,0.0406984484,2,3,3,0.003,3.201565,0.0406984484,2,3,2,0.003,True,1.18,0.0
RetailRocket-event,3,9,view,addtocart,0.012209534519,adaptive,3.201565,0.0406984484,2,3,3,0.003,3.201565,0.0406984484,2,3,2,0.003,True,1.22,0.0
RetailRocket-event,3,9,view,addtocart,0.020349224199,adaptive,3.201565,0.0406984484,2,3,3,0.003,3.201565,0.0406984484,2,3,2,0.003,True,1.27,0.0
RetailRocket-event,3,9,view,addtocart,0.028488913878,adaptive,3.201565,0.0406984484,2,3,3,0.003,3.201565,0.0406984484,2,3,2,0.003,True,1.22,0.0
RetailRocket-event,3,9,view,addtocart,0.036628603557,adaptive,3.201565,0.0406984484,2,3,3,0.003,3.201565,0.0406984484,2,3,2,0.003,True,1.22,0.0
RetailRocket-event,3,9,view,addtocart,0.038663525977,adaptive,3.201565,0.0406984484,2,3,3,0.003,3.201565,0.0406984484,2,3,2,0.003,True,1.27,0.0
RetailRocket-event,3,9,view,addtocart,0.040291463913,adaptive,3.201565,0.0406984484,2,3,3,0.003,3.201565,0.0406984484,2,3,2,0.003,True,1.22,0.0
RetailRocket-event,3,9,view,addtocart,0.040698448397,adaptive,3.201565,0.0406984484,2,3,3,0.003,3.201565,0.0406984484,2,3,2,0.003,True,1.22,0.0
RetailRocket-event,3,9,view,addtocart,0.044768293237,adaptive,3.201565,0.0406984484,2,3,3,0.003,,,1,3,1,0.002,False,1.43,
RetailRocket-event,3,9,addtocart,view,0.0001,fixed,0.57058,0.5651977360,2,3,3,0.003,0.57058,0.5651977360,2,3,3,0.003,True,1.0,0.0
RetailRocket-event,3,9,addtocart,view,0.001,fixed,0.57058,0.5651977360,2,3,3,0.003,0.57058,0.5651977360,2,3,3,0.003,True,0.91,0.0
RetailRocket-event,3,9,addtocart,view,0.01,fixed,0.57058,0.5651977360,2,3,3,0.003,0.57058,0.5651977360,2,3,3,0.003,True,0.94,0.0
RetailRocket-event,3,9,addtocart,view,0.1,fixed,0.57058,0.5651977360,2,3,3,0.003,0.57058,0.5651977360,2,3,3,0.003,True,0.97,0.0
RetailRocket-event,3,9,addtocart,view,0.5,fixed,0.57058,0.5651977360,2,3,3,0.003,0.57058,0.5651977360,2,3,1,0.003,True,1.15,0.0
RetailRocket-event,3,9,addtocart,view,0.056519773603,adaptive,0.57058,0.5651977360,2,3,3,0.003,0.57058,0.5651977360,2,3,3,0.004,True,0.86,0.0
RetailRocket-event,3,9,addtocart,view,0.169559320808,adaptive,0.57058,0.5651977360,2,3,3,0.003,0.57058,0.5651977360,2,3,3,0.003,True,0.97,0.0
RetailRocket-event,3,9,addtocart,view,0.282598868013,adaptive,0.57058,0.5651977360,2,3,3,0.003,0.57058,0.5651977360,2,3,1,0.003,True,1.15,0.0
RetailRocket-event,3,9,addtocart,view,0.395638415219,adaptive,0.57058,0.5651977360,2,3,3,0.003,0.57058,0.5651977360,2,3,1,0.003,True,1.19,0.0
RetailRocket-event,3,9,addtocart,view,0.508677962424,adaptive,0.57058,0.5651977360,2,3,3,0.003,0.57058,0.5651977360,2,3,1,0.004,True,0.7,0.0
RetailRocket-event,3,9,addtocart,view,0.536937849225,adaptive,0.57058,0.5651977360,2,3,3,0.003,0.57058,0.5651977360,2,3,1,0.005,True,0.57,0.0
RetailRocket-event,3,9,addtocart,view,0.559545758666,adaptive,0.57058,0.5651977360,2,3,3,0.003,0.57058,0.5651977360,2,3,1,0.004,True,0.7,0.0
RetailRocket-event,3,9,addtocart,view,0.565197736026,adaptive,0.57058,0.5651977360,2,3,3,0.003,0.57058,0.5651977360,2,3,1,0.004,True,0.72,0.0
RetailRocket-event,3,9,addtocart,view,0.621717509629,adaptive,0.57058,0.5651977360,2,3,3,0.003,,,1,3,0,0.02,False,0.16,
RetailRocket-event,3,9,transaction,addtocart,0.0001,fixed,3.589519,0.0276116061,3,6,6,0.014,3.589519,0.0276116061,3,6,6,0.009,True,1.64,0.0
RetailRocket-event,3,9,transaction,addtocart,0.001,fixed,3.589519,0.0276116061,3,6,6,0.014,3.589519,0.0276116061,3,6,6,0.007,True,1.96,0.0
RetailRocket-event,3,9,transaction,addtocart,0.01,fixed,3.589519,0.0276116061,3,6,6,0.014,3.589519,0.0276116061,3,6,5,0.006,True,2.44,0.0
RetailRocket-event,3,9,transaction,addtocart,0.1,fixed,3.589519,0.0276116061,3,6,6,0.014,,,2,6,3,0.005,False,2.78,
RetailRocket-event,3,9,transaction,addtocart,0.5,fixed,3.589519,0.0276116061,3,6,6,0.014,,,2,6,2,0.004,False,3.23,
RetailRocket-event,3,9,transaction,addtocart,0.00276116061,adaptive,3.589519,0.0276116061,3,6,6,0.014,3.589519,0.0276116061,3,6,5,0.006,True,2.17,0.0
RetailRocket-event,3,9,transaction,addtocart,0.00828348183,adaptive,3.589519,0.0276116061,3,6,6,0.014,3.589519,0.0276116061,3,6,5,0.006,True,2.53,0.0
RetailRocket-event,3,9,transaction,addtocart,0.013805803049,adaptive,3.589519,0.0276116061,3,6,6,0.014,3.589519,0.0276116061,3,6,5,0.006,True,2.36,0.0
RetailRocket-event,3,9,transaction,addtocart,0.019328124269,adaptive,3.589519,0.0276116061,3,6,6,0.014,3.589519,0.0276116061,3,6,5,0.005,True,2.84,0.0
RetailRocket-event,3,9,transaction,addtocart,0.024850445489,adaptive,3.589519,0.0276116061,3,6,6,0.014,3.589519,0.0276116061,3,6,4,0.005,True,2.62,0.0
RetailRocket-event,3,9,transaction,addtocart,0.026231025794,adaptive,3.589519,0.0276116061,3,6,6,0.014,3.589519,0.0276116061,3,6,4,0.005,True,2.9,0.0
RetailRocket-event,3,9,transaction,addtocart,0.027335490038,adaptive,3.589519,0.0276116061,3,6,6,0.014,3.589519,0.0276116061,3,6,4,0.005,True,2.96,0.0
RetailRocket-event,3,9,transaction,addtocart,0.027611606099,adaptive,3.589519,0.0276116061,3,6,6,0.014,,,2,6,3,0.004,False,3.48,
RetailRocket-event,3,9,transaction,addtocart,0.030372766709,adaptive,3.589519,0.0276116061,3,6,6,0.014,,,2,6,3,0.004,False,3.16,
RetailRocket-event,3,9,view,transaction,0.0001,fixed,4.689428,0.0091919426,3,6,6,0.007,4.689428,0.0091919426,3,6,6,0.006,True,1.15,0.0
RetailRocket-event,3,9,view,transaction,0.001,fixed,4.689428,0.0091919426,3,6,6,0.007,4.689428,0.0091919426,3,6,6,0.006,True,1.25,0.0
RetailRocket-event,3,9,view,transaction,0.01,fixed,4.689428,0.0091919426,3,6,6,0.007,,,2,6,3,0.004,False,1.61,
RetailRocket-event,3,9,view,transaction,0.1,fixed,4.689428,0.0091919426,3,6,6,0.007,,,1,3,1,0.003,False,2.45,
RetailRocket-event,3,9,view,transaction,0.5,fixed,4.689428,0.0091919426,3,6,6,0.007,,,1,3,1,0.003,False,2.45,
RetailRocket-event,3,9,view,transaction,0.000919194265,adaptive,4.689428,0.0091919426,3,6,6,0.007,4.689428,0.0091919426,3,6,6,0.006,True,1.11,0.0
RetailRocket-event,3,9,view,transaction,0.002757582795,adaptive,4.689428,0.0091919426,3,6,6,0.007,4.689428,0.0091919426,3,6,6,0.005,True,1.31,0.0
RetailRocket-event,3,9,view,transaction,0.004595971325,adaptive,4.689428,0.0091919426,3,6,6,0.007,4.689428,0.0091919426,3,6,5,0.005,True,1.34,0.0
RetailRocket-event,3,9,view,transaction,0.006434359855,adaptive,4.689428,0.0091919426,3,6,6,0.007,4.689428,0.0091919426,3,6,5,0.005,True,1.45,0.0
RetailRocket-event,3,9,view,transaction,0.008272748385,adaptive,4.689428,0.0091919426,3,6,6,0.007,4.689428,0.0091919426,3,6,5,0.006,True,1.25,0.0
RetailRocket-event,3,9,view,transaction,0.008732345517,adaptive,4.689428,0.0091919426,3,6,6,0.007,4.689428,0.0091919426,3,6,4,0.005,True,1.42,0.0
RetailRocket-event,3,9,view,transaction,0.009100023223,adaptive,4.689428,0.0091919426,3,6,6,0.007,4.689428,0.0091919426,3,6,4,0.005,True,1.34,0.0
RetailRocket-event,3,9,view,transaction,0.00919194265,adaptive,4.689428,0.0091919426,3,6,6,0.007,,,2,6,3,0.004,False,1.69,
RetailRocket-event,3,9,view,transaction,0.010111136915,adaptive,4.689428,0.0091919426,3,6,6,0.007,,,2,6,3,0.004,False,1.73,
RetailRocket-event,3,9,addtocart,transaction,0.0001,fixed,1.487863,0.2258548670,3,6,6,0.006,1.487863,0.2258548670,3,6,6,0.005,True,1.07,0.0
RetailRocket-event,3,9,addtocart,transaction,0.001,fixed,1.487863,0.2258548670,3,6,6,0.006,1.487863,0.2258548670,3,6,6,0.005,True,1.09,0.0
RetailRocket-event,3,9,addtocart,transaction,0.01,fixed,1.487863,0.2258548670,3,6,6,0.006,1.487863,0.2258548670,3,6,5,0.005,True,1.12,0.0
RetailRocket-event,3,9,addtocart,transaction,0.1,fixed,1.487863,0.2258548670,3,6,6,0.006,1.487863,0.2258548670,3,6,4,0.005,True,1.21,0.0
RetailRocket-event,3,9,addtocart,transaction,0.5,fixed,1.487863,0.2258548670,3,6,6,0.006,,,2,6,2,0.004,False,1.45,
RetailRocket-event,3,9,addtocart,transaction,0.0225854867,adaptive,1.487863,0.2258548670,3,6,6,0.006,1.487863,0.2258548670,3,6,5,0.005,True,1.07,0.0
RetailRocket-event,3,9,addtocart,transaction,0.0677564601,adaptive,1.487863,0.2258548670,3,6,6,0.006,1.487863,0.2258548670,3,6,4,0.005,True,1.18,0.0
RetailRocket-event,3,9,addtocart,transaction,0.1129274335,adaptive,1.487863,0.2258548670,3,6,6,0.006,1.487863,0.2258548670,3,6,4,0.005,True,1.21,0.0
RetailRocket-event,3,9,addtocart,transaction,0.1580984069,adaptive,1.487863,0.2258548670,3,6,6,0.006,1.487863,0.2258548670,3,6,4,0.005,True,1.29,0.0
RetailRocket-event,3,9,addtocart,transaction,0.203269380301,adaptive,1.487863,0.2258548670,3,6,6,0.006,1.487863,0.2258548670,3,6,4,0.005,True,1.21,0.0
RetailRocket-event,3,9,addtocart,transaction,0.214562123651,adaptive,1.487863,0.2258548670,3,6,6,0.006,1.487863,0.2258548670,3,6,3,0.004,True,1.29,0.0
RetailRocket-event,3,9,addtocart,transaction,0.223596318331,adaptive,1.487863,0.2258548670,3,6,6,0.006,1.487863,0.2258548670,3,6,3,0.005,True,1.26,0.0
RetailRocket-event,3,9,addtocart,transaction,0.225854867001,adaptive,1.487863,0.2258548670,3,6,6,0.006,,,2,6,2,0.004,False,1.53,
RetailRocket-event,3,9,addtocart,transaction,0.248440353701,adaptive,1.487863,0.2258548670,3,6,6,0.006,,,2,6,2,0.005,False,1.29,
RetailRocket-event,3,9,view,addtocart,0.0001,fixed,3.201565,0.0406984484,2,3,3,0.004,3.201565,0.0406984484,2,3,3,0.004,True,1.0,0.0
RetailRocket-event,3,9,view,addtocart,0.001,fixed,3.201565,0.0406984484,2,3,3,0.004,3.201565,0.0406984484,2,3,3,0.004,True,1.03,0.0
RetailRocket-event,3,9,view,addtocart,0.01,fixed,3.201565,0.0406984484,2,3,3,0.004,3.201565,0.0406984484,2,3,2,0.003,True,1.18,0.0
RetailRocket-event,3,9,view,addtocart,0.1,fixed,3.201565,0.0406984484,2,3,3,0.004,,,1,3,1,0.003,False,1.33,
RetailRocket-event,3,9,view,addtocart,0.5,fixed,3.201565,0.0406984484,2,3,3,0.004,,,1,3,1,0.003,False,1.38,
RetailRocket-event,3,9,view,addtocart,0.00406984484,adaptive,3.201565,0.0406984484,2,3,3,0.004,3.201565,0.0406984484,2,3,2,0.004,True,1.11,0.0
RetailRocket-event,3,9,view,addtocart,0.012209534519,adaptive,3.201565,0.0406984484,2,3,3,0.004,3.201565,0.0406984484,2,3,2,0.004,True,0.93,0.0
RetailRocket-event,3,9,view,addtocart,0.020349224199,adaptive,3.201565,0.0406984484,2,3,3,0.004,3.201565,0.0406984484,2,3,2,0.003,True,1.21,0.0
RetailRocket-event,3,9,view,addtocart,0.028488913878,adaptive,3.201565,0.0406984484,2,3,3,0.004,3.201565,0.0406984484,2,3,2,0.004,True,1.14,0.0
RetailRocket-event,3,9,view,addtocart,0.036628603557,adaptive,3.201565,0.0406984484,2,3,3,0.004,3.201565,0.0406984484,2,3,2,0.003,True,1.25,0.0
RetailRocket-event,3,9,view,addtocart,0.038663525977,adaptive,3.201565,0.0406984484,2,3,3,0.004,3.201565,0.0406984484,2,3,2,0.004,True,1.08,0.0
RetailRocket-event,3,9,view,addtocart,0.040291463913,adaptive,3.201565,0.0406984484,2,3,3,0.004,3.201565,0.0406984484,2,3,2,0.003,True,1.54,0.0
RetailRocket-event,3,9,view,addtocart,0.040698448397,adaptive,3.201565,0.0406984484,2,3,3,0.004,3.201565,0.0406984484,2,3,2,0.003,True,1.54,0.0
RetailRocket-event,3,9,view,addtocart,0.044768293237,adaptive,3.201565,0.0406984484,2,3,3,0.004,,,1,3,1,0.002,False,1.74,
RetailRocket-item,44711,101528,29196,53489,0.0001,fixed,14.764601,0.0000003871,26171,80550,80550,122.01,,,1374,9289,1936,6.65,False,18.35,
RetailRocket-item,44711,101528,29196,53489,0.001,fixed,14.764601,0.0000003871,26171,80550,80550,122.01,,,183,1488,263,0.692,False,176.19,
RetailRocket-item,44711,101528,29196,53489,0.01,fixed,14.764601,0.0000003871,26171,80550,80550,122.01,,,4,233,5,0.051,False,2411.27,
RetailRocket-item,44711,101528,29196,53489,0.1,fixed,14.764601,0.0000003871,26171,80550,80550,122.01,,,1,92,1,0.017,False,7394.55,
RetailRocket-item,44711,101528,29196,53489,0.5,fixed,14.764601,0.0000003871,26171,80550,80550,122.01,,,1,92,0,0.015,False,8188.6,
RetailRocket-item,44711,101528,29196,53489,3.8709e-08,adaptive,14.764601,0.0000003871,26171,80550,80550,122.01,14.764601,0.0000003871,26171,80550,80381,113.143,True,1.08,0.0
RetailRocket-item,44711,101528,29196,53489,1.16128e-07,adaptive,14.764601,0.0000003871,26171,80550,80550,122.01,14.764601,0.0000003871,26171,80550,77960,120.95,True,1.01,0.0
RetailRocket-item,44711,101528,29196,53489,1.93546e-07,adaptive,14.764601,0.0000003871,26171,80550,80550,122.01,14.764601,0.0000003871,26171,80550,74338,118.624,True,1.03,0.0
RetailRocket-item,44711,101528,29196,53489,2.70965e-07,adaptive,14.764601,0.0000003871,26171,80550,80550,122.01,14.764601,0.0000003871,26171,80550,70109,120.724,True,1.01,0.0
RetailRocket-item,44711,101528,29196,53489,3.48384e-07,adaptive,14.764601,0.0000003871,26171,80550,80550,122.01,14.764601,0.0000003871,26171,80550,66523,129.88,True,0.94,0.0
RetailRocket-item,44711,101528,29196,53489,3.67738e-07,adaptive,14.764601,0.0000003871,26171,80550,80550,122.01,14.764601,0.0000003871,26171,80550,65626,104.054,True,1.17,0.0
RetailRocket-item,44711,101528,29196,53489,3.83222e-07,adaptive,14.764601,0.0000003871,26171,80550,80550,122.01,14.764601,0.0000003871,26171,80550,64946,105.291,True,1.16,0.0
RetailRocket-item,44711,101528,29196,53489,3.87093e-07,adaptive,14.764601,0.0000003871,26171,80550,80550,122.01,,,26155,80524,64712,122.963,False,0.99,
RetailRocket-item,44711,101528,29196,53489,4.25802e-07,adaptive,14.764601,0.0000003871,26171,80550,80550,122.01,,,25722,79805,63095,122.686,False,0.99,
RetailRocket-item,44711,101528,111530,231566,0.0001,fixed,19.669653,0.0000000029,33195,89862,89862,152.941,,,748,5205,1139,4.048,False,37.78,
RetailRocket-item,44711,101528,111530,231566,0.001,fixed,19.669653,0.0000000029,33195,89862,89862,152.941,,,126,1115,174,0.457,False,334.66,
RetailRocket-item,44711,101528,111530,231566,0.01,fixed,19.669653,0.0000000029,33195,89862,89862,152.941,,,4,76,6,0.02,False,7685.49,
RetailRocket-item,44711,101528,111530,231566,0.1,fixed,19.669653,0.0000000029,33195,89862,89862,152.941,,,2,57,2,0.011,False,14293.57,
RetailRocket-item,44711,101528,111530,231566,0.5,fixed,19.669653,0.0000000029,33195,89862,89862,152.941,,,1,49,1,0.008,False,18881.63,
RetailRocket-item,44711,101528,111530,231566,2.87e-10,adaptive,19.669653,0.0000000029,33195,89862,89862,152.941,19.669653,0.0000000029,33195,89862,89862,173.047,True,0.88,0.0
RetailRocket-item,44711,101528,111530,231566,8.6e-10,adaptive,19.669653,0.0000000029,33195,89862,89862,152.941,19.669653,0.0000000029,33195,89862,89844,140.296,True,1.09,0.0
RetailRocket-item,44711,101528,111530,231566,1.434e-09,adaptive,19.669653,0.0000000029,33195,89862,89862,152.941,19.669653,0.0000000029,33195,89862,89785,123.848,True,1.23,0.0
RetailRocket-item,44711,101528,111530,231566,2.008e-09,adaptive,19.669653,0.0000000029,33195,89862,89862,152.941,19.669653,0.0000000029,33195,89862,89739,146.22,True,1.05,0.0
RetailRocket-item,44711,101528,111530,231566,2.581e-09,adaptive,19.669653,0.0000000029,33195,89862,89862,152.941,19.669653,0.0000000029,33195,89862,89655,145.643,True,1.05,0.0
RetailRocket-item,44711,101528,111530,231566,2.725e-09,adaptive,19.669653,0.0000000029,33195,89862,89862,152.941,19.669653,0.0000000029,33195,89862,89644,131.023,True,1.17,0.0
RetailRocket-item,44711,101528,111530,231566,2.839e-09,adaptive,19.669653,0.0000000029,33195,89862,89862,152.941,19.669653,0.0000000029,33195,89862,89620,141.121,True,1.08,0.0
RetailRocket-item,44711,101528,111530,231566,2.868e-09,adaptive,19.669653,0.0000000029,33195,89862,89862,152.941,,,33189,89858,89612,140.223,False,1.09,
RetailRocket-item,44711,101528,111530,231566,3.155e-09,adaptive,19.669653,0.0000000029,33195,89862,89862,152.941,,,33182,89854,89583,143.84,False,1.06,
RetailRocket-item,44711,101528,316753,370215,0.0001,fixed,12.771102,0.0000028417,11400,49306,49306,76.717,,,1073,7593,1578,7.13,False,10.76,
RetailRocket-item,44711,101528,316753,370215,0.001,fixed,12.771102,0.0000028417,11400,49306,49306,76.717,,,160,1645,215,0.691,False,111.07,
RetailRocket-item,44711,101528,316753,370215,0.01,fixed,12.771102,0.0000028417,11400,49306,49306,76.717,,,42,639,42,0.151,False,508.74,
RetailRocket-item,44711,101528,316753,370215,0.1,fixed,12.771102,0.0000028417,11400,49306,49306,76.717,,,1,40,1,0.009,False,8717.89,
RetailRocket-item,44711,101528,316753,370215,0.5,fixed,12.771102,0.0000028417,11400,49306,49306,76.717,,,1,40,1,0.007,False,10655.2,
RetailRocket-item,44711,101528,316753,370215,2.84172e-07,adaptive,12.771102,0.0000028417,11400,49306,49306,76.717,12.771102,0.0000028417,11400,49306,46778,52.699,True,1.46,0.0
RetailRocket-item,44711,101528,316753,370215,8.52515e-07,adaptive,12.771102,0.0000028417,11400,49306,49306,76.717,12.771102,0.0000028417,11400,49306,36965,51.546,True,1.49,0.0
RetailRocket-item,44711,101528,316753,370215,1.420858e-06,adaptive,12.771102,0.0000028417,11400,49306,49306,76.717,12.771102,0.0000028417,11400,49306,30433,47.496,True,1.62,0.0
RetailRocket-item,44711,101528,316753,370215,1.989201e-06,adaptive,12.771102,0.0000028417,11400,49306,49306,76.717,12.771102,0.0000028417,11400,49306,25709,53.635,True,1.43,0.0
RetailRocket-item,44711,101528,316753,370215,2.557545e-06,adaptive,12.771102,0.0000028417,11400,49306,49306,76.717,12.771102,0.0000028417,11400,49306,22421,48.473,True,1.58,0.0
RetailRocket-item,44711,101528,316753,370215,2.699631e-06,adaptive,12.771102,0.0000028417,11400,49306,49306,76.717,12.771102,0.0000028417,11400,49306,21735,46.197,True,1.66,0.0
RetailRocket-item,44711,101528,316753,370215,2.813299e-06,adaptive,12.771102,0.0000028417,11400,49306,49306,76.717,12.771102,0.0000028417,11400,49306,21272,39.659,True,1.93,0.0
RetailRocket-item,44711,101528,316753,370215,2.841716e-06,adaptive,12.771102,0.0000028417,11400,49306,49306,76.717,12.771102,0.0000028417,11400,49306,21229,39.395,True,1.95,0.0
RetailRocket-item,44711,101528,316753,370215,3.125888e-06,adaptive,12.771102,0.0000028417,11400,49306,49306,76.717,,,10850,47671,19978,46.535,False,1.65,
RetailRocket-item,44711,101528,369447,91829,0.0001,fixed,7.908387,0.0003676471,628,3828,3828,6.348,7.908387,0.0003676471,628,3828,1908,3.69,True,1.72,0.0
RetailRocket-item,44711,101528,369447,91829,0.001,fixed,7.908387,0.0003676471,628,3828,3828,6.348,,,286,1901,376,1.027,False,6.18,
RetailRocket-item,44711,101528,369447,91829,0.01,fixed,7.908387,0.0003676471,628,3828,3828,6.348,,,48,390,50,0.163,False,38.87,
RetailRocket-item,44711,101528,369447,91829,0.1,fixed,7.908387,0.0003676471,628,3828,3828,6.348,,,1,40,1,0.013,False,507.82,
RetailRocket-item,44711,101528,369447,91829,0.5,fixed,7.908387,0.0003676471,628,3828,3828,6.348,,,1,40,0,0.01,False,622.33,
RetailRocket-item,44711,101528,369447,91829,3.6764706e-05,adaptive,7.908387,0.0003676471,628,3828,3828,6.348,7.908387,0.0003676471,628,3828,2867,3.412,True,1.86,0.0
RetailRocket-item,44711,101528,369447,91829,0.000110294118,adaptive,7.908387,0.0003676471,628,3828,3828,6.348,7.908387,0.0003676471,628,3828,1829,2.641,True,2.4,0.0
RetailRocket-item,44711,101528,369447,91829,0.000183823529,adaptive,7.908387,0.0003676471,628,3828,3828,6.348,7.908387,0.0003676471,628,3828,1301,2.242,True,2.83,0.0
RetailRocket-item,44711,101528,369447,91829,0.000257352941,adaptive,7.908387,0.0003676471,628,3828,3828,6.348,7.908387,0.0003676471,628,3828,1014,2.042,True,3.11,0.0
RetailRocket-item,44711,101528,369447,91829,0.000330882353,adaptive,7.908387,0.0003676471,628,3828,3828,6.348,7.908387,0.0003676471,628,3828,890,2.038,True,3.11,0.0
RetailRocket-item,44711,101528,369447,91829,0.000349264706,adaptive,7.908387,0.0003676471,628,3828,3828,6.348,7.908387,0.0003676471,628,3828,880,2.081,True,3.05,0.0
RetailRocket-item,44711,101528,369447,91829,0.000363970588,adaptive,7.908387,0.0003676471,628,3828,3828,6.348,7.908387,0.0003676471,628,3828,836,1.893,True,3.35,0.0
RetailRocket-item,44711,101528,369447,91829,0.000367647059,adaptive,7.908387,0.0003676471,628,3828,3828,6.348,,,604,3710,805,1.797,False,3.53,
RetailRocket-item,44711,101528,369447,91829,0.000404411765,adaptive,7.908387,0.0003676471,628,3828,3828,6.348,,,588,3621,780,1.745,False,3.64,
RetailRocket-item,44711,101528,29196,126606,0.0001,fixed,12.230424,0.0000048797,10353,45655,45655,48.483,,,1374,9289,1936,4.401,False,11.02,
RetailRocket-item,44711,101528,29196,126606,0.001,fixed,12.230424,0.0000048797,10353,45655,45655,48.483,,,183,1488,263,0.528,False,91.86,
RetailRocket-item,44711,101528,29196,126606,0.01,fixed,12.230424,0.0000048797,10353,45655,45655,48.483,,,4,233,5,0.037,False,1299.8,
RetailRocket-item,44711,101528,29196,126606,0.1,fixed,12.230424,0.0000048797,10353,45655,45655,48.483,,,1,92,1,0.013,False,3758.33,
RetailRocket-item,44711,101528,29196,126606,0.5,fixed,12.230424,0.0000048797,10353,45655,45655,48.483,,,1,92,0,0.012,False,4143.8,
RetailRocket-item,44711,101528,29196,126606,4.87972e-07,adaptive,12.230424,0.0000048797,10353,45655,45655,48.483,12.230424,0.0000048797,10353,45655,42483,54.374,True,0.89,0.0
RetailRocket-item,44711,101528,29196,126606,1.463915e-06,adaptive,12.230424,0.0000048797,10353,45655,45655,48.483,12.230424,0.0000048797,10353,45655,32793,58.825,True,0.82,0.0
RetailRocket-item,44711,101528,29196,126606,2.439858e-06,adaptive,12.230424,0.0000048797,10353,45655,45655,48.483,12.230424,0.0000048797,10353,45655,26535,53.676,True,0.9,0.0
RetailRocket-item,44711,101528,29196,126606,3.415801e-06,adaptive,12.230424,0.0000048797,10353,45655,45655,48.483,12.230424,0.0000048797,10353,45655,22112,65.551,True,0.74,0.0
RetailRocket-item,44711,101528,29196,126606,4.391744e-06,adaptive,12.230424,0.0000048797,10353,45655,45655,48.483,12.230424,0.0000048797,10353,45655,19244,45.846,True,1.06,0.0
RetailRocket-item,44711,101528,29196,126606,4.635729e-06,adaptive,12.230424,0.0000048797,10353,45655,45655,48.483,12.230424,0.0000048797,10353,45655,18735,48.843,True,0.99,0.0
RetailRocket-item,44711,101528,29196,126606,4.830918e-06,adaptive,12.230424,0.0000048797,10353,45655,45655,48.483,12.230424,0.0000048797,10353,45655,18296,41.299,True,1.17,0.0
RetailRocket-item,44711,101528,29196,126606,4.879715e-06,adaptive,12.230424,0.0000048797,10353,45655,45655,48.483,12.230424,0.0000048797,10353,45655,18279,40.279,True,1.2,0.0
RetailRocket-item,44711,101528,29196,126606,5.367687e-06,adaptive,12.230424,0.0000048797,10353,45655,45655,48.483,,,9790,43827,16923,33.614,False,1.44,
RetailRocket-item,44711,101528,37029,109760,0.0001,fixed,12.290414,0.0000045956,12257,51455,51455,63.475,,,1750,11453,2541,6.594,False,9.63,
RetailRocket-item,44711,101528,37029,109760,0.001,fixed,12.290414,0.0000045956,12257,51455,51455,63.475,,,246,2087,334,0.841,False,75.46,
RetailRocket-item,44711,101528,37029,109760,0.01,fixed,12.290414,0.0000045956,12257,51455,51455,63.475,,,59,644,60,0.176,False,360.25,
RetailRocket-item,44711,101528,37029,109760,0.1,fixed,12.290414,0.0000045956,12257,51455,51455,63.475,,,1,54,1,0.014,False,4667.29,
RetailRocket-item,44711,101528,37029,109760,0.5,fixed,12.290414,0.0000045956,12257,51455,51455,63.475,,,1,54,0,0.016,False,3992.15,
RetailRocket-item,44711,101528,37029,109760,4.59559e-07,adaptive,12.290414,0.0000045956,12257,51455,51455,63.475,12.290414,0.0000045956,12257,51455,48886,57.322,True,1.11,0.0
RetailRocket-item,44711,101528,37029,109760,1.378676e-06,adaptive,12.290414,0.0000045956,12257,51455,51455,63.475,12.290414,0.0000045956,12257,51455,39759,69.373,True,0.91,0.0
RetailRocket-item,44711,101528,37029,109760,2.297794e-06,adaptive,12.290414,0.0000045956,12257,51455,51455,63.475,12.290414,0.0000045956,12257,51455,33362,61.572,True,1.03,0.0
RetailRocket-item,44711,101528,37029,109760,3.216912e-06,adaptive,12.290414,0.0000045956,12257,51455,51455,63.475,12.290414,0.0000045956,12257,51455,28356,53.553,True,1.19,0.0
RetailRocket-item,44711,101528,37029,109760,4.136029e-06,adaptive,12.290414,0.0000045956,12257,51455,51455,63.475,12.290414,0.0000045956,12257,51455,24997,44.343,True,1.43,0.0
RetailRocket-item,44711,101528,37029,109760,4.365809e-06,adaptive,12.290414,0.0000045956,12257,51455,51455,63.475,12.290414,0.0000045956,12257,51455,24270,58.493,True,1.09,0.0
RetailRocket-item,44711,101528,37029,109760,4.549632e-06,adaptive,12.290414,0.0000045956,12257,51455,51455,63.475,12.290414,0.0000045956,12257,51455,23744,54.342,True,1.17,0.0
RetailRocket-item,44711,101528,37029,109760,4.595588e-06,adaptive,12.290414,0.0000045956,12257,51455,51455,63.475,12.290414,0.0000045956,12257,51455,23653,50.059,True,1.27,0.0
RetailRocket-item,44711,101528,37029,109760,5.055147e-06,adaptive,12.290414,0.0000045956,12257,51455,51455,63.475,,,11672,49780,22211,46.745,False,1.36,
RetailRocket-item,44711,101528,29196,38976,0.0001,fixed,10.931141,0.0000178923,4561,24827,24827,29.406,,,1374,9289,1936,6.221,False,4.73,
RetailRocket-item,44711,101528,29196,38976,0.001,fixed,10.931141,0.0000178923,4561,24827,24827,29.406,,,183,1488,263,0.693,False,42.46,
RetailRocket-item,44711,101528,29196,38976,0.01,fixed,10.931141,0.0000178923,4561,24827,24827,29.406,,,4,233,5,0.049,False,598.91,
RetailRocket-item,44711,101528,29196,38976,0.1,fixed,10.931141,0.0000178923,4561,24827,24827,29.406,,,1,92,1,0.017,False,1690.03,
RetailRocket-item,44711,101528,29196,38976,0.5,fixed,10.931141,0.0000178923,4561,24827,24827,29.406,,,1,92,0,0.016,False,1849.47,
RetailRocket-item,44711,101528,29196,38976,1.789229e-06,adaptive,10.931141,0.0000178923,4561,24827,24827,29.406,10.931141,0.0000178923,4561,24827,21061,23.986,True,1.23,0.0
RetailRocket-item,44711,101528,29196,38976,5.367687e-06,adaptive,10.931141,0.0000178923,4561,24827,24827,29.406,10.931141,0.0000178923,4561,24827,14279,19.12,True,1.54,0.0
RetailRocket-item,44711,101528,29196,38976,8.946144e-06,adaptive,10.931141,0.0000178923,4561,24827,24827,29.406,10.931141,0.0000178923,4561,24827,11044,20.434,True,1.44,0.0
RetailRocket-item,44711,101528,29196,38976,1.2524602e-05,adaptive,10.931141,0.0000178923,4561,24827,24827,29.406,10.931141,0.0000178923,4561,24827,8977,18.718,True,1.57,0.0
RetailRocket-item,44711,101528,29196,38976,1.610306e-05,adaptive,10.931141,0.0000178923,4561,24827,24827,29.406,10.931141,0.0000178923,4561,24827,7520,16.042,True,1.83,0.0
RetailRocket-item,44711,101528,29196,38976,1.6997674e-05,adaptive,10.931141,0.0000178923,4561,24827,24827,29.406,10.931141,0.0000178923,4561,24827,7268,17.277,True,1.7,0.0
RetailRocket-item,44711,101528,29196,38976,1.7713366e-05,adaptive,10.931141,0.0000178923,4561,24827,24827,29.406,10.931141,0.0000178923,4561,24827,7109,14.546,True,2.02,0.0
RetailRocket-item,44711,101528,29196,38976,1.7892288e-05,adaptive,10.931141,0.0000178923,4561,24827,24827,29.406,10.931141,0.0000178923,4561,24827,7077,17.025,True,1.73,0.0
RetailRocket-item,44711,101528,29196,38976,1.9681517e-05,adaptive,10.931141,0.0000178923,4561,24827,24827,29.406,,,4247,23474,6559,16.464,False,1.79,
RetailRocket-item,44711,101528,315543,154563,0.0001,fixed,15.58992,0.0000001696,27732,82855,82855,127.991,,,1188,8457,1800,6.255,False,20.46,
RetailRocket-item,44711,101528,315543,154563,0.001,fixed,15.58992,0.0000001696,27732,82855,82855,127.991,,,174,1542,264,0.854,False,149.82,
RetailRocket-item,44711,101528,315543,154563,0.01,fixed,15.58992,0.0000001696,27732,82855,82855,127.991,,,12,240,14,0.074,False,1718.0,
RetailRocket-item,44711,101528,315543,154563,0.1,fixed,15.58992,0.0000001696,27732,82855,82855,127.991,,,1,53,1,0.015,False,8648.06,
RetailRocket-item,44711,101528,315543,154563,0.5,fixed,15.58992,0.0000001696,27732,82855,82855,127.991,,,1,53,0,0.014,False,9480.84,
RetailRocket-item,44711,101528,315543,154563,1.6958e-08,adaptive,15.58992,0.0000001696,27732,82855,82855,127.991,15.58992,0.0000001696,27732,82855,82769,134.337,True,0.95,0.0
RetailRocket-item,44711,101528,315543,154563,5.0875e-08,adaptive,15.58992,0.0000001696,27732,82855,82855,127.991,15.58992,0.0000001696,27732,82855,81556,123.219,True,1.04,0.0
RetailRocket-item,44711,101528,315543,154563,8.4792e-08,adaptive,15.58992,0.0000001696,27732,82855,82855,127.991,15.58992,0.0000001696,27732,82855,79237,148.808,True,0.86,0.0
RetailRocket-item,44711,101528,315543,154563,1.18708e-07,adaptive,15.58992,0.0000001696,27732,82855,82855,127.991,15.58992,0.0000001696,27732,82855,75961,107.573,True,1.19,0.0
RetailRocket-item,44711,101528,315543,154563,1.52625e-07,adaptive,15.58992,0.0000001696,27732,82855,82855,127.991,15.58992,0.0000001696,27732,82855,72989,107.717,True,1.19,0.0
RetailRocket-item,44711,101528,315543,154563,1.61104e-07,adaptive,15.58992,0.0000001696,27732,82855,82855,127.991,15.58992,0.0000001696,27732,82855,72305,121.614,True,1.05,0.0
RetailRocket-item,44711,101528,315543,154563,1.67888e-07,adaptive,15.58992,0.0000001696,27732,82855,82855,127.991,15.58992,0.0000001696,27732,82855,71881,110.042,True,1.16,0.0
RetailRocket-item,44711,101528,315543,154563,1.69584e-07,adaptive,15.58992,0.0000001696,27732,82855,82855,127.991,,,27729,82852,71660,118.085,False,1.08,
RetailRocket-item,44711,101528,315543,154563,1.86542e-07,adaptive,15.58992,0.0000001696,27732,82855,82855,127.991,,,27207,82101,70025,112.854,False,1.13,
RetailRocket-item,44711,101528,369158,395350,0.0001,fixed,12.030576,0.0000059592,10630,47119,47119,56.581,,,1824,12392,2776,7.937,False,7.13,
RetailRocket-item,44711,101528,369158,395350,0.001,fixed,12.030576,0.0000059592,10630,47119,47119,56.581,,,293,2496,395,0.942,False,60.06,
RetailRocket-item,44711,101528,369158,395350,0.01,fixed,12.030576,0.0000059592,10630,47119,47119,56.581,,,53,563,55,0.179,False,315.92,
RetailRocket-item,44711,101528,369158,395350,0.1,fixed,12.030576,0.0000059592,10630,47119,47119,56.581,,,1,48,1,0.011,False,5190.93,
RetailRocket-item,44711,101528,369158,395350,0.5,fixed,12.030576,0.0000059592,10630,47119,47119,56.581,,,1,48,0,0.008,False,7162.16,
RetailRocket-item,44711,101528,369158,395350,5.95919e-07,adaptive,12.030576,0.0000059592,10630,47119,47119,56.581,12.030576,0.0000059592,10630,47119,44640,50.385,True,1.12,0.0
RetailRocket-item,44711,101528,369158,395350,1.787757e-06,adaptive,12.030576,0.0000059592,10630,47119,47119,56.581,12.030576,0.0000059592,10630,47119,35403,45.727,True,1.24,0.0
RetailRocket-item,44711,101528,369158,395350,2.979596e-06,adaptive,12.030576,0.0000059592,10630,47119,47119,56.581,12.030576,0.0000059592,10630,47119,29252,41.957,True,1.35,0.0
RetailRocket-item,44711,101528,369158,395350,4.171434e-06,adaptive,12.030576,0.0000059592,10630,47119,47119,56.581,12.030576,0.0000059592,10630,47119,24648,53.959,True,1.05,0.0
RetailRocket-item,44711,101528,369158,395350,5.363272e-06,adaptive,12.030576,0.0000059592,10630,47119,47119,56.581,12.030576,0.0000059592,10630,47119,21830,47.86,True,1.18,0.0
RetailRocket-item,44711,101528,369158,395350,5.661232e-06,adaptive,12.030576,0.0000059592,10630,47119,47119,56.581,12.030576,0.0000059592,10630,47119,21241,48.856,True,1.16,0.0
RetailRocket-item,44711,101528,369158,395350,5.8996e-06,adaptive,12.030576,0.0000059592,10630,47119,47119,56.581,12.030576,0.0000059592,10630,47119,20860,34.591,True,1.64,0.0
RetailRocket-item,44711,101528,369158,395350,5.959191e-06,adaptive,12.030576,0.0000059592,10630,47119,47119,56.581,12.030576,0.0000059592,10630,47119,20754,36.142,True,1.57,0.0
RetailRocket-item,44711,101528,369158,395350,6.555111e-06,adaptive,12.030576,0.0000059592,10630,47119,47119,56.581,,,10140,45640,19629,37.97,False,1.49,
RetailRocket-item,44711,101528,369158,211076,0.0001,fixed,10.263676,0.0000348772,3680,21524,21524,25.257,,,1824,12392,2776,6.216,False,4.06,
RetailRocket-item,44711,101528,369158,211076,0.001,fixed,10.263676,0.0000348772,3680,21524,21524,25.257,,,293,2496,395,0.855,False,29.53,
RetailRocket-item,44711,101528,369158,211076,0.01,fixed,10.263676,0.0000348772,3680,21524,21524,25.257,,,53,563,55,0.141,False,179.25,
RetailRocket-item,44711,101528,369158,211076,0.1,fixed,10.263676,0.0000348772,3680,21524,21524,25.257,,,1,48,1,0.01,False,2452.1,
RetailRocket-item,44711,101528,369158,211076,0.5,fixed,10.263676,0.0000348772,3680,21524,21524,25.257,,,1,48,0,0.008,False,3118.1,
RetailRocket-item,44711,101528,369158,211076,3.487723e-06,adaptive,10.263676,0.0000348772,3680,21524,21524,25.257,10.263676,0.0000348772,3680,21524,18177,16.046,True,1.57,0.0
RetailRocket-item,44711,101528,369158,211076,1.046317e-05,adaptive,10.263676,0.0000348772,3680,21524,21524,25.257,10.263676,0.0000348772,3680,21524,12532,18.937,True,1.33,0.0
RetailRocket-item,44711,101528,369158,211076,1.7438616e-05,adaptive,10.263676,0.0000348772,3680,21524,21524,25.257,10.263676,0.0000348772,3680,21524,9646,13.821,True,1.83,0.0
RetailRocket-item,44711,101528,369158,211076,2.4414063e-05,adaptive,10.263676,0.0000348772,3680,21524,21524,25.257,10.263676,0.0000348772,3680,21524,7779,13.576,True,1.86,0.0
RetailRocket-item,44711,101528,369158,211076,3.1389509e-05,adaptive,10.263676,0.0000348772,3680,21524,21524,25.257,10.263676,0.0000348772,3680,21524,6523,10.399,True,2.43,0.0
RetailRocket-item,44711,101528,369158,211076,3.3133371e-05,adaptive,10.263676,0.0000348772,3680,21524,21524,25.257,10.263676,0.0000348772,3680,21524,6283,11.794,True,2.14,0.0
RetailRocket-item,44711,101528,369158,211076,3.452846e-05,adaptive,10.263676,0.0000348772,3680,21524,21524,25.257,10.263676,0.0000348772,3680,21524,6140,15.62,True,1.62,0.0
RetailRocket-item,44711,101528,369158,211076,3.4877232e-05,adaptive,10.263676,0.0000348772,3680,21524,21524,25.257,10.263676,0.0000348772,3680,21524,6105,19.62,True,1.29,0.0
RetailRocket-item,44711,101528,369158,211076,3.8364955e-05,adaptive,10.263676,0.0000348772,3680,21524,21524,25.257,,,3484,20681,5729,12.155,False,2.08,
RetailRocket-item,44711,101528,37029,55044,0.0001,fixed,11.309585,0.0000122549,7221,35079,35079,48.577,,,1750,11453,2541,5.621,False,8.64,
RetailRocket-item,44711,101528,37029,55044,0.001,fixed,11.309585,0.0000122549,7221,35079,35079,48.577,,,246,2087,334,0.789,False,61.61,
RetailRocket-item,44711,101528,37029,55044,0.01,fixed,11.309585,0.0000122549,7221,35079,35079,48.577,,,59,644,60,0.166,False,292.28,
RetailRocket-item,44711,101528,37029,55044,0.1,fixed,11.309585,0.0000122549,7221,35079,35079,48.577,,,1,54,1,0.011,False,4497.82,
RetailRocket-item,44711,101528,37029,55044,0.5,fixed,11.309585,0.0000122549,7221,35079,35079,48.577,,,1,54,0,0.008,False,5852.59,
RetailRocket-item,44711,101528,37029,55044,1.22549e-06,adaptive,11.309585,0.0000122549,7221,35079,35079,48.577,11.309585,0.0000122549,7221,35079,31745,34.047,True,1.43,0.0
RetailRocket-item,44711,101528,37029,55044,3.676471e-06,adaptive,11.309585,0.0000122549,7221,35079,35079,48.577,11.309585,0.0000122549,7221,35079,23441,32.114,True,1.51,0.0
RetailRocket-item,44711,101528,37029,55044,6.127451e-06,adaptive,11.309585,0.0000122549,7221,35079,35079,48.577,11.309585,0.0000122549,7221,35079,18495,28.573,True,1.7,0.0
RetailRocket-item,44711,101528,37029,55044,8.578431e-06,adaptive,11.309585,0.0000122549,7221,35079,35079,48.577,11.309585,0.0000122549,7221,35079,15312,24.159,True,2.01,0.0
RetailRocket-item,44711,101528,37029,55044,1.1029412e-05,adaptive,11.309585,0.0000122549,7221,35079,35079,48.577,11.309585,0.0000122549,7221,35079,13170,25.642,True,1.89,0.0
RetailRocket-item,44711,101528,37029,55044,1.1642157e-05,adaptive,11.309585,0.0000122549,7221,35079,35079,48.577,11.309585,0.0000122549,7221,35079,12771,26.425,True,1.84,0.0
RetailRocket-item,44711,101528,37029,55044,1.2132353e-05,adaptive,11.309585,0.0000122549,7221,35079,35079,48.577,11.309585,0.0000122549,7221,35079,12390,22.206,True,2.19,0.0
RetailRocket-item,44711,101528,37029,55044,1.2254902e-05,adaptive,11.309585,0.0000122549,7221,35079,35079,48.577,,,7175,34905,12273,24.637,False,1.97,
RetailRocket-item,44711,101528,37029,55044,1.3480392e-05,adaptive,11.309585,0.0000122549,7221,35079,35079,48.577,,,6887,33839,11676,22.75,False,2.14,
RetailRocket-item,44711,101528,198209,79585,0.0001,fixed,13.961998,0.0000008637,20638,70889,70889,102.817,,,1386,8348,2045,6.815,False,15.09,
RetailRocket-item,44711,101528,198209,79585,0.001,fixed,13.961998,0.0000008637,20638,70889,70889,102.817,,,232,1771,310,1.699,False,60.5,
RetailRocket-item,44711,101528,198209,79585,0.01,fixed,13.961998,0.0000008637,20638,70889,70889,102.817,,,50,507,52,0.22,False,466.93,
RetailRocket-item,44711,101528,198209,79585,0.1,fixed,13.961998,0.0000008637,20638,70889,70889,102.817,,,1,43,1,0.016,False,6466.47,
RetailRocket-item,44711,101528,198209,79585,0.5,fixed,13.961998,0.0000008637,20638,70889,70889,102.817,,,1,43,0,0.012,False,8940.6,
RetailRocket-item,44711,101528,198209,79585,8.6374e-08,adaptive,13.961998,0.0000008637,20638,70889,70889,102.817,13.961998,0.0000008637,20638,70889,70168,88.431,True,1.16,0.0
RetailRocket-item,44711,101528,198209,79585,2.59121e-07,adaptive,13.961998,0.0000008637,20638,70889,70889,102.817,13.961998,0.0000008637,20638,70889,63904,91.843,True,1.12,0.0
RetailRocket-item,44711,101528,198209,79585,4.31868e-07,adaptive,13.961998,0.0000008637,20638,70889,70889,102.817,13.961998,0.0000008637,20638,70889,57145,88.947,True,1.16,0.0
RetailRocket-item,44711,101528,198209,79585,6.04616e-07,adaptive,13.961998,0.0000008637,20638,70889,70889,102.817,13.961998,0.0000008637,20638,70889,51335,77.497,True,1.33,0.0
RetailRocket-item,44711,101528,198209,79585,7.77363e-07,adaptive,13.961998,0.0000008637,20638,70889,70889,102.817,13.961998,0.0000008637,20638,70889,47125,87.897,True,1.17,0.0
RetailRocket-item,44711,101528,198209,79585,8.2055e-07,adaptive,13.961998,0.0000008637,20638,70889,70889,102.817,13.961998,0.0000008637,20638,70889,46131,74.394,True,1.38,0.0
RetailRocket-item,44711,101528,198209,79585,8.551e-07,adaptive,13.961998,0.0000008637,20638,70889,70889,102.817,13.961998,0.0000008637,20638,70889,45582,73.046,True,1.41,0.0
RetailRocket-item,44711,101528,198209,79585,8.63737e-07,adaptive,13.961998,0.0000008637,20638,70889,70889,102.817,,,20630,70881,45280,74.042,False,1.39,
RetailRocket-item,44711,101528,198209,79585,9.50111e-07,adaptive,13.961998,0.0000008637,20638,70889,70889,102.817,,,20075,69753,43382,72.485,False,1.42,
RetailRocket-item,44711,101528,243980,114927,0.0001,fixed,10.137452,0.0000395695,1531,10889,10889,11.149,,,822,6899,1549,3.498,False,3.19,
RetailRocket-item,44711,101528,243980,114927,0.001,fixed,10.137452,0.0000395695,1531,10889,10889,11.149,,,134,1841,216,0.52,False,21.42,
RetailRocket-item,44711,101528,243980,114927,0.01,fixed,10.137452,0.0000395695,1531,10889,10889,11.149,,,9,275,12,0.044,False,252.25,
RetailRocket-item,44711,101528,243980,114927,0.1,fixed,10.137452,0.0000395695,1531,10889,10889,11.149,,,1,40,1,0.008,False,1411.3,
RetailRocket-item,44711,101528,243980,114927,0.5,fixed,10.137452,0.0000395695,1531,10889,10889,11.149,,,1,40,0,0.007,False,1615.84,
RetailRocket-item,44711,101528,243980,114927,3.956948e-06,adaptive,10.137452,0.0000395695,1531,10889,10889,11.149,10.137452,0.0000395695,1531,10889,8990,7.412,True,1.5,0.0
RetailRocket-item,44711,101528,243980,114927,1.1870845e-05,adaptive,10.137452,0.0000395695,1531,10889,10889,11.149,10.137452,0.0000395695,1531,10889,6316,6.876,True,1.62,0.0
RetailRocket-item,44711,101528,243980,114927,1.9784742e-05,adaptive,10.137452,0.0000395695,1531,10889,10889,11.149,10.137452,0.0000395695,1531,10889,4933,4.95,True,2.25,0.0
RetailRocket-item,44711,101528,243980,114927,2.7698639e-05,adaptive,10.137452,0.0000395695,1531,10889,10889,11.149,10.137452,0.0000395695,1531,10889,3885,4.557,True,2.45,0.0
RetailRocket-item,44711,101528,243980,114927,3.5612536e-05,adaptive,10.137452,0.0000395695,1531,10889,10889,11.149,10.137452,0.0000395695,1531,10889,3220,4.437,True,2.51,0.0
RetailRocket-item,44711,101528,243980,114927,3.759101e-05,adaptive,10.137452,0.0000395695,1531,10889,10889,11.149,10.137452,0.0000395695,1531,10889,3116,4.125,True,2.7,0.0
RetailRocket-item,44711,101528,243980,114927,3.9173789e-05,adaptive,10.137452,0.0000395695,1531,10889,10889,11.149,10.137452,0.0000395695,1531,10889,2990,3.87,True,2.88,0.0
RetailRocket-item,44711,101528,243980,114927,3.9569484e-05,adaptive,10.137452,0.0000395695,1531,10889,10889,11.149,10.137452,0.0000395695,1531,10889,2986,3.864,True,2.89,0.0
RetailRocket-item,44711,101528,243980,114927,4.3526432e-05,adaptive,10.137452,0.0000395695,1531,10889,10889,11.149,,,1469,10574,2771,4.462,False,2.5,
RetailRocket-item,44711,101528,37029,89142,0.0001,fixed,15.010887,0.0000003026,28654,84121,84121,119.257,,,1750,11453,2541,6.288,False,18.97,
RetailRocket-item,44711,101528,37029,89142,0.001,fixed,15.010887,0.0000003026,28654,84121,84121,119.257,,,246,2087,334,1.242,False,96.05,
RetailRocket-item,44711,101528,37029,89142,0.01,fixed,15.010887,0.0000003026,28654,84121,84121,119.257,,,59,644,60,0.247,False,483.02,
RetailRocket-item,44711,101528,37029,89142,0.1,fixed,15.010887,0.0000003026,28654,84121,84121,119.257,,,1,54,1,0.068,False,1764.16,
RetailRocket-item,44711,101528,37029,89142,0.5,fixed,15.010887,0.0000003026,28654,84121,84121,119.257,,,1,54,0,0.011,False,10461.18,
RetailRocket-item,44711,101528,37029,89142,3.0259e-08,adaptive,15.010887,0.0000003026,28654,84121,84121,119.257,15.010887,0.0000003026,28654,84121,83995,116.06,True,1.03,0.0
RetailRocket-item,44711,101528,37029,89142,9.0777e-08,adaptive,15.010887,0.0000003026,28654,84121,84121,119.257,15.010887,0.0000003026,28654,84121,82862,134.509,True,0.89,0.0
RetailRocket-item,44711,101528,37029,89142,1.51295e-07,adaptive,15.010887,0.0000003026,28654,84121,84121,119.257,15.010887,0.0000003026,28654,84121,80626,126.671,True,0.94,0.0
RetailRocket-item,44711,101528,37029,89142,2.11813e-07,adaptive,15.010887,0.0000003026,28654,84121,84121,119.257,15.010887,0.0000003026,28654,84121,77808,148.08,True,0.81,0.0
RetailRocket-item,44711,101528,37029,89142,2.72331e-07,adaptive,15.010887,0.0000003026,28654,84121,84121,119.257,15.010887,0.0000003026,28654,84121,75115,142.089,True,0.84,0.0
RetailRocket-item,44711,101528,37029,89142,2.87461e-07,adaptive,15.010887,0.0000003026,28654,84121,84121,119.257,15.010887,0.0000003026,28654,84121,74439,128.224,True,0.93,0.0
RetailRocket-item,44711,101528,37029,89142,2.99564e-07,adaptive,15.010887,0.0000003026,28654,84121,84121,119.257,15.010887,0.0000003026,28654,84121,73907,115.303,True,1.03,0.0
RetailRocket-item,44711,101528,37029,89142,3.0259e-07,adaptive,15.010887,0.0000003026,28654,84121,84121,119.257,15.010887,0.0000003026,28654,84121,73846,159.372,True,0.75,0.0
RetailRocket-item,44711,101528,37029,89142,3.32849e-07,adaptive,15.010887,0.0000003026,28654,84121,84121,119.257,,,28262,83579,72356,117.943,False,1.01,
RetailRocket-item,44711,101528,456056,199075,0.0001,fixed,14.123583,0.0000007349,24918,78686,78686,117.227,,,1927,12549,2794,8.649,False,13.55,
RetailRocket-item,44711,101528,456056,199075,0.001,fixed,14.123583,0.0000007349,24918,78686,78686,117.227,,,327,2561,445,1.446,False,81.06,
RetailRocket-item,44711,101528,456056,199075,0.01,fixed,14.123583,0.0000007349,24918,78686,78686,117.227,,,51,461,55,0.178,False,658.95,
RetailRocket-item,44711,101528,456056,199075,0.1,fixed,14.123583,0.0000007349,24918,78686,78686,117.227,,,1,49,0,0.014,False,8313.94,
RetailRocket-item,44711,101528,456056,199075,0.5,fixed,14.123583,0.0000007349,24918,78686,78686,117.227,,,1,49,0,0.011,False,10656.96,
RetailRocket-item,44711,101528,456056,199075,7.3486e-08,adaptive,14.123583,0.0000007349,24918,78686,78686,117.227,14.123583,0.0000007349,24918,78686,78452,125.191,True,0.94,0.0
RetailRocket-item,44711,101528,456056,199075,2.20459e-07,adaptive,14.123583,0.0000007349,24918,78686,78686,117.227,14.123583,0.0000007349,24918,78686,75952,136.298,True,0.86,0.0
RetailRocket-item,44711,101528,456056,199075,3.67431e-07,adaptive,14.123583,0.0000007349,24918,78686,78686,117.227,14.123583,0.0000007349,24918,78686,71907,109.444,True,1.07,0.0
RetailRocket-item,44711,101528,456056,199075,5.14403e-07,adaptive,14.123583,0.0000007349,24918,78686,78686,117.227,14.123583,0.0000007349,24918,78686,67364,107.096,True,1.09,0.0
RetailRocket-item,44711,101528,456056,199075,6.61376e-07,adaptive,14.123583,0.0000007349,24918,78686,78686,117.227,14.123583,0.0000007349,24918,78686,63606,103.762,True,1.13,0.0
RetailRocket-item,44711,101528,456056,199075,6.98119e-07,adaptive,14.123583,0.0000007349,24918,78686,78686,117.227,14.123583,0.0000007349,24918,78686,62725,112.948,True,1.04,0.0
RetailRocket-item,44711,101528,456056,199075,7.27513e-07,adaptive,14.123583,0.0000007349,24918,78686,78686,117.227,14.123583,0.0000007349,24918,78686,61984,95.6,True,1.23,0.0
RetailRocket-item,44711,101528,456056,199075,7.34862e-07,adaptive,14.123583,0.0000007349,24918,78686,78686,117.227,,,24911,78675,61721,93.197,False,1.26,
RetailRocket-item,44711,101528,456056,199075,8.08348e-07,adaptive,14.123583,0.0000007349,24918,78686,78686,117.227,,,24386,77877,59903,86.847,False,1.35,
RetailRocket-item,44711,101528,456056,86596,0.0001,fixed,10.264652,0.0000348432,3963,23163,23163,29.688,,,1927,12549,2794,8.667,False,3.43,
RetailRocket-item,44711,101528,456056,86596,0.001,fixed,10.264652,0.0000348432,3963,23163,23163,29.688,,,327,2561,445,1.338,False,22.19,
RetailRocket-item,44711,101528,456056,86596,0.01,fixed,10.264652,0.0000348432,3963,23163,23163,29.688,,,51,461,55,0.202,False,147.12,
RetailRocket-item,44711,101528,456056,86596,0.1,fixed,10.264652,0.0000348432,3963,23163,23163,29.688,,,1,49,0,0.015,False,2033.44,
RetailRocket-item,44711,101528,456056,86596,0.5,fixed,10.264652,0.0000348432,3963,23163,23163,29.688,,,1,49,0,0.011,False,2627.27,
RetailRocket-item,44711,101528,456056,86596,3.484321e-06,adaptive,10.264652,0.0000348432,3963,23163,23163,29.688,10.264652,0.0000348432,3963,23163,19330,24.655,True,1.2,0.0
RetailRocket-item,44711,101528,456056,86596,1.0452962e-05,adaptive,10.264652,0.0000348432,3963,23163,23163,29.688,10.264652,0.0000348432,3963,23163,12849,20.22,True,1.47,0.0
RetailRocket-item,44711,101528,456056,86596,1.7421603e-05,adaptive,10.264652,0.0000348432,3963,23163,23163,29.688,10.264652,0.0000348432,3963,23163,9721,19.335,True,1.54,0.0
RetailRocket-item,44711,101528,456056,86596,2.4390244e-05,adaptive,10.264652,0.0000348432,3963,23163,23163,29.688,10.264652,0.0000348432,3963,23163,7900,15.46,True,1.92,0.0
RetailRocket-item,44711,101528,456056,86596,3.1358885e-05,adaptive,10.264652,0.0000348432,3963,23163,23163,29.688,10.264652,0.0000348432,3963,23163,6615,14.409,True,2.06,0.0
RetailRocket-item,44711,101528,456056,86596,3.3101045e-05,adaptive,10.264652,0.0000348432,3963,23163,23163,29.688,10.264652,0.0000348432,3963,23163,6295,12.591,True,2.36,0.0
RetailRocket-item,44711,101528,456056,86596,3.4494774e-05,adaptive,10.264652,0.0000348432,3963,23163,23163,29.688,10.264652,0.0000348432,3963,23163,6135,12.503,True,2.37,0.0
RetailRocket-item,44711,101528,456056,86596,3.4843206e-05,adaptive,10.264652,0.0000348432,3963,23163,23163,29.688,,,3943,23036,6094,16.177,False,1.84,
RetailRocket-item,44711,101528,456056,86596,3.8327526e-05,adaptive,10.264652,0.0000348432,3963,23163,23163,29.688,,,3677,21630,5635,14.747,False,2.01,
RetailRocket-item,44711,101528,374092,304411,0.0001,fixed,15.225277,0.0000002442,26210,80524,80524,107.538,,,1026,8065,1965,4.433,False,24.26,
RetailRocket-item,44711,101528,374092,304411,0.001,fixed,15.225277,0.0000002442,26210,80524,80524,107.538,,,144,1858,256,0.677,False,158.75,
RetailRocket-item,44711,101528,374092,304411,0.01,fixed,15.225277,0.0000002442,26210,80524,80524,107.538,,,43,828,46,0.172,False,626.68,
RetailRocket-item,44711,101528,374092,304411,0.1,fixed,15.225277,0.0000002442,26210,80524,80524,107.538,,,1,41,1,0.01,False,10440.57,
RetailRocket-item,44711,101528,374092,304411,0.5,fixed,15.225277,0.0000002442,26210,80524,80524,107.538,,,1,41,0,0.007,False,15362.56,
RetailRocket-item,44711,101528,374092,304411,2.442e-08,adaptive,15.225277,0.0000002442,26210,80524,80524,107.538,15.225277,0.0000002442,26210,80524,80315,116.647,True,0.92,0.0
RetailRocket-item,44711,101528,374092,304411,7.326e-08,adaptive,15.225277,0.0000002442,26210,80524,80524,107.538,15.225277,0.0000002442,26210,80524,78513,112.416,True,0.96,0.0
RetailRocket-item,44711,101528,374092,304411,1.221e-07,adaptive,15.225277,0.0000002442,26210,80524,80524,107.538,15.225277,0.0000002442,26210,80524,75054,125.831,True,0.85,0.0
RetailRocket-item,44711,101528,374092,304411,1.7094e-07,adaptive,15.225277,0.0000002442,26210,80524,80524,107.538,15.225277,0.0000002442,26210,80524,71354,110.128,True,0.98,0.0
RetailRocket-item,44711,101528,374092,304411,2.1978e-07,adaptive,15.225277,0.0000002442,26210,80524,80524,107.538,15.225277,0.0000002442,26210,80524,67775,102.415,True,1.05,0.0
RetailRocket-item,44711,101528,374092,304411,2.3199e-07,adaptive,15.225277,0.0000002442,26210,80524,80524,107.538,15.225277,0.0000002442,26210,80524,66892,104.675,True,1.03,0.0
RetailRocket-item,44711,101528,374092,304411,2.41758e-07,adaptive,15.225277,0.0000002442,26210,80524,80524,107.538,15.225277,0.0000002442,26210,80524,66289,92.864,True,1.16,0.0
RetailRocket-item,44711,101528,374092,304411,2.442e-07,adaptive,15.225277,0.0000002442,26210,80524,80524,107.538,15.225277,0.0000002442,26210,80524,66147,106.283,True,1.01,0.0
RetailRocket-item,44711,101528,374092,304411,2.6862e-07,adaptive,15.225277,0.0000002442,26210,80524,80524,107.538,,,25605,79643,64284,112.895,False,0.95,
RetailRocket-item,44711,101528,198209,271578,0.0001,fixed,14.257115,0.0000006430,22535,74476,74476,121.698,,,1386,8348,2045,7.886,False,15.43,
RetailRocket-item,44711,101528,198209,271578,0.001,fixed,14.257115,0.0000006430,22535,74476,74476,121.698,,,232,1771,310,1.079,False,112.81,
RetailRocket-item,44711,101528,198209,271578,0.01,fixed,14.257115,0.0000006430,22535,74476,74476,121.698,,,50,507,52,0.202,False,602.17,
RetailRocket-item,44711,101528,198209,271578,0.1,fixed,14.257115,0.0000006430,22535,74476,74476,121.698,,,1,43,1,0.015,False,8222.81,
RetailRocket-item,44711,101528,198209,271578,0.5,fixed,14.257115,0.0000006430,22535,74476,74476,121.698,,,1,43,0,0.012,False,10491.17,
RetailRocket-item,44711,101528,198209,271578,6.43e-08,adaptive,14.257115,0.0000006430,22535,74476,74476,121.698,14.257115,0.0000006430,22535,74476,74019,108.834,True,1.12,0.0
RetailRocket-item,44711,101528,198209,271578,1.92901e-07,adaptive,14.257115,0.0000006430,22535,74476,74476,121.698,14.257115,0.0000006430,22535,74476,69176,114.767,True,1.06,0.0
RetailRocket-item,44711,101528,198209,271578,3.21502e-07,adaptive,14.257115,0.0000006430,22535,74476,74476,121.698,14.257115,0.0000006430,22535,74476,63052,95.661,True,1.27,0.0
RetailRocket-item,44711,101528,198209,271578,4.50103e-07,adaptive,14.257115,0.0000006430,22535,74476,74476,121.698,14.257115,0.0000006430,22535,74476,57460,98.098,True,1.24,0.0
RetailRocket-item,44711,101528,198209,271578,5.78704e-07,adaptive,14.257115,0.0000006430,22535,74476,74476,121.698,14.257115,0.0000006430,22535,74476,53099,96.533,True,1.26,0.0
RetailRocket-item,44711,101528,198209,271578,6.10854e-07,adaptive,14.257115,0.0000006430,22535,74476,74476,121.698,14.257115,0.0000006430,22535,74476,52116,101.764,True,1.2,0.0
RetailRocket-item,44711,101528,198209,271578,6.36574e-07,adaptive,14.257115,0.0000006430,22535,74476,74476,121.698,14.257115,0.0000006430,22535,74476,51502,98.345,True,1.24,0.0
RetailRocket-item,44711,101528,198209,271578,6.43004e-07,adaptive,14.257115,0.0000006430,22535,74476,74476,121.698,14.257115,0.0000006430,22535,74476,51322,90.522,True,1.34,0.0
RetailRocket-item,44711,101528,198209,271578,7.07305e-07,adaptive,14.257115,0.0000006430,22535,74476,74476,121.698,,,21942,73401,49399,91.012,False,1.34,
RetailRocket-item,44711,101528,315543,130451,0.0001,fixed,11.714265,0.0000081763,5995,31625,31625,35.374,,,1188,8457,1800,5.412,False,6.54,
RetailRocket-item,44711,101528,315543,130451,0.001,fixed,11.714265,0.0000081763,5995,31625,31625,35.374,,,174,1542,264,0.591,False,59.81,
RetailRocket-item,44711,101528,315543,130451,0.01,fixed,11.714265,0.0000081763,5995,31625,31625,35.374,,,12,240,14,0.049,False,720.46,
RetailRocket-item,44711,101528,315543,130451,0.1,fixed,11.714265,0.0000081763,5995,31625,31625,35.374,,,1,53,1,0.009,False,3803.71,
RetailRocket-item,44711,101528,315543,130451,0.5,fixed,11.714265,0.0000081763,5995,31625,31625,35.374,,,1,53,0,0.008,False,4313.96,
RetailRocket-item,44711,101528,315543,130451,8.17635e-07,adaptive,11.714265,0.0000081763,5995,31625,31625,35.374,11.714265,0.0000081763,5995,31625,27884,30.79,True,1.15,0.0
RetailRocket-item,44711,101528,315543,130451,2.452904e-06,adaptive,11.714265,0.0000081763,5995,31625,31625,35.374,11.714265,0.0000081763,5995,31625,20080,27.582,True,1.28,0.0
RetailRocket-item,44711,101528,315543,130451,4.088174e-06,adaptive,11.714265,0.0000081763,5995,31625,31625,35.374,11.714265,0.0000081763,5995,31625,16073,25.104,True,1.41,0.0
RetailRocket-item,44711,101528,315543,130451,5.723443e-06,adaptive,11.714265,0.0000081763,5995,31625,31625,35.374,11.714265,0.0000081763,5995,31625,13400,26.621,True,1.33,0.0
RetailRocket-item,44711,101528,315543,130451,7.358713e-06,adaptive,11.714265,0.0000081763,5995,31625,31625,35.374,11.714265,0.0000081763,5995,31625,11479,19.565,True,1.81,0.0
RetailRocket-item,44711,101528,315543,130451,7.76753e-06,adaptive,11.714265,0.0000081763,5995,31625,31625,35.374,11.714265,0.0000081763,5995,31625,11085,23.637,True,1.5,0.0
RetailRocket-item,44711,101528,315543,130451,8.094584e-06,adaptive,11.714265,0.0000081763,5995,31625,31625,35.374,11.714265,0.0000081763,5995,31625,10877,24.387,True,1.45,0.0
RetailRocket-item,44711,101528,315543,130451,8.176347e-06,adaptive,11.714265,0.0000081763,5995,31625,31625,35.374,11.714265,0.0000081763,5995,31625,10807,27.447,True,1.29,0.0
RetailRocket-item,44711,101528,315543,130451,8.993982e-06,adaptive,11.714265,0.0000081763,5995,31625,31625,35.374,,,5707,30445,10124,24.957,False,1.42,
RetailRocket-item,44711,101528,243980,208259,0.0001,fixed,14.605421,0.0000004539,20266,70365,70365,96.657,,,822,6899,1549,3.176,False,30.43,
RetailRocket-item,44711,101528,243980,208259,0.001,fixed,14.605421,0.0000004539,20266,70365,70365,96.657,,,134,1841,216,1.049,False,92.11,
RetailRocket-item,44711,101528,243980,208259,0.01,fixed,14.605421,0.0000004539,20266,70365,70365,96.657,,,9,275,12,0.062,False,1551.48,
RetailRocket-item,44711,101528,243980,208259,0.1,fixed,14.605421,0.0000004539,20266,70365,70365,96.657,,,1,40,1,0.01,False,10068.47,
RetailRocket-item,44711,101528,243980,208259,0.5,fixed,14.605421,0.0000004539,20266,70365,70365,96.657,,,1,40,0,0.008,False,12082.16,
RetailRocket-item,44711,101528,243980,208259,4.5389e-08,adaptive,14.605421,0.0000004539,20266,70365,70365,96.657,14.605421,0.0000004539,20266,70365,69810,103.357,True,0.94,0.0
RetailRocket-item,44711,101528,243980,208259,1.36166e-07,adaptive,14.605421,0.0000004539,20266,70365,70365,96.657,14.605421,0.0000004539,20266,70365,64318,120.077,True,0.8,0.0
RetailRocket-item,44711,101528,243980,208259,2.26943e-07,adaptive,14.605421,0.0000004539,20266,70365,70365,96.657,14.605421,0.0000004539,20266,70365,58312,108.508,True,0.89,0.0
RetailRocket-item,44711,101528,243980,208259,3.1772e-07,adaptive,14.605421,0.0000004539,20266,70365,70365,96.657,14.605421,0.0000004539,20266,70365,52714,95.998,True,1.01,0.0
RetailRocket-item,44711,101528,243980,208259,4.08497e-07,adaptive,14.605421,0.0000004539,20266,70365,70365,96.657,14.605421,0.0000004539,20266,70365,48329,103.117,True,0.94,0.0
RetailRocket-item,44711,101528,243980,208259,4.31191e-07,adaptive,14.605421,0.0000004539,20266,70365,70365,96.657,14.605421,0.0000004539,20266,70365,47476,107.742,True,0.9,0.0
RetailRocket-item,44711,101528,243980,208259,4.49346e-07,adaptive,14.605421,0.0000004539,20266,70365,70365,96.657,14.605421,0.0000004539,20266,70365,46797,95.589,True,1.01,0.0
RetailRocket-item,44711,101528,243980,208259,4.53885e-07,adaptive,14.605421,0.0000004539,20266,70365,70365,96.657,14.605421,0.0000004539,20266,70365,46619,94.512,True,1.02,0.0
RetailRocket-item,44711,101528,243980,208259,4.99274e-07,adaptive,14.605421,0.0000004539,20266,70365,70365,96.657,,,19604,69112,44645,92.397,False,1.05,
RecSys2015,12935,70442,214820938,214581827,0.0001,fixed,13.480038,0.0000013986,6852,59129,59129,38.611,,,522,21352,1435,5.845,False,6.61,
RecSys2015,12935,70442,214820938,214581827,0.001,fixed,13.480038,0.0000013986,6852,59129,59129,38.611,,,150,10537,221,2.114,False,18.26,
RecSys2015,12935,70442,214820938,214581827,0.01,fixed,13.480038,0.0000013986,6852,59129,59129,38.611,,,14,1690,14,0.231,False,167.0,
RecSys2015,12935,70442,214820938,214581827,0.1,fixed,13.480038,0.0000013986,6852,59129,59129,38.611,,,1,141,1,0.019,False,2032.14,
RecSys2015,12935,70442,214820938,214581827,0.5,fixed,13.480038,0.0000013986,6852,59129,59129,38.611,,,1,141,0,0.017,False,2244.8,
RecSys2015,12935,70442,214820938,214581827,1.3986e-07,adaptive,13.480038,0.0000013986,6852,59129,59129,38.611,13.480038,0.0000013986,6852,59129,57251,36.938,True,1.05,0.0
RecSys2015,12935,70442,214820938,214581827,4.1958e-07,adaptive,13.480038,0.0000013986,6852,59129,59129,38.611,13.480038,0.0000013986,6852,59129,49041,33.891,True,1.14,0.0
RecSys2015,12935,70442,214820938,214581827,6.99301e-07,adaptive,13.480038,0.0000013986,6852,59129,59129,38.611,13.480038,0.0000013986,6852,59129,41731,34.048,True,1.13,0.0
RecSys2015,12935,70442,214820938,214581827,9.79021e-07,adaptive,13.480038,0.0000013986,6852,59129,59129,38.611,13.480038,0.0000013986,6852,59129,36876,30.05,True,1.28,0.0
RecSys2015,12935,70442,214820938,214581827,1.258741e-06,adaptive,13.480038,0.0000013986,6852,59129,59129,38.611,13.480038,0.0000013986,6852,59129,32672,28.84,True,1.34,0.0
RecSys2015,12935,70442,214820938,214581827,1.328671e-06,adaptive,13.480038,0.0000013986,6852,59129,59129,38.611,13.480038,0.0000013986,6852,59129,31769,36.276,True,1.06,0.0
RecSys2015,12935,70442,214820938,214581827,1.384615e-06,adaptive,13.480038,0.0000013986,6852,59129,59129,38.611,13.480038,0.0000013986,6852,59129,30913,33.557,True,1.15,0.0
RecSys2015,12935,70442,214820938,214581827,1.398601e-06,adaptive,13.480038,0.0000013986,6852,59129,59129,38.611,13.480038,0.0000013986,6852,59129,30826,30.789,True,1.25,0.0
RecSys2015,12935,70442,214820938,214581827,1.538462e-06,adaptive,13.480038,0.0000013986,6852,59129,59129,38.611,,,6655,58517,29559,28.386,False,1.36,
RecSys2015,12935,70442,214820938,214826036,0.0001,fixed,13.333855,0.0000016188,6538,58152,58152,42.573,,,522,21352,1435,6.968,False,6.11,
RecSys2015,12935,70442,214820938,214826036,0.001,fixed,13.333855,0.0000016188,6538,58152,58152,42.573,,,150,10537,221,2.742,False,15.53,
RecSys2015,12935,70442,214820938,214826036,0.01,fixed,13.333855,0.0000016188,6538,58152,58152,42.573,,,14,1690,14,0.348,False,122.34,
RecSys2015,12935,70442,214820938,214826036,0.1,fixed,13.333855,0.0000016188,6538,58152,58152,42.573,,,1,141,1,0.026,False,1637.42,
RecSys2015,12935,70442,214820938,214826036,0.5,fixed,13.333855,0.0000016188,6538,58152,58152,42.573,,,1,141,0,0.025,False,1737.67,
RecSys2015,12935,70442,214820938,214826036,1.61875e-07,adaptive,13.333855,0.0000016188,6538,58152,58152,42.573,13.333855,0.0000016188,6538,58152,55926,44.117,True,0.97,0.0
RecSys2015,12935,70442,214820938,214826036,4.85625e-07,adaptive,13.333855,0.0000016188,6538,58152,58152,42.573,13.333855,0.0000016188,6538,58152,46750,41.062,True,1.04,0.0
RecSys2015,12935,70442,214820938,214826036,8.09376e-07,adaptive,13.333855,0.0000016188,6538,58152,58152,42.573,13.333855,0.0000016188,6538,58152,39666,31.964,True,1.33,0.0
RecSys2015,12935,70442,214820938,214826036,1.133126e-06,adaptive,13.333855,0.0000016188,6538,58152,58152,42.573,13.333855,0.0000016188,6538,58152,34597,34.608,True,1.23,0.0
RecSys2015,12935,70442,214820938,214826036,1.456876e-06,adaptive,13.333855,0.0000016188,6538,58152,58152,42.573,13.333855,0.0000016188,6538,58152,30213,34.143,True,1.25,0.0
RecSys2015,12935,70442,214820938,214826036,1.537814e-06,adaptive,13.333855,0.0000016188,6538,58152,58152,42.573,13.333855,0.0000016188,6538,58152,29548,33.261,True,1.28,0.0
RecSys2015,12935,70442,214820938,214826036,1.602564e-06,adaptive,13.333855,0.0000016188,6538,58152,58152,42.573,13.333855,0.0000016188,6538,58152,29031,31.794,True,1.34,0.0
RecSys2015,12935,70442,214820938,214826036,1.618752e-06,adaptive,13.333855,0.0000016188,6538,58152,58152,42.573,,,6533,58140,28881,30.655,False,1.39,
RecSys2015,12935,70442,214820938,214826036,1.780627e-06,adaptive,13.333855,0.0000016188,6538,58152,58152,42.573,,,6296,57344,27468,26.599,False,1.6,
RecSys2015,12935,70442,214840762,214582412,0.0001,fixed,13.179122,0.0000018896,5718,55620,55620,32.019,,,643,17861,1481,4.677,False,6.85,
RecSys2015,12935,70442,214840762,214582412,0.001,fixed,13.179122,0.0000018896,5718,55620,55620,32.019,,,178,7367,259,1.482,False,21.6,
RecSys2015,12935,70442,214840762,214582412,0.01,fixed,13.179122,0.0000018896,5718,55620,55620,32.019,,,10,417,13,0.071,False,452.25,
RecSys2015,12935,70442,214840762,214582412,0.1,fixed,13.179122,0.0000018896,5718,55620,55620,32.019,,,2,203,2,0.026,False,1250.74,
RecSys2015,12935,70442,214840762,214582412,0.5,fixed,13.179122,0.0000018896,5718,55620,55620,32.019,,,1,164,0,0.02,False,1609.0,
RecSys2015,12935,70442,214840762,214582412,1.88964e-07,adaptive,13.179122,0.0000018896,5718,55620,55620,32.019,13.179122,0.0000018896,5718,55620,50088,35.678,True,0.9,0.0
RecSys2015,12935,70442,214840762,214582412,5.66893e-07,adaptive,13.179122,0.0000018896,5718,55620,55620,32.019,13.179122,0.0000018896,5718,55620,37492,32.044,True,1.0,0.0
RecSys2015,12935,70442,214840762,214582412,9.44822e-07,adaptive,13.179122,0.0000018896,5718,55620,55620,32.019,13.179122,0.0000018896,5718,55620,30106,30.794,True,1.04,0.0
RecSys2015,12935,70442,214840762,214582412,1.322751e-06,adaptive,13.179122,0.0000018896,5718,55620,55620,32.019,13.179122,0.0000018896,5718,55620,25829,27.372,True,1.17,0.0
RecSys2015,12935,70442,214840762,214582412,1.70068e-06,adaptive,13.179122,0.0000018896,5718,55620,55620,32.019,13.179122,0.0000018896,5718,55620,22883,27.645,True,1.16,0.0
RecSys2015,12935,70442,214840762,214582412,1.795163e-06,adaptive,13.179122,0.0000018896,5718,55620,55620,32.019,13.179122,0.0000018896,5718,55620,22286,23.971,True,1.34,0.0
RecSys2015,12935,70442,214840762,214582412,1.870748e-06,adaptive,13.179122,0.0000018896,5718,55620,55620,32.019,13.179122,0.0000018896,5718,55620,22009,25.119,True,1.27,0.0
RecSys2015,12935,70442,214840762,214582412,1.889645e-06,adaptive,13.179122,0.0000018896,5718,55620,55620,32.019,,,5715,55613,21905,26.107,False,1.23,
RecSys2015,12935,70442,214840762,214582412,2.078609e-06,adaptive,13.179122,0.0000018896,5718,55620,55620,32.019,,,5489,54717,20501,24.787,False,1.29,
RecSys2015,12935,70442,214684513,214836230,0.0001,fixed,14.788711,0.0000003779,9320,65453,65453,43.536,,,650,20676,1496,5.606,False,7.77,
RecSys2015,12935,70442,214684513,214836230,0.001,fixed,14.788711,0.0000003779,9320,65453,65453,43.536,,,227,12389,319,2.409,False,18.07,
RecSys2015,12935,70442,214684513,214836230,0.01,fixed,14.788711,0.0000003779,9320,65453,65453,43.536,,,10,1346,12,0.197,False,221.22,
RecSys2015,12935,70442,214684513,214836230,0.1,fixed,14.788711,0.0000003779,9320,65453,65453,43.536,,,2,345,2,0.042,False,1036.56,
RecSys2015,12935,70442,214684513,214836230,0.5,fixed,14.788711,0.0000003779,9320,65453,65453,43.536,,,1,215,0,0.026,False,1668.03,
RecSys2015,12935,70442,214684513,214836230,3.7787e-08,adaptive,14.788711,0.0000003779,9320,65453,65453,43.536,14.788711,0.0000003779,9320,65453,65396,51.356,True,0.85,0.0
RecSys2015,12935,70442,214684513,214836230,1.13362e-07,adaptive,14.788711,0.0000003779,9320,65453,65453,43.536,14.788711,0.0000003779,9320,65453,63485,57.775,True,0.75,0.0
RecSys2015,12935,70442,214684513,214836230,1.88936e-07,adaptive,14.788711,0.0000003779,9320,65453,65453,43.536,14.788711,0.0000003779,9320,65453,59927,48.167,True,0.9,0.0
RecSys2015,12935,70442,214684513,214836230,2.6451e-07,adaptive,14.788711,0.0000003779,9320,65453,65453,43.536,14.788711,0.0000003779,9320,65453,56406,46.59,True,0.93,0.0
RecSys2015,12935,70442,214684513,214836230,3.40085e-07,adaptive,14.788711,0.0000003779,9320,65453,65453,43.536,14.788711,0.0000003779,9320,65453,53648,45.313,True,0.96,0.0
RecSys2015,12935,70442,214684513,214836230,3.58978e-07,adaptive,14.788711,0.0000003779,9320,65453,65453,43.536,14.788711,0.0000003779,9320,65453,52818,47.513,True,0.92,0.0
RecSys2015,12935,70442,214684513,214836230,3.74093e-07,adaptive,14.788711,0.0000003779,9320,65453,65453,43.536,14.788711,0.0000003779,9320,65453,52384,49.127,True,0.89,0.0
RecSys2015,12935,70442,214684513,214836230,3.77872e-07,adaptive,14.788711,0.0000003779,9320,65453,65453,43.536,,,9317,65450,52270,43.423,False,1.0,
RecSys2015,12935,70442,214684513,214836230,4.15659e-07,adaptive,14.788711,0.0000003779,9320,65453,65453,43.536,,,9186,65183,50976,41.641,False,1.05,
RecSys2015,12935,70442,214587384,214832600,0.0001,fixed,12.340097,0.0000043728,3871,48712,48712,27.968,,,559,20460,1473,4.756,False,5.88,
RecSys2015,12935,70442,214587384,214832600,0.001,fixed,12.340097,0.0000043728,3871,48712,48712,27.968,,,155,9072,255,1.731,False,16.16,
RecSys2015,12935,70442,214587384,214832600,0.01,fixed,12.340097,0.0000043728,3871,48712,48712,27.968,,,15,1517,17,0.297,False,94.3,
RecSys2015,12935,70442,214587384,214832600,0.1,fixed,12.340097,0.0000043728,3871,48712,48712,27.968,,,1,145,1,0.026,False,1088.26,
RecSys2015,12935,70442,214587384,214832600,0.5,fixed,12.340097,0.0000043728,3871,48712,48712,27.968,,,1,145,0,0.025,False,1114.27,
RecSys2015,12935,70442,214587384,214832600,4.37284e-07,adaptive,12.340097,0.0000043728,3871,48712,48712,27.968,12.340097,0.0000043728,3871,48712,41537,27.427,True,1.02,0.0
RecSys2015,12935,70442,214587384,214832600,1.311853e-06,adaptive,12.340097,0.0000043728,3871,48712,48712,27.968,12.340097,0.0000043728,3871,48712,28250,26.539,True,1.05,0.0
RecSys2015,12935,70442,214587384,214832600,2.186421e-06,adaptive,12.340097,0.0000043728,3871,48712,48712,27.968,12.340097,0.0000043728,3871,48712,22585,26.922,True,1.04,0.0
RecSys2015,12935,70442,214587384,214832600,3.06099e-06,adaptive,12.340097,0.0000043728,3871,48712,48712,27.968,12.340097,0.0000043728,3871,48712,19046,19.468,True,1.44,0.0
RecSys2015,12935,70442,214587384,214832600,3.935558e-06,adaptive,12.340097,0.0000043728,3871,48712,48712,27.968,12.340097,0.0000043728,3871,48712,16859,23.15,True,1.21,0.0
RecSys2015,12935,70442,214587384,214832600,4.1542e-06,adaptive,12.340097,0.0000043728,3871,48712,48712,27.968,12.340097,0.0000043728,3871,48712,16504,23.852,True,1.17,0.0
RecSys2015,12935,70442,214587384,214832600,4.329114e-06,adaptive,12.340097,0.0000043728,3871,48712,48712,27.968,12.340097,0.0000043728,3871,48712,16125,23.341,True,1.2,0.0
RecSys2015,12935,70442,214587384,214832600,4.372842e-06,adaptive,12.340097,0.0000043728,3871,48712,48712,27.968,12.340097,0.0000043728,3871,48712,16006,23.455,True,1.19,0.0
RecSys2015,12935,70442,214587384,214832600,4.810127e-06,adaptive,12.340097,0.0000043728,3871,48712,48712,27.968,,,3720,47994,15251,21.895,False,1.28,
RecSys2015,12935,70442,214826810,214839842,0.0001,fixed,10.491248,0.0000277785,1628,35931,35931,20.471,,,507,20896,1425,3.901,False,5.25,
RecSys2015,12935,70442,214826810,214839842,0.001,fixed,10.491248,0.0000277785,1628,35931,35931,20.471,,,241,14003,313,2.507,False,8.16,
RecSys2015,12935,70442,214826810,214839842,0.01,fixed,10.491248,0.0000277785,1628,35931,35931,20.471,,,19,2969,22,0.443,False,46.22,
RecSys2015,12935,70442,214826810,214839842,0.1,fixed,10.491248,0.0000277785,1628,35931,35931,20.471,,,1,238,1,0.029,False,703.46,
RecSys2015,12935,70442,214826810,214839842,0.5,fixed,10.491248,0.0000277785,1628,35931,35931,20.471,,,1,238,0,0.028,False,736.36,
RecSys2015,12935,70442,214826810,214839842,2.777852e-06,adaptive,10.491248,0.0000277785,1628,35931,35931,20.471,10.491248,0.0000277785,1628,35931,21624,12.363,True,1.66,0.0
RecSys2015,12935,70442,214826810,214839842,8.333556e-06,adaptive,10.491248,0.0000277785,1628,35931,35931,20.471,10.491248,0.0000277785,1628,35931,13792,14.673,True,1.4,0.0
RecSys2015,12935,70442,214826810,214839842,1.3889259e-05,adaptive,10.491248,0.0000277785,1628,35931,35931,20.471,10.491248,0.0000277785,1628,35931,10541,14.102,True,1.45,0.0
RecSys2015,12935,70442,214826810,214839842,1.9444963e-05,adaptive,10.491248,0.0000277785,1628,35931,35931,20.471,10.491248,0.0000277785,1628,35931,7358,11.658,True,1.76,0.0
RecSys2015,12935,70442,214826810,214839842,2.5000667e-05,adaptive,10.491248,0.0000277785,1628,35931,35931,20.471,10.491248,0.0000277785,1628,35931,6120,11.734,True,1.74,0.0
RecSys2015,12935,70442,214826810,214839842,2.6389593e-05,adaptive,10.491248,0.0000277785,1628,35931,35931,20.471,10.491248,0.0000277785,1628,35931,5721,12.588,True,1.63,0.0
RecSys2015,12935,70442,214826810,214839842,2.7500733e-05,adaptive,10.491248,0.0000277785,1628,35931,35931,20.471,10.491248,0.0000277785,1628,35931,5591,11.928,True,1.72,0.0
RecSys2015,12935,70442,214826810,214839842,2.7778519e-05,adaptive,10.491248,0.0000277785,1628,35931,35931,20.471,,,1594,35590,5467,12.681,False,1.61,
RecSys2015,12935,70442,214826810,214839842,3.055637e-05,adaptive,10.491248,0.0000277785,1628,35931,35931,20.471,,,1465,34420,4910,10.774,False,1.9,
RecSys2015,12935,70442,214821277,214545480,0.0001,fixed,17.94541,0.0000000161,11003,68227,68227,57.572,,,462,18306,1149,5.496,False,10.48,
RecSys2015,12935,70442,214821277,214545480,0.001,fixed,17.94541,0.0000000161,11003,68227,68227,57.572,,,73,6586,134,1.509,False,38.15,
RecSys2015,12935,70442,214821277,214545480,0.01,fixed,17.94541,0.0000000161,11003,68227,68227,57.572,,,11,1595,15,0.3,False,192.1,
RecSys2015,12935,70442,214821277,214545480,0.1,fixed,17.94541,0.0000000161,11003,68227,68227,57.572,,,1,190,1,0.033,False,1744.59,
RecSys2015,12935,70442,214821277,214545480,0.5,fixed,17.94541,0.0000000161,11003,68227,68227,57.572,,,1,190,0,0.031,False,1875.29,
RecSys2015,12935,70442,214821277,214545480,1.608e-09,adaptive,17.94541,0.0000000161,11003,68227,68227,57.572,17.94541,0.0000000161,11003,68227,68227,59.181,True,0.97,0.0
RecSys2015,12935,70442,214821277,214545480,4.825e-09,adaptive,17.94541,0.0000000161,11003,68227,68227,57.572,17.94541,0.0000000161,11003,68227,68216,49.366,True,1.17,0.0
RecSys2015,12935,70442,214821277,214545480,8.042e-09,adaptive,17.94541,0.0000000161,11003,68227,68227,57.572,17.94541,0.0000000161,11003,68227,68175,61.137,True,0.94,0.0
RecSys2015,12935,70442,214821277,214545480,1.1259e-08,adaptive,17.94541,0.0000000161,11003,68227,68227,57.572,17.94541,0.0000000161,11003,68227,68101,57.952,True,0.99,0.0
RecSys2015,12935,70442,214821277,214545480,1.4476e-08,adaptive,17.94541,0.0000000161,11003,68227,68227,57.572,17.94541,0.0000000161,11003,68227,67983,59.992,True,0.96,0.0
RecSys2015,12935,70442,214821277,214545480,1.528e-08,adaptive,17.94541,0.0000000161,11003,68227,68227,57.572,17.94541,0.0000000161,11003,68227,67947,54.28,True,1.06,0.0
RecSys2015,12935,70442,214821277,214545480,1.5924e-08,adaptive,17.94541,0.0000000161,11003,68227,68227,57.572,17.94541,0.0000000161,11003,68227,67933,51.472,True,1.12,0.0
RecSys2015,12935,70442,214821277,214545480,1.6084e-08,adaptive,17.94541,0.0000000161,11003,68227,68227,57.572,17.94541,0.0000000161,11003,68227,67930,50.733,True,1.13,0.0
RecSys2015,12935,70442,214821277,214545480,1.7693e-08,adaptive,17.94541,0.0000000161,11003,68227,68227,57.572,,,10995,68222,67880,50.274,False,1.15,
RecSys2015,12935,70442,214826702,214839275,0.0001,fixed,13.402522,0.0000015113,6815,59393,59393,37.574,,,537,19414,1371,5.583,False,6.73,
RecSys2015,12935,70442,214826702,214839275,0.001,fixed,13.402522,0.0000015113,6815,59393,59393,37.574,,,162,10010,233,2.006,False,18.73,
RecSys2015,12935,70442,214826702,214839275,0.01,fixed,13.402522,0.0000015113,6815,59393,59393,37.574,,,17,2733,19,0.442,False,85.01,
RecSys2015,12935,70442,214826702,214839275,0.1,fixed,13.402522,0.0000015113,6815,59393,59393,37.574,,,1,155,1,0.027,False,1407.27,
RecSys2015,12935,70442,214826702,214839275,0.5,fixed,13.402522,0.0000015113,6815,59393,59393,37.574,,,1,155,0,0.025,False,1527.4,
RecSys2015,12935,70442,214826702,214839275,1.51133e-07,adaptive,13.402522,0.0000015113,6815,59393,59393,37.574,13.402522,0.0000015113,6815,59393,57116,40.85,True,0.92,0.0
RecSys2015,12935,70442,214826702,214839275,4.53398e-07,adaptive,13.402522,0.0000015113,6815,59393,59393,37.574,13.402522,0.0000015113,6815,59393,47567,39.4,True,0.95,0.0
RecSys2015,12935,70442,214826702,214839275,7.55664e-07,adaptive,13.402522,0.0000015113,6815,59393,59393,37.574,13.402522,0.0000015113,6815,59393,40669,42.681,True,0.88,0.0
RecSys2015,12935,70442,214826702,214839275,1.057929e-06,adaptive,13.402522,0.0000015113,6815,59393,59393,37.574,13.402522,0.0000015113,6815,59393,35711,39.16,True,0.96,0.0
RecSys2015,12935,70442,214826702,214839275,1.360195e-06,adaptive,13.402522,0.0000015113,6815,59393,59393,37.574,13.402522,0.0000015113,6815,59393,31982,36.72,True,1.02,0.0
RecSys2015,12935,70442,214826702,214839275,1.435761e-06,adaptive,13.402522,0.0000015113,6815,59393,59393,37.574,13.402522,0.0000015113,6815,59393,31172,30.001,True,1.25,0.0
RecSys2015,12935,70442,214826702,214839275,1.496214e-06,adaptive,13.402522,0.0000015113,6815,59393,59393,37.574,13.402522,0.0000015113,6815,59393,30557,34.793,True,1.08,0.0
RecSys2015,12935,70442,214826702,214839275,1.511327e-06,adaptive,13.402522,0.0000015113,6815,59393,59393,37.574,13.402522,0.0000015113,6815,59393,30411,34.379,True,1.09,0.0
RecSys2015,12935,70442,214826702,214839275,1.66246e-06,adaptive,13.402522,0.0000015113,6815,59393,59393,37.574,,,6617,58781,29242,29.435,False,1.28,
RecSys2015,12935,70442,214839313,214649730,0.0001,fixed,12.254062,0.0000047657,3896,49002,49002,27.546,,,503,19404,1027,4.248,False,6.48,
RecSys2015,12935,70442,214839313,214649730,0.001,fixed,12.254062,0.0000047657,3896,49002,49002,27.546,,,71,5975,105,1.272,False,21.66,
RecSys2015,12935,70442,214839313,214649730,0.01,fixed,12.254062,0.0000047657,3896,49002,49002,27.546,,,5,366,11,0.071,False,385.8,
RecSys2015,12935,70442,214839313,214649730,0.1,fixed,12.254062,0.0000047657,3896,49002,49002,27.546,,,1,234,1,0.038,False,728.73,
RecSys2015,12935,70442,214839313,214649730,0.5,fixed,12.254062,0.0000047657,3896,49002,49002,27.546,,,1,234,0,0.037,False,752.62,
RecSys2015,12935,70442,214839313,214649730,4.76572e-07,adaptive,12.254062,0.0000047657,3896,49002,49002,27.546,12.254062,0.0000047657,3896,49002,38985,26.18,True,1.05,0.0
RecSys2015,12935,70442,214839313,214649730,1.429715e-06,adaptive,12.254062,0.0000047657,3896,49002,49002,27.546,12.254062,0.0000047657,3896,49002,26917,29.79,True,0.92,0.0
RecSys2015,12935,70442,214839313,214649730,2.382859e-06,adaptive,12.254062,0.0000047657,3896,49002,49002,27.546,12.254062,0.0000047657,3896,49002,21613,24.452,True,1.13,0.0
RecSys2015,12935,70442,214839313,214649730,3.336002e-06,adaptive,12.254062,0.0000047657,3896,49002,49002,27.546,12.254062,0.0000047657,3896,49002,18163,19.978,True,1.38,0.0
RecSys2015,12935,70442,214839313,214649730,4.289146e-06,adaptive,12.254062,0.0000047657,3896,49002,49002,27.546,12.254062,0.0000047657,3896,49002,15235,18.625,True,1.48,0.0
RecSys2015,12935,70442,214839313,214649730,4.527431e-06,adaptive,12.254062,0.0000047657,3896,49002,49002,27.546,12.254062,0.0000047657,3896,49002,14548,19.623,True,1.4,0.0
RecSys2015,12935,70442,214839313,214649730,4.71806e-06,adaptive,12.254062,0.0000047657,3896,49002,49002,27.546,12.254062,0.0000047657,3896,49002,14192,28.793,True,0.96,0.0
RecSys2015,12935,70442,214839313,214649730,4.765717e-06,adaptive,12.254062,0.0000047657,3896,49002,49002,27.546,12.254062,0.0000047657,3896,49002,14055,23.28,True,1.18,0.0
RecSys2015,12935,70442,214839313,214649730,5.242289e-06,adaptive,12.254062,0.0000047657,3896,49002,49002,27.546,,,3688,48065,13247,17.777,False,1.55,
RecSys2015,12935,70442,214826835,214680163,0.0001,fixed,13.377165,0.0000015501,6315,57201,57201,33.229,,,654,21958,1576,5.377,False,6.18,
RecSys2015,12935,70442,214826835,214680163,0.001,fixed,13.377165,0.0000015501,6315,57201,57201,33.229,,,150,9203,216,1.572,False,21.14,
RecSys2015,12935,70442,214826835,214680163,0.01,fixed,13.377165,0.0000015501,6315,57201,57201,33.229,,,9,1225,15,0.163,False,203.61,
RecSys2015,12935,70442,214826835,214680163,0.1,fixed,13.377165,0.0000015501,6315,57201,57201,33.229,,,2,371,2,0.05,False,659.32,
RecSys2015,12935,70442,214826835,214680163,0.5,fixed,13.377165,0.0000015501,6315,57201,57201,33.229,,,1,145,0,0.019,False,1786.53,
RecSys2015,12935,70442,214826835,214680163,1.55014e-07,adaptive,13.377165,0.0000015501,6315,57201,57201,33.229,13.377165,0.0000015501,6315,57201,54314,32.915,True,1.01,0.0
RecSys2015,12935,70442,214826835,214680163,4.65042e-07,adaptive,13.377165,0.0000015501,6315,57201,57201,33.229,13.377165,0.0000015501,6315,57201,44426,36.743,True,0.9,0.0
RecSys2015,12935,70442,214826835,214680163,7.7507e-07,adaptive,13.377165,0.0000015501,6315,57201,57201,33.229,13.377165,0.0000015501,6315,57201,37371,36.403,True,0.91,0.0
RecSys2015,12935,70442,214826835,214680163,1.085098e-06,adaptive,13.377165,0.0000015501,6315,57201,57201,33.229,13.377165,0.0000015501,6315,57201,31980,29.603,True,1.12,0.0
RecSys2015,12935,70442,214826835,214680163,1.395126e-06,adaptive,13.377165,0.0000015501,6315,57201,57201,33.229,13.377165,0.0000015501,6315,57201,27988,33.548,True,0.99,0.0
RecSys2015,12935,70442,214826835,214680163,1.472633e-06,adaptive,13.377165,0.0000015501,6315,57201,57201,33.229,13.377165,0.0000015501,6315,57201,26949,29.061,True,1.14,0.0
RecSys2015,12935,70442,214826835,214680163,1.534639e-06,adaptive,13.377165,0.0000015501,6315,57201,57201,33.229,13.377165,0.0000015501,6315,57201,26535,34.705,True,0.96,0.0
RecSys2015,12935,70442,214826835,214680163,1.55014e-06,adaptive,13.377165,0.0000015501,6315,57201,57201,33.229,13.377165,0.0000015501,6315,57201,26430,34.131,True,0.97,0.0
RecSys2015,12935,70442,214826835,214680163,1.705154e-06,adaptive,13.377165,0.0000015501,6315,57201,57201,33.229,,,6082,56394,25083,35.369,False,0.94,
RecSys2015,12935,70442,214717003,214538274,0.0001,fixed,13.478526,0.0000014007,6185,57019,57019,46.11,,,511,13971,1209,4.606,False,10.01,
RecSys2015,12935,70442,214717003,214538274,0.001,fixed,13.478526,0.0000014007,6185,57019,57019,46.11,,,47,3010,123,0.701,False,65.75,
RecSys2015,12935,70442,214717003,214538274,0.01,fixed,13.478526,0.0000014007,6185,57019,57019,46.11,,,13,957,20,0.176,False,262.43,
RecSys2015,12935,70442,214717003,214538274,0.1,fixed,13.478526,0.0000014007,6185,57019,57019,46.11,,,2,251,2,0.042,False,1100.47,
RecSys2015,12935,70442,214717003,214538274,0.5,fixed,13.478526,0.0000014007,6185,57019,57019,46.11,,,1,176,0,0.029,False,1606.61,
RecSys2015,12935,70442,214717003,214538274,1.40072e-07,adaptive,13.478526,0.0000014007,6185,57019,57019,46.11,13.478526,0.0000014007,6185,57019,50852,47.744,True,0.97,0.0
RecSys2015,12935,70442,214717003,214538274,4.20215e-07,adaptive,13.478526,0.0000014007,6185,57019,57019,46.11,13.478526,0.0000014007,6185,57019,38452,48.161,True,0.96,0.0
RecSys2015,12935,70442,214717003,214538274,7.00359e-07,adaptive,13.478526,0.0000014007,6185,57019,57019,46.11,13.478526,0.0000014007,6185,57019,31217,41.248,True,1.12,0.0
RecSys2015,12935,70442,214717003,214538274,9.80502e-07,adaptive,13.478526,0.0000014007,6185,57019,57019,46.11,13.478526,0.0000014007,6185,57019,26267,37.992,True,1.21,0.0
RecSys2015,12935,70442,214717003,214538274,1.260645e-06,adaptive,13.478526,0.0000014007,6185,57019,57019,46.11,13.478526,0.0000014007,6185,57019,23426,36.832,True,1.25,0.0
RecSys2015,12935,70442,214717003,214538274,1.330681e-06,adaptive,13.478526,0.0000014007,6185,57019,57019,46.11,13.478526,0.0000014007,6185,57019,22927,36.655,True,1.26,0.0
RecSys2015,12935,70442,214717003,214538274,1.38671e-06,adaptive,13.478526,0.0000014007,6185,57019,57019,46.11,13.478526,0.0000014007,6185,57019,22456,38.879,True,1.19,0.0
RecSys2015,12935,70442,214717003,214538274,1.400717e-06,adaptive,13.478526,0.0000014007,6185,57019,57019,46.11,13.478526,0.0000014007,6185,57019,22277,35.383,True,1.3,0.0
RecSys2015,12935,70442,214717003,214538274,1.540789e-06,adaptive,13.478526,0.0000014007,6185,57019,57019,46.11,,,5982,56351,21123,29.221,False,1.58,
RecSys2015,12935,70442,214826705,214843515,0.0001,fixed,13.234629,0.0000017876,5464,55445,55445,35.849,,,461,19664,1195,4.454,False,8.05,
RecSys2015,12935,70442,214826705,214843515,0.001,fixed,13.234629,0.0000017876,5464,55445,55445,35.849,,,92,7874,148,1.436,False,24.96,
RecSys2015,12935,70442,214826705,214843515,0.01,fixed,13.234629,0.0000017876,5464,55445,55445,35.849,,,10,1749,14,0.248,False,144.73,
RecSys2015,12935,70442,214826705,214843515,0.1,fixed,13.234629,0.0000017876,5464,55445,55445,35.849,,,2,350,2,0.05,False,712.69,
RecSys2015,12935,70442,214826705,214843515,0.5,fixed,13.234629,0.0000017876,5464,55445,55445,35.849,,,1,239,0,0.028,False,1271.22,
RecSys2015,12935,70442,214826705,214843515,1.78761e-07,adaptive,13.234629,0.0000017876,5464,55445,55445,35.849,13.234629,0.0000017876,5464,55445,52800,30.876,True,1.16,0.0
RecSys2015,12935,70442,214826705,214843515,5.36284e-07,adaptive,13.234629,0.0000017876,5464,55445,55445,35.849,13.234629,0.0000017876,5464,55445,41654,30.594,True,1.17,0.0
RecSys2015,12935,70442,214826705,214843515,8.93807e-07,adaptive,13.234629,0.0000017876,5464,55445,55445,35.849,13.234629,0.0000017876,5464,55445,34577,32.701,True,1.1,0.0
RecSys2015,12935,70442,214826705,214843515,1.25133e-06,adaptive,13.234629,0.0000017876,5464,55445,55445,35.849,13.234629,0.0000017876,5464,55445,29249,32.027,True,1.12,0.0
RecSys2015,12935,70442,214826705,214843515,1.608852e-06,adaptive,13.234629,0.0000017876,5464,55445,55445,35.849,13.234629,0.0000017876,5464,55445,25828,25.969,True,1.38,0.0
RecSys2015,12935,70442,214826705,214843515,1.698233e-06,adaptive,13.234629,0.0000017876,5464,55445,55445,35.849,13.234629,0.0000017876,5464,55445,25165,23.877,True,1.5,0.0
RecSys2015,12935,70442,214826705,214843515,1.769737e-06,adaptive,13.234629,0.0000017876,5464,55445,55445,35.849,13.234629,0.0000017876,5464,55445,24767,23.097,True,1.55,0.0
RecSys2015,12935,70442,214826705,214843515,1.787614e-06,adaptive,13.234629,0.0000017876,5464,55445,55445,35.849,,,5461,55441,24673,25.24,False,1.42,
RecSys2015,12935,70442,214826705,214843515,1.966375e-06,adaptive,13.234629,0.0000017876,5464,55445,55445,35.849,,,5225,54608,23480,25.509,False,1.41,
RecSys2015,12935,70442,214832559,214842682,0.0001,fixed,14.840351,0.0000003589,8704,64046,64046,49.749,,,511,20430,1412,6.338,False,7.85,
RecSys2015,12935,70442,214832559,214842682,0.001,fixed,14.840351,0.0000003589,8704,64046,64046,49.749,,,146,8732,236,2.108,False,23.59,
RecSys2015,12935,70442,214832559,214842682,0.01,fixed,14.840351,0.0000003589,8704,64046,64046,49.749,,,13,1357,19,0.246,False,202.65,
RecSys2015,12935,70442,214832559,214842682,0.1,fixed,14.840351,0.0000003589,8704,64046,64046,49.749,,,3,397,3,0.062,False,802.41,
RecSys2015,12935,70442,214832559,214842682,0.5,fixed,14.840351,0.0000003589,8704,64046,64046,49.749,,,1,142,0,0.025,False,1958.64,
RecSys2015,12935,70442,214832559,214842682,3.5885e-08,adaptive,14.840351,0.0000003589,8704,64046,64046,49.749,14.840351,0.0000003589,8704,64046,63809,51.569,True,0.96,0.0
RecSys2015,12935,70442,214832559,214842682,1.07656e-07,adaptive,14.840351,0.0000003589,8704,64046,64046,49.749,14.840351,0.0000003589,8704,64046,60967,53.815,True,0.92,0.0
RecSys2015,12935,70442,214832559,214842682,1.79427e-07,adaptive,14.840351,0.0000003589,8704,64046,64046,49.749,14.840351,0.0000003589,8704,64046,56309,41.452,True,1.2,0.0
RecSys2015,12935,70442,214832559,214842682,2.51198e-07,adaptive,14.840351,0.0000003589,8704,64046,64046,49.749,14.840351,0.0000003589,8704,64046,52477,37.989,True,1.31,0.0
RecSys2015,12935,70442,214832559,214842682,3.22968e-07,adaptive,14.840351,0.0000003589,8704,64046,64046,49.749,14.840351,0.0000003589,8704,64046,49138,37.718,True,1.32,0.0
RecSys2015,12935,70442,214832559,214842682,3.40911e-07,adaptive,14.840351,0.0000003589,8704,64046,64046,49.749,14.840351,0.0000003589,8704,64046,48606,35.196,True,1.41,0.0
RecSys2015,12935,70442,214832559,214842682,3.55265e-07,adaptive,14.840351,0.0000003589,8704,64046,64046,49.749,14.840351,0.0000003589,8704,64046,48169,41.838,True,1.19,0.0
RecSys2015,12935,70442,214832559,214842682,3.58854e-07,adaptive,14.840351,0.0000003589,8704,64046,64046,49.749,,,8695,64036,48007,38.688,False,1.29,
RecSys2015,12935,70442,214832559,214842682,3.94739e-07,adaptive,14.840351,0.0000003589,8704,64046,64046,49.749,,,8514,63703,46364,42.806,False,1.16,
RecSys2015,12935,70442,214717003,214829139,0.0001,fixed,16.17107,0.0000000948,10373,67356,67356,47.563,,,511,13971,1209,3.744,False,12.7,
RecSys2015,12935,70442,214717003,214829139,0.001,fixed,16.17107,0.0000000948,10373,67356,67356,47.563,,,47,3010,123,0.532,False,89.4,
RecSys2015,12935,70442,214717003,214829139,0.01,fixed,16.17107,0.0000000948,10373,67356,67356,47.563,,,13,957,20,0.125,False,379.89,
RecSys2015,12935,70442,214717003,214829139,0.1,fixed,16.17107,0.0000000948,10373,67356,67356,47.563,,,2,251,2,0.03,False,1590.72,
RecSys2015,12935,70442,214717003,214829139,0.5,fixed,16.17107,0.0000000948,10373,67356,67356,47.563,,,1,176,0,0.021,False,2308.86,
RecSys2015,12935,70442,214717003,214829139,9.484e-09,adaptive,16.17107,0.0000000948,10373,67356,67356,47.563,16.17107,0.0000000948,10373,67356,67353,46.828,True,1.02,0.0
RecSys2015,12935,70442,214717003,214829139,2.8452e-08,adaptive,16.17107,0.0000000948,10373,67356,67356,47.563,16.17107,0.0000000948,10373,67356,66938,47.035,True,1.01,0.0
RecSys2015,12935,70442,214717003,214829139,4.742e-08,adaptive,16.17107,0.0000000948,10373,67356,67356,47.563,16.17107,0.0000000948,10373,67356,65642,52.791,True,0.9,0.0
RecSys2015,12935,70442,214717003,214829139,6.6388e-08,adaptive,16.17107,0.0000000948,10373,67356,67356,47.563,16.17107,0.0000000948,10373,67356,63950,52.751,True,0.9,0.0
RecSys2015,12935,70442,214717003,214829139,8.5356e-08,adaptive,16.17107,0.0000000948,10373,67356,67356,47.563,16.17107,0.0000000948,10373,67356,61761,42.595,True,1.12,0.0
RecSys2015,12935,70442,214717003,214829139,9.0098e-08,adaptive,16.17107,0.0000000948,10373,67356,67356,47.563,16.17107,0.0000000948,10373,67356,61174,52.54,True,0.91,0.0
RecSys2015,12935,70442,214717003,214829139,9.3892e-08,adaptive,16.17107,0.0000000948,10373,67356,67356,47.563,16.17107,0.0000000948,10373,67356,60647,57.782,True,0.82,0.0
RecSys2015,12935,70442,214717003,214829139,9.484e-08,adaptive,16.17107,0.0000000948,10373,67356,67356,47.563,16.17107,0.0000000948,10373,67356,60597,56.341,True,0.84,0.0
RecSys2015,12935,70442,214717003,214829139,1.04324e-07,adaptive,16.17107,0.0000000948,10373,67356,67356,47.563,,,10321,67270,59918,48.661,False,0.98,
RecSys2015,12935,70442,214826799,214835765,0.0001,fixed,13.282801,0.0000017035,6791,59406,59406,46.323,,,736,24254,1752,7.956,False,5.82,
RecSys2015,12935,70442,214826799,214835765,0.001,fixed,13.282801,0.0000017035,6791,59406,59406,46.323,,,187,10635,257,2.777,False,16.68,
RecSys2015,12935,70442,214826799,214835765,0.01,fixed,13.282801,0.0000017035,6791,59406,59406,46.323,,,9,1167,12,0.242,False,191.26,
RecSys2015,12935,70442,214826799,214835765,0.1,fixed,13.282801,0.0000017035,6791,59406,59406,46.323,,,2,269,2,0.046,False,1007.01,
RecSys2015,12935,70442,214826799,214835765,0.5,fixed,13.282801,0.0000017035,6791,59406,59406,46.323,,,1,170,0,0.029,False,1575.6,
RecSys2015,12935,70442,214826799,214835765,1.70354e-07,adaptive,13.282801,0.0000017035,6791,59406,59406,46.323,13.282801,0.0000017035,6791,59406,57424,46.283,True,1.0,0.0
RecSys2015,12935,70442,214826799,214835765,5.11063e-07,adaptive,13.282801,0.0000017035,6791,59406,59406,46.323,13.282801,0.0000017035,6791,59406,48923,39.313,True,1.18,0.0
RecSys2015,12935,70442,214826799,214835765,8.51771e-07,adaptive,13.282801,0.0000017035,6791,59406,59406,46.323,13.282801,0.0000017035,6791,59406,42672,33.371,True,1.39,0.0
RecSys2015,12935,70442,214826799,214835765,1.19248e-06,adaptive,13.282801,0.0000017035,6791,59406,59406,46.323,13.282801,0.0000017035,6791,59406,38036,33.04,True,1.4,0.0
RecSys2015,12935,70442,214826799,214835765,1.533188e-06,adaptive,13.282801,0.0000017035,6791,59406,59406,46.323,13.282801,0.0000017035,6791,59406,34120,35.541,True,1.3,0.0
RecSys2015,12935,70442,214826799,214835765,1.618366e-06,adaptive,13.282801,0.0000017035,6791,59406,59406,46.323,13.282801,0.0000017035,6791,59406,32920,31.196,True,1.48,0.0
RecSys2015,12935,70442,214826799,214835765,1.686507e-06,adaptive,13.282801,0.0000017035,6791,59406,59406,46.323,13.282801,0.0000017035,6791,59406,32466,29.526,True,1.57,0.0
RecSys2015,12935,70442,214826799,214835765,1.703543e-06,adaptive,13.282801,0.0000017035,6791,59406,59406,46.323,,,6779,59353,32094,28.355,False,1.63,
RecSys2015,12935,70442,214826799,214835765,1.873897e-06,adaptive,13.282801,0.0000017035,6791,59406,59406,46.323,,,6559,58695,30602,28.784,False,1.61,
RecSys2015,12935,70442,214833800,214600922,0.0001,fixed,12.049685,0.0000058464,3702,47804,47804,25.528,,,593,18836,1475,4.407,False,5.79,
RecSys2015,12935,70442,214833800,214600922,0.001,fixed,12.049685,0.0000058464,3702,47804,47804,25.528,,,180,9215,244,1.603,False,15.92,
RecSys2015,12935,70442,214833800,214600922,0.01,fixed,12.049685,0.0000058464,3702,47804,47804,25.528,,,9,805,12,0.119,False,215.24,
RecSys2015,12935,70442,214833800,214600922,0.1,fixed,12.049685,0.0000058464,3702,47804,47804,25.528,,,2,275,2,0.032,False,802.76,
RecSys2015,12935,70442,214833800,214600922,0.5,fixed,12.049685,0.0000058464,3702,47804,47804,25.528,,,1,170,0,0.02,False,1270.04,
RecSys2015,12935,70442,214833800,214600922,5.8464e-07,adaptive,12.049685,0.0000058464,3702,47804,47804,25.528,12.049685,0.0000058464,3702,47804,35764,22.043,True,1.16,0.0
RecSys2015,12935,70442,214833800,214600922,1.753919e-06,adaptive,12.049685,0.0000058464,3702,47804,47804,25.528,12.049685,0.0000058464,3702,47804,24135,18.7,True,1.37,0.0
RecSys2015,12935,70442,214833800,214600922,2.923198e-06,adaptive,12.049685,0.0000058464,3702,47804,47804,25.528,12.049685,0.0000058464,3702,47804,19341,19.762,True,1.29,0.0
RecSys2015,12935,70442,214833800,214600922,4.092477e-06,adaptive,12.049685,0.0000058464,3702,47804,47804,25.528,12.049685,0.0000058464,3702,47804,16360,19.307,True,1.32,0.0
RecSys2015,12935,70442,214833800,214600922,5.261757e-06,adaptive,12.049685,0.0000058464,3702,47804,47804,25.528,12.049685,0.0000058464,3702,47804,14462,17.616,True,1.45,0.0
RecSys2015,12935,70442,214833800,214600922,5.554076e-06,adaptive,12.049685,0.0000058464,3702,47804,47804,25.528,12.049685,0.0000058464,3702,47804,14013,17.559,True,1.45,0.0
RecSys2015,12935,70442,214833800,214600922,5.787932e-06,adaptive,12.049685,0.0000058464,3702,47804,47804,25.528,12.049685,0.0000058464,3702,47804,13669,22.845,True,1.12,0.0
RecSys2015,12935,70442,214833800,214600922,5.846396e-06,adaptive,12.049685,0.0000058464,3702,47804,47804,25.528,12.049685,0.0000058464,3702,47804,13605,19.248,True,1.33,0.0
RecSys2015,12935,70442,214833800,214600922,6.431036e-06,adaptive,12.049685,0.0000058464,3702,47804,47804,25.528,,,3482,46568,12636,16.424,False,1.55,
RecSys2015,12935,70442,214821277,214684100,0.0001,fixed,15.038098,0.0000002945,9130,65015,65015,44.007,,,462,18306,1149,3.796,False,11.59,
RecSys2015,12935,70442,214821277,214684100,0.001,fixed,15.038098,0.0000002945,9130,65015,65015,44.007,,,73,6586,134,1.203,False,36.59,
RecSys2015,12935,70442,214821277,214684100,0.01,fixed,15.038098,0.0000002945,9130,65015,65015,44.007,,,11,1595,15,0.219,False,201.13,
RecSys2015,12935,70442,214821277,214684100,0.1,fixed,15.038098,0.0000002945,9130,65015,65015,44.007,,,1,190,1,0.024,False,1864.71,
RecSys2015,12935,70442,214821277,214684100,0.5,fixed,15.038098,0.0000002945,9130,65015,65015,44.007,,,1,190,0,0.023,False,1955.88,
RecSys2015,12935,70442,214821277,214684100,2.9447e-08,adaptive,15.038098,0.0000002945,9130,65015,65015,44.007,15.038098,0.0000002945,9130,65015,64879,42.487,True,1.04,0.0
RecSys2015,12935,70442,214821277,214684100,8.834e-08,adaptive,15.038098,0.0000002945,9130,65015,65015,44.007,15.038098,0.0000002945,9130,65015,61900,42.665,True,1.03,0.0
RecSys2015,12935,70442,214821277,214684100,1.47234e-07,adaptive,15.038098,0.0000002945,9130,65015,65015,44.007,15.038098,0.0000002945,9130,65015,58157,54.084,True,0.81,0.0
RecSys2015,12935,70442,214821277,214684100,2.06127e-07,adaptive,15.038098,0.0000002945,9130,65015,65015,44.007,15.038098,0.0000002945,9130,65015,54234,50.635,True,0.87,0.0
RecSys2015,12935,70442,214821277,214684100,2.65021e-07,adaptive,15.038098,0.0000002945,9130,65015,65015,44.007,15.038098,0.0000002945,9130,65015,50791,46.424,True,0.95,0.0
RecSys2015,12935,70442,214821277,214684100,2.79744e-07,adaptive,15.038098,0.0000002945,9130,65015,65015,44.007,15.038098,0.0000002945,9130,65015,50188,47.2,True,0.93,0.0
RecSys2015,12935,70442,214821277,214684100,2.91523e-07,adaptive,15.038098,0.0000002945,9130,65015,65015,44.007,15.038098,0.0000002945,9130,65015,49502,48.231,True,0.91,0.0
RecSys2015,12935,70442,214821277,214684100,2.94467e-07,adaptive,15.038098,0.0000002945,9130,65015,65015,44.007,15.038098,0.0000002945,9130,65015,49423,43.427,True,1.01,0.0
RecSys2015,12935,70442,214821277,214684100,3.23914e-07,adaptive,15.038098,0.0000002945,9130,65015,65015,44.007,,,8984,64718,48075,40.119,False,1.1,
RecSys2015,12935,70442,214826705,214705550,0.0001,fixed,14.042958,0.0000007966,7372,61103,61103,47.353,,,461,19664,1195,5.886,False,8.05,
RecSys2015,12935,70442,214826705,214705550,0.001,fixed,14.042958,0.0000007966,7372,61103,61103,47.353,,,92,7874,148,1.943,False,24.36,
RecSys2015,12935,70442,214826705,214705550,0.01,fixed,14.042958,0.0000007966,7372,61103,61103,47.353,,,10,1749,14,0.355,False,133.46,
RecSys2015,12935,70442,214826705,214705550,0.1,fixed,14.042958,0.0000007966,7372,61103,61103,47.353,,,2,350,2,0.065,False,733.02,
RecSys2015,12935,70442,214826705,214705550,0.5,fixed,14.042958,0.0000007966,7372,61103,61103,47.353,,,1,239,0,0.044,False,1086.08,
RecSys2015,12935,70442,214826705,214705550,7.9656e-08,adaptive,14.042958,0.0000007966,7372,61103,61103,47.353,14.042958,0.0000007966,7372,61103,60454,49.217,True,0.96,0.0
RecSys2015,12935,70442,214826705,214705550,2.38969e-07,adaptive,14.042958,0.0000007966,7372,61103,61103,47.353,14.042958,0.0000007966,7372,61103,53749,40.105,True,1.18,0.0
RecSys2015,12935,70442,214826705,214705550,3.98282e-07,adaptive,14.042958,0.0000007966,7372,61103,61103,47.353,14.042958,0.0000007966,7372,61103,47213,42.114,True,1.12,0.0
RecSys2015,12935,70442,214826705,214705550,5.57595e-07,adaptive,14.042958,0.0000007966,7372,61103,61103,47.353,14.042958,0.0000007966,7372,61103,42060,36.328,True,1.3,0.0
RecSys2015,12935,70442,214826705,214705550,7.16908e-07,adaptive,14.042958,0.0000007966,7372,61103,61103,47.353,14.042958,0.0000007966,7372,61103,37988,36.67,True,1.29,0.0
RecSys2015,12935,70442,214826705,214705550,7.56736e-07,adaptive,14.042958,0.0000007966,7372,61103,61103,47.353,14.042958,0.0000007966,7372,61103,37311,37.598,True,1.26,0.0
RecSys2015,12935,70442,214826705,214705550,7.88598e-07,adaptive,14.042958,0.0000007966,7372,61103,61103,47.353,14.042958,0.0000007966,7372,61103,36724,38.121,True,1.24,0.0
RecSys2015,12935,70442,214826705,214705550,7.96564e-07,adaptive,14.042958,0.0000007966,7372,61103,61103,47.353,,,7369,61098,36605,40.627,False,1.17,
RecSys2015,12935,70442,214826705,214705550,8.7622e-07,adaptive,14.042958,0.0000007966,7372,61103,61103,47.353,,,7173,60550,35251,34.413,False,1.38,
RecSys2015,12935,70442,214717003,214536890,0.0001,fixed,14.208352,0.0000006751,7698,61729,61729,41.329,,,511,13971,1209,3.858,False,10.71,
RecSys2015,12935,70442,214717003,214536890,0.001,fixed,14.208352,0.0000006751,7698,61729,61729,41.329,,,47,3010,123,0.616,False,67.14,
RecSys2015,12935,70442,214717003,214536890,0.01,fixed,14.208352,0.0000006751,7698,61729,61729,41.329,,,13,957,20,0.129,False,320.38,
RecSys2015,12935,70442,214717003,214536890,0.1,fixed,14.208352,0.0000006751,7698,61729,61729,41.329,,,2,251,2,0.031,False,1316.21,
RecSys2015,12935,70442,214717003,214536890,0.5,fixed,14.208352,0.0000006751,7698,61729,61729,41.329,,,1,176,0,0.022,False,1895.83,
RecSys2015,12935,70442,214717003,214536890,6.7514e-08,adaptive,14.208352,0.0000006751,7698,61729,61729,41.329,14.208352,0.0000006751,7698,61729,59819,45.822,True,0.9,0.0
RecSys2015,12935,70442,214717003,214536890,2.02541e-07,adaptive,14.208352,0.0000006751,7698,61729,61729,41.329,14.208352,0.0000006751,7698,61729,50133,40.438,True,1.02,0.0
RecSys2015,12935,70442,214717003,214536890,3.37568e-07,adaptive,14.208352,0.0000006751,7698,61729,61729,41.329,14.208352,0.0000006751,7698,61729,42634,37.93,True,1.09,0.0
RecSys2015,12935,70442,214717003,214536890,4.72595e-07,adaptive,14.208352,0.0000006751,7698,61729,61729,41.329,14.208352,0.0000006751,7698,61729,37458,48.482,True,0.85,0.0
RecSys2015,12935,70442,214717003,214536890,6.07622e-07,adaptive,14.208352,0.0000006751,7698,61729,61729,41.329,14.208352,0.0000006751,7698,61729,33675,36.889,True,1.12,0.0
RecSys2015,12935,70442,214717003,214536890,6.41379e-07,adaptive,14.208352,0.0000006751,7698,61729,61729,41.329,14.208352,0.0000006751,7698,61729,32808,37.72,True,1.1,0.0
RecSys2015,12935,70442,214717003,214536890,6.68384e-07,adaptive,14.208352,0.0000006751,7698,61729,61729,41.329,14.208352,0.0000006751,7698,61729,32282,36.44,True,1.13,0.0
RecSys2015,12935,70442,214717003,214536890,6.75136e-07,adaptive,14.208352,0.0000006751,7698,61729,61729,41.329,,,7696,61725,32065,47.44,False,0.87,
RecSys2015,12935,70442,214717003,214536890,7.42649e-07,adaptive,14.208352,0.0000006751,7698,61729,61729,41.329,,,7517,61237,30803,51.727,False,0.8,
RecSys2015,12935,70442,214821277,214715544,0.0001,fixed,14.459028,0.0000005254,8125,62731,62731,66.263,,,462,18306,1149,7.507,False,8.83,
RecSys2015,12935,70442,214821277,214715544,0.001,fixed,14.459028,0.0000005254,8125,62731,62731,66.263,,,73,6586,134,2.139,False,30.99,
RecSys2015,12935,70442,214821277,214715544,0.01,fixed,14.459028,0.0000005254,8125,62731,62731,66.263,,,11,1595,15,0.395,False,167.67,
RecSys2015,12935,70442,214821277,214715544,0.1,fixed,14.459028,0.0000005254,8125,62731,62731,66.263,,,1,190,1,0.042,False,1581.46,
RecSys2015,12935,70442,214821277,214715544,0.5,fixed,14.459028,0.0000005254,8125,62731,62731,66.263,,,1,190,0,0.04,False,1644.25,
RecSys2015,12935,70442,214821277,214715544,5.2544e-08,adaptive,14.459028,0.0000005254,8125,62731,62731,66.263,14.459028,0.0000005254,8125,62731,61993,83.976,True,0.79,0.0
RecSys2015,12935,70442,214821277,214715544,1.57632e-07,adaptive,14.459028,0.0000005254,8125,62731,62731,66.263,14.459028,0.0000005254,8125,62731,56470,55.293,True,1.2,0.0
RecSys2015,12935,70442,214821277,214715544,2.6272e-07,adaptive,14.459028,0.0000005254,8125,62731,62731,66.263,14.459028,0.0000005254,8125,62731,50581,57.884,True,1.14,0.0
RecSys2015,12935,70442,214821277,214715544,3.67809e-07,adaptive,14.459028,0.0000005254,8125,62731,62731,66.263,14.459028,0.0000005254,8125,62731,45718,42.841,True,1.55,0.0
RecSys2015,12935,70442,214821277,214715544,4.72897e-07,adaptive,14.459028,0.0000005254,8125,62731,62731,66.263,14.459028,0.0000005254,8125,62731,42181,69.87,True,0.95,0.0
RecSys2015,12935,70442,214821277,214715544,4.99169e-07,adaptive,14.459028,0.0000005254,8125,62731,62731,66.263,14.459028,0.0000005254,8125,62731,41254,51.65,True,1.28,0.0
RecSys2015,12935,70442,214821277,214715544,5.20186e-07,adaptive,14.459028,0.0000005254,8125,62731,62731,66.263,14.459028,0.0000005254,8125,62731,40741,36.766,True,1.8,0.0
RecSys2015,12935,70442,214821277,214715544,5.25441e-07,adaptive,14.459028,0.0000005254,8125,62731,62731,66.263,,,8122,62729,40474,38.246,False,1.73,
RecSys2015,12935,70442,214821277,214715544,5.77985e-07,adaptive,14.459028,0.0000005254,8125,62731,62731,66.263,,,7936,62316,39041,37.04,False,1.79,
